"Intersection","Gene","Gene_Function"
"Wounded_0h vs Control_0h","pdam_00008890","aceA: Isocitrate lyase (Bacillus halodurans (strain ATCC BAA-125 / DSM 18197 / FERM 7344 / JCM 9153 / C-125))"
"Wounded_1h vs Control_1h","pdam_00000218","Acidic skeletal organic matrix protein (Acropora millepora)"
"Wounded_2h vs Control_2h","pdam_00001132","Mucin-like protein (Fragment) (Acropora millepora)"
"Wounded_4h vs Control_4h","pdam_00009262","Adam26a: Disintegrin and metalloproteinase domain-containing protein 26A (Mus musculus)"
"Wounded_4h vs Control_4h","pdam_00007444","Dennd5b: DENN domain-containing protein 5B (Mus musculus)"
"Wounded_4h vs Control_4h","pdam_00023245","unknown function"
"Wounded_4h vs Control_4h","pdam_00003702","Pigl: N-acetylglucosaminyl-phosphatidylinositol de-N-acetylase (Rattus norvegicus)"
"Wounded_4h vs Control_4h","pdam_00003765","Spon2: Spondin-2 (Rattus norvegicus)"
"Wounded_4h vs Control_4h","pdam_00015412","mgm101: Mitochondrial genome maintenance protein mgm101 homolog (Dictyostelium discoideum)"
"Wounded_4h vs Control_4h","pdam_00000346","PXDN: Peroxidasin homolog (Homo sapiens)"
"Wounded_4h vs Control_4h","pdam_00012672","Arl5b: ADP-ribosylation factor-like protein 5B (Mus musculus)"
"Wounded_4h vs Control_4h","pdam_00013889","unknown function"
"Wounded_4h vs Control_4h","pdam_00013382","RpL36: 60S ribosomal protein L36 (Ixodes scapularis)"
"Wounded_4h vs Control_4h","pdam_00003430","PAFAH1B2: Platelet-activating factor acetylhydrolase IB subunit beta (Pongo abelii)"
"Wounded_4h vs Control_4h","pdam_00003477","GPC1: Glypican-1 (Gallus gallus)"
"Wounded_4h vs Control_4h","pdam_00000771","Rpl17: 60S ribosomal protein L17 (Rattus norvegicus)"
"Wounded_4h vs Control_4h","pdam_00004318","COMMD5: COMM domain-containing protein 5 (Homo sapiens)"
"Wounded_4h vs Control_4h","pdam_00021365","rpl24: 60S ribosomal protein L24 (Gillichthys mirabilis)"
"Wounded_4h vs Control_4h","pdam_00018517","unknown function"
"Wounded_4h vs Control_4h","pdam_00018518","unknown function"
"Wounded_4h vs Control_4h","pdam_00000145","unknown function"
"Wounded_4h vs Control_4h","pdam_00005383","unknown function"
"Wounded_4h vs Control_4h","pdam_00007409","unknown function"
"Wounded_4h vs Control_4h","pdam_00014651","unknown function"
"Wounded_4h vs Control_4h","pdam_00015181","H-RAS: GTPase HRas (Murine sarcoma virus NS.C58)"
"Wounded_4h vs Control_4h","pdam_00011819","RINT1: RAD50-interacting protein 1 (Homo sapiens)"
"Wounded_4h vs Control_4h","pdam_00009107","slc38a7: Putative sodium-coupled neutral amino acid transporter 7 (Danio rerio)"
"Wounded_4h vs Control_4h","pdam_00013327","chmp1b: Charged multivesicular body protein 1b (Danio rerio)"
"Wounded_4h vs Control_4h","pdam_00008222","unknown function"
"Wounded_4h vs Control_4h","pdam_00008229","unknown function"
"Wounded_4h vs Control_4h","pdam_00022994","unknown function"
"Wounded_4h vs Control_4h","pdam_00008739","asic1a: Acid-sensing ion channel 1A (Danio rerio)"
"Wounded_4h vs Control_4h","pdam_00001888","Trpc4: Short transient receptor potential channel 4 (Rattus norvegicus)"
"Wounded_4h vs Control_4h","pdam_00020091","unknown function"
"Wounded_4h vs Control_4h","pdam_00008903","VKORC1L1: Vitamin K epoxide reductase complex subunit 1-like protein 1 (Homo sapiens)"
"Wounded_4h vs Control_4h","pdam_00007559","G-protein coupled receptor GRL101 (Lymnaea stagnalis)"
"Wounded_4h vs Control_4h","pdam_00007177","RPL26: 60S ribosomal protein L26 (Littorina littorea)"
"Wounded_4h vs Control_4h","pdam_00012802","Hephaestin-like protein (Acropora millepora)"
"Wounded_4h vs Control_4h","pdam_00022296","Tor1b: Torsin-1B (Mus musculus)"
"Wounded_4h vs Control_4h","pdam_00016757","fam214a: Protein FAM214A (Xenopus tropicalis)"
"Wounded_4h vs Control_4h","pdam_00001465","Moxd1: DBH-like monooxygenase protein 1 (Mus musculus)"
"Wounded_4h vs Control_4h","pdam_00005279","Carbamoyl-phosphate synthase [ammonia]%2C mitochondrial (Lithobates catesbeiana)"
"Wounded_4h vs Control_4h","pdam_00025016","unknown function"
"Wounded_4h vs Control_4h","pdam_00003081","unknown function"
"Wounded_4h vs Control_4h","pdam_00006250","ZDHHC16: Probable palmitoyltransferase ZDHHC16 (Macaca fascicularis)"
"Wounded_4h vs Control_4h","pdam_00006248","unknown function"
"Wounded_4h vs Control_4h","pdam_00014319","ABCB4: Phosphatidylcholine translocator ABCB4 (Homo sapiens)"
"Wounded_4h vs Control_4h","pdam_00005899","UGT2B7: UDP-glucuronosyltransferase 2B7 (Homo sapiens)"
"Wounded_4h vs Control_4h","pdam_00002503","Histone H2A (Acropora formosa)"
"Wounded_4h vs Control_4h","pdam_00004955","FOXI1: Forkhead box protein I1 (Homo sapiens)"
"Wounded_4h vs Control_4h","pdam_00004981","FBL4: F-box/LRR-repeat protein 4 (Arabidopsis thaliana)"
"Wounded_4h vs Control_4h","pdam_00015392","abcB1: ABC transporter B family member 1 (Dictyostelium discoideum)"
"Wounded_4h vs Control_4h","pdam_00015396","RPS27A: Ubiquitin-40S ribosomal protein S27a (Gallus gallus)"
"Wounded_4h vs Control_4h","pdam_00021716","DPH7: Diphthine methyltransferase (Homo sapiens)"
"Wounded_4h vs Control_4h","pdam_00002441","tf: Serotransferrin (Paralichthys olivaceus)"
"Wounded_4h vs Control_4h","pdam_00002413","Lyrm4: LYR motif-containing protein 4 (Mus musculus)"
"Wounded_4h vs Control_4h","pdam_00022757","unknown function"
"Wounded_4h vs Control_4h","pdam_00019696","v1g228490: NAD(P)H-hydrate epimerase (Nematostella vectensis)"
"Wounded_4h vs Control_4h","pdam_00001099","unknown function"
"Wounded_4h vs Control_4h","pdam_00010782","Rhamnose-binding lectin (Silurus asotus)"
"Wounded_4h vs Control_4h","pdam_00012400","PAP9: Probable inactive purple acid phosphatase 9 (Arabidopsis thaliana)"
"Wounded_4h vs Control_4h","pdam_00017000","ZP domain-containing protein (Acropora millepora)"
"Wounded_4h vs Control_4h","pdam_00007957","Rpl12: 60S ribosomal protein L12 (Rattus norvegicus)"
"Wounded_4h vs Control_4h","pdam_00007934","NPR1: Atrial natriuretic peptide receptor 1 (Homo sapiens)"
"Wounded_4h vs Control_4h","pdam_00018595","FCER2: Low affinity immunoglobulin epsilon Fc receptor (Homo sapiens)"
"Wounded_4h vs Control_4h","pdam_00001732","rpl31: 60S ribosomal protein L31 (Paralichthys olivaceus)"
"Wounded_4h vs Control_4h","pdam_00019317","unknown function"
"Wounded_4h vs Control_4h","pdam_00014761","unknown function"
"Wounded_4h vs Control_4h","pdam_00014764","PF11_0240: Dynein heavy chain-like protein PF11_0240 (Plasmodium falciparum (isolate 3D7))"
"Wounded_4h vs Control_4h","pdam_00004042","micu1: Calcium uptake protein 1%2C mitochondrial (Xenopus tropicalis)"
"Wounded_4h vs Control_4h","pdam_00017495","RABGGTA: Geranylgeranyl transferase type-2 subunit alpha (Sus scrofa)"
"Wounded_4h vs Control_4h","pdam_00024190","DMBT1: Deleted in malignant brain tumors 1 protein (Homo sapiens)"
"Wounded_4h vs Control_4h","pdam_00003892","selenbp1: Selenium-binding protein 1 (Xenopus tropicalis)"
"Wounded_4h vs Control_4h","pdam_00003931","unknown function"
"Wounded_4h vs Control_4h","pdam_00003300","aldh1l1: Cytosolic 10-formyltetrahydrofolate dehydrogenase (Xenopus laevis)"
"Wounded_4h vs Control_4h","pdam_00006106","unknown function"
"Wounded_4h vs Control_4h","pdam_00020173","unknown function"
"Wounded_4h vs Control_4h","pdam_00002938","unknown function"
"Wounded_4h vs Control_4h","pdam_00023274","Nrg2: Pro-neuregulin-2%2C membrane-bound isoform (Rattus norvegicus)"
"Wounded_4h vs Control_4h","pdam_00008674","unknown function"
"Wounded_4h vs Control_4h","pdam_00004204","cdc14ab: Dual specificity protein phosphatase CDC14AB (Danio rerio)"
"Wounded_1h vs Wounded_0h","pdam_00025762","TTC28: Tetratricopeptide repeat protein 28 (Homo sapiens)"
"Wounded_1h vs Wounded_0h","pdam_00015992","unknown function"
"Wounded_1h vs Wounded_0h","pdam_00016097","MIIP: Migration and invasion-inhibitory protein (Homo sapiens)"
"Wounded_1h vs Wounded_0h","pdam_00008334","unknown function"
"Wounded_1h vs Wounded_0h","pdam_00013434","RSPH10B2: Radial spoke head 10 homolog B2 (Homo sapiens)"
"Wounded_1h vs Wounded_0h","pdam_00013407","Cpsf2: Cleavage and polyadenylation specificity factor subunit 2 (Mus musculus)"
"Wounded_1h vs Wounded_0h","pdam_00011620","yvdP: Uncharacterized FAD-linked oxidoreductase YvdP (Bacillus subtilis (strain 168))"
"Wounded_1h vs Wounded_0h","pdam_00008126","Kif12: Kinesin-like protein KIF12 (Mus musculus)"
"Wounded_1h vs Wounded_0h","pdam_00011684","s1pr1: Sphingosine 1-phosphate receptor 1 (Danio rerio)"
"Wounded_1h vs Wounded_0h","pdam_00003701","unknown function"
"Wounded_1h vs Wounded_0h","pdam_00003728","Tango2: Transport and Golgi organization 2 homolog (Mus musculus)"
"Wounded_1h vs Wounded_0h","pdam_00018795","unknown function"
"Wounded_1h vs Wounded_0h","pdam_00015409","PLEKHG4: Puratrophin-1 (Homo sapiens)"
"Wounded_1h vs Wounded_0h","pdam_00004610","unknown function"
"Wounded_1h vs Wounded_0h","pdam_00008041","Rcan3: Calcipressin-3 (Mus musculus)"
"Wounded_1h vs Wounded_0h","pdam_00012647","ZSWIM2: E3 ubiquitin-protein ligase ZSWIM2 (Homo sapiens)"
"Wounded_1h vs Wounded_0h","pdam_00023857","ywrD: Putative gamma-glutamyltransferase YwrD (Bacillus subtilis (strain 168))"
"Wounded_1h vs Wounded_0h","pdam_00011391","Slc8a1: Sodium/calcium exchanger 1 (Rattus norvegicus)"
"Wounded_1h vs Wounded_0h","pdam_00011419","unknown function"
"Wounded_1h vs Wounded_0h","pdam_00010773","Lca5: Lebercilin (Mus musculus)"
"Wounded_1h vs Wounded_0h","pdam_00016695","unknown function"
"Wounded_1h vs Wounded_0h","pdam_00012073","SLC7A2: Cationic amino acid transporter 2 (Homo sapiens)"
"Wounded_1h vs Wounded_0h","pdam_00003343","Anp32b: Acidic leucine-rich nuclear phosphoprotein 32 family member B (Mus musculus)"
"Wounded_1h vs Wounded_0h","pdam_00003331","mthl1: Probable G-protein coupled receptor Mth-like 1 (Drosophila melanogaster)"
"Wounded_1h vs Wounded_0h","pdam_00014916","unknown function"
"Wounded_1h vs Wounded_0h","pdam_00001512","unknown function"
"Wounded_1h vs Wounded_0h","pdam_00001518","Gpn2: GPN-loop GTPase 2 (Rattus norvegicus)"
"Wounded_1h vs Wounded_0h","pdam_00001540","NUP43: Nucleoporin Nup43 (Homo sapiens)"
"Wounded_1h vs Wounded_0h","pdam_00011881","unknown function"
"Wounded_1h vs Wounded_0h","pdam_00003506","Shaw: Potassium voltage-gated channel protein Shaw (Drosophila melanogaster)"
"Wounded_1h vs Wounded_0h","pdam_00007521","Efcab10: EF-hand calcium-binding domain-containing protein 10 (Mus musculus)"
"Wounded_1h vs Wounded_0h","pdam_00007511","OPN4: Melanopsin (Phodopus sungorus)"
"Wounded_1h vs Wounded_0h","pdam_00017840","xkr8: XK-related protein 8 (Tetraodon nigroviridis)"
"Wounded_1h vs Wounded_0h","pdam_00017838","ANXA6: Annexin A6 (Bos taurus)"
"Wounded_1h vs Wounded_0h","pdam_00016267","DELTA-alicitoxin-Pse2b (Phyllodiscus semoni)"
"Wounded_1h vs Wounded_0h","pdam_00000869","Pex11a: Peroxisomal membrane protein 11A (Rattus norvegicus)"
"Wounded_1h vs Wounded_0h","pdam_00023036","Ppp4r4: Serine/threonine-protein phosphatase 4 regulatory subunit 4 (Mus musculus)"
"Wounded_1h vs Wounded_0h","pdam_00014501","MAN2A2: Alpha-mannosidase 2x (Homo sapiens)"
"Wounded_1h vs Wounded_0h","pdam_00021868","STARD9: StAR-related lipid transfer protein 9 (Homo sapiens)"
"Wounded_1h vs Wounded_0h","pdam_00003619","Tsnaxip1: Translin-associated factor X-interacting protein 1 (Mus musculus)"
"Wounded_1h vs Wounded_0h","pdam_00025947","Mfsd6: Major facilitator superfamily domain-containing protein 6 (Mus musculus)"
"Wounded_1h vs Wounded_0h","pdam_00002144","SOX14: Transcription factor SOX-14 (Macaca fascicularis)"
"Wounded_1h vs Wounded_0h","pdam_00014990","Lrrk1: Leucine-rich repeat serine/threonine-protein kinase 1 (Mus musculus)"
"Wounded_1h vs Wounded_0h","pdam_00010140","Gart: Trifunctional purine biosynthetic protein adenosine-3 (Mus musculus)"
"Wounded_1h vs Wounded_0h","pdam_00010173","foxo3: Forkhead box protein O3 (Xenopus laevis)"
"Wounded_1h vs Wounded_0h","pdam_00000529","ttc34: Tetratricopeptide repeat protein 34 (Xenopus laevis)"
"Wounded_1h vs Wounded_0h","pdam_00000653","HOP1: Hsp70-Hsp90 organizing protein 1 (Arabidopsis thaliana)"
"Wounded_1h vs Wounded_0h","pdam_00000675","unknown function"
"Wounded_1h vs Wounded_0h","pdam_00019365","trim71: E3 ubiquitin-protein ligase TRIM71 (Xenopus tropicalis)"
"Wounded_1h vs Wounded_0h","pdam_00017009","unknown function"
"Wounded_1h vs Wounded_0h","pdam_00017029","CG4766: Protein mab-21-like (Drosophila melanogaster)"
"Wounded_1h vs Wounded_0h","pdam_00012925","zgc:110063: UPF0454 protein C12orf49 homolog (Danio rerio)"
"Wounded_1h vs Wounded_0h","pdam_00018527","BRD1: Bromodomain-containing protein 1 (Homo sapiens)"
"Wounded_1h vs Wounded_0h","pdam_00005487","PGM2: Phosphoglucomutase-2 (Pongo abelii)"
"Wounded_1h vs Wounded_0h","pdam_00005513","Ccni: Cyclin-I (Mus musculus)"
"Wounded_1h vs Wounded_0h","pdam_00000150","Matn4: Matrilin-4 (Mus musculus)"
"Wounded_1h vs Wounded_0h","pdam_00005439","unknown function"
"Wounded_1h vs Wounded_0h","pdam_00004733","unknown function"
"Wounded_1h vs Wounded_0h","pdam_00010257","ACOT13: Acyl-coenzyme A thioesterase 13 (Pongo abelii)"
"Wounded_1h vs Wounded_0h","pdam_00019665","ccdc176: Basal body-orientation factor 1 (Xenopus laevis)"
"Wounded_1h vs Wounded_0h","pdam_00011834","C7orf62: Uncharacterized protein C7orf62 (Homo sapiens)"
"Wounded_1h vs Wounded_0h","pdam_00013982","DDX55: ATP-dependent RNA helicase DDX55 (Gallus gallus)"
"Wounded_1h vs Wounded_0h","pdam_00014637","TRIM71: E3 ubiquitin-protein ligase TRIM71 (Gallus gallus)"
"Wounded_1h vs Wounded_0h","pdam_00022019","tth-1: Thymosin beta (Caenorhabditis elegans)"
"Wounded_1h vs Wounded_0h","pdam_00014726","unknown function"
"Wounded_1h vs Wounded_0h","pdam_00006795","Akap14: A-kinase anchor protein 14 (Rattus norvegicus)"
"Wounded_1h vs Wounded_0h","pdam_00017397","NMT1: Phosphoethanolamine N-methyltransferase 1 (Arabidopsis thaliana)"
"Wounded_1h vs Wounded_0h","pdam_00017398","metB: Cystathionine gamma-synthase (Helicobacter pylori)"
"Wounded_1h vs Wounded_0h","pdam_00019714","MC1R: Melanocyte-stimulating hormone receptor (Saimiri oerstedii)"
"Wounded_1h vs Wounded_0h","pdam_00010198","SMIM15: Small integral membrane protein 15 (Gallus gallus)"
"Wounded_1h vs Wounded_0h","pdam_00024751","PKD1L2: Polycystic kidney disease protein 1-like 2 (Homo sapiens)"
"Wounded_1h vs Wounded_0h","pdam_00004029","Gabbr1: Gamma-aminobutyric acid type B receptor subunit 1 (Mus musculus)"
"Wounded_1h vs Wounded_0h","pdam_00003996","GPR83: Probable G-protein coupled receptor 83 (Homo sapiens)"
"Wounded_1h vs Wounded_0h","pdam_00011870","unknown function"
"Wounded_1h vs Wounded_0h","pdam_00007552","COPE: Coatomer subunit epsilon (Bos taurus)"
"Wounded_1h vs Wounded_0h","pdam_00019602","unknown function"
"Wounded_1h vs Wounded_0h","pdam_00007197","Gsg2: Serine/threonine-protein kinase haspin (Mus musculus)"
"Wounded_1h vs Wounded_0h","pdam_00011169","Pacrg: Parkin coregulated gene protein homolog (Mus musculus)"
"Wounded_1h vs Wounded_0h","pdam_00002320","tctex1d1-b: Tctex1 domain-containing protein 1-B (Fragment) (Xenopus laevis)"
"Wounded_1h vs Wounded_0h","pdam_00006214","morn5: MORN repeat-containing protein 5 (Xenopus tropicalis)"
"Wounded_1h vs Wounded_0h","pdam_00006154","Celsr3: Cadherin EGF LAG seven-pass G-type receptor 3 (Rattus norvegicus)"
"Wounded_1h vs Wounded_0h","pdam_00012526","KCNC1: Potassium voltage-gated channel subfamily C member 1 (Homo sapiens)"
"Wounded_1h vs Wounded_0h","pdam_00010525","LSM7: U6 snRNA-associated Sm-like protein LSm7 (Homo sapiens)"
"Wounded_1h vs Wounded_0h","pdam_00017422","TSHR: Thyrotropin receptor (Homo sapiens)"
"Wounded_1h vs Wounded_0h","pdam_00009518","bap1: Ubiquitin carboxyl-terminal hydrolase BAP1 (Xenopus laevis)"
"Wounded_1h vs Wounded_0h","pdam_00022061","HNRNPUL1: Heterogeneous nuclear ribonucleoprotein U-like protein 1 (Homo sapiens)"
"Wounded_1h vs Wounded_0h","pdam_00001457","Med20: Mediator of RNA polymerase II transcription subunit 20 (Mus musculus)"
"Wounded_1h vs Wounded_0h","pdam_00016495","unknown function"
"Wounded_1h vs Wounded_0h","pdam_00009328","Dhx40: Probable ATP-dependent RNA helicase DHX40 (Mus musculus)"
"Wounded_1h vs Wounded_0h","pdam_00009337","Ccdc96: Coiled-coil domain-containing protein 96 (Mus musculus)"
"Wounded_1h vs Wounded_0h","pdam_00009314","Adora1: Adenosine receptor A1 (Rattus norvegicus)"
"Wounded_1h vs Wounded_0h","pdam_00006420","unknown function"
"Wounded_1h vs Wounded_0h","pdam_00002642","PARP14: Poly [ADP-ribose] polymerase 14 (Homo sapiens)"
"Wounded_1h vs Wounded_0h","pdam_00018573","Srsf3: Serine/arginine-rich splicing factor 3 (Mus musculus)"
"Wounded_1h vs Wounded_0h","pdam_00003096","Lrrc34: Leucine-rich repeat-containing protein 34 (Rattus norvegicus)"
"Wounded_1h vs Wounded_0h","pdam_00016472","CCDC173: Coiled-coil domain-containing protein 173 (Homo sapiens)"
"Wounded_1h vs Wounded_0h","pdam_00006251","SCPEP1: Retinoid-inducible serine carboxypeptidase (Homo sapiens)"
"Wounded_1h vs Wounded_0h","pdam_00011018","otud5a: OTU domain-containing protein 5-A (Danio rerio)"
"Wounded_1h vs Wounded_0h","pdam_00011051","F5: Coagulation factor V (Bos taurus)"
"Wounded_1h vs Wounded_0h","pdam_00020164","HINFP: Histone H4 transcription factor (Bos taurus)"
"Wounded_1h vs Wounded_0h","pdam_00000913","Hcrtr1: Orexin receptor type 1 (Mus musculus)"
"Wounded_1h vs Wounded_0h","pdam_00005126","unknown function"
"Wounded_1h vs Wounded_0h","pdam_00020614","LACTBL1: Putative beta-lactamase-like 1 (Homo sapiens)"
"Wounded_1h vs Wounded_0h","pdam_00012822","v1g243165: UPF0518 protein v1g243165 (Nematostella vectensis)"
"Wounded_1h vs Wounded_0h","pdam_00005235","unknown function"
"Wounded_1h vs Wounded_0h","pdam_00002495","usp10: Ubiquitin carboxyl-terminal hydrolase 10 (Xenopus tropicalis)"
"Wounded_1h vs Wounded_0h","pdam_00002532","MED10: Mediator of RNA polymerase II transcription subunit 10 (Pongo abelii)"
"Wounded_1h vs Wounded_0h","pdam_00015394","FBXW7: F-box/WD repeat-containing protein 7 (Homo sapiens)"
"Wounded_1h vs Wounded_0h","pdam_00019576","IGFALS: Insulin-like growth factor-binding protein complex acid labile subunit (Homo sapiens)"
"Wounded_1h vs Wounded_0h","pdam_00023092","GEMIN6: Gem-associated protein 6 (Homo sapiens)"
"Wounded_1h vs Wounded_0h","pdam_00006961","Fmo5: Dimethylaniline monooxygenase [N-oxide-forming] 5 (Rattus norvegicus)"
"Wounded_1h vs Wounded_0h","pdam_00007008","Zmat2: Zinc finger matrin-type protein 2 (Mus musculus)"
"Wounded_1h vs Wounded_0h","pdam_00009473","RYa-R: RYamide receptor (Drosophila melanogaster)"
"Wounded_1h vs Wounded_0h","pdam_00009202","poxA: Peroxinectin A (Dictyostelium discoideum)"
"Wounded_1h vs Wounded_0h","pdam_00017449","G-protein coupled receptor GRL101 (Lymnaea stagnalis)"
"Wounded_1h vs Wounded_0h","pdam_00022134","unknown function"
"Wounded_1h vs Wounded_0h","pdam_00001089","unknown function"
"Wounded_1h vs Wounded_0h","pdam_00001101","unknown function"
"Wounded_1h vs Wounded_0h","pdam_00001087","Tdrkh: Tudor and KH domain-containing protein (Mus musculus)"
"Wounded_1h vs Wounded_0h","pdam_00013825","TMEM26: Transmembrane protein 26 (Homo sapiens)"
"Wounded_1h vs Wounded_0h","pdam_00017871","SIRT5: NAD-dependent protein deacylase sirtuin-5%2C mitochondrial (Canis lupus familiaris)"
"Wounded_1h vs Wounded_0h","pdam_00011333","unknown function"
"Wounded_1h vs Wounded_0h","pdam_00011337","POLH: DNA polymerase eta (Homo sapiens)"
"Wounded_1h vs Wounded_0h","pdam_00002751","unknown function"
"Wounded_1h vs Wounded_0h","pdam_00024072","GLG1: Golgi apparatus protein 1 (Gallus gallus)"
"Wounded_1h vs Wounded_0h","pdam_00010510","unknown function"
"Wounded_1h vs Wounded_0h","pdam_00013683","Melatonin receptor type 1C (Gallus gallus)"
"Wounded_1h vs Wounded_0h","pdam_00007932","MFAP1: Microfibrillar-associated protein 1 (Bos taurus)"
"Wounded_1h vs Wounded_0h","pdam_00012140","Npffr2: Neuropeptide FF receptor 2 (Rattus norvegicus)"
"Wounded_1h vs Wounded_0h","pdam_00001649","Ano7: Anoctamin-7 (Rattus norvegicus)"
"Wounded_1h vs Wounded_0h","pdam_00020577","Hmcn1: Hemicentin-1 (Mus musculus)"
"Wounded_1h vs Wounded_0h","pdam_00004684","CTDP1: RNA polymerase II subunit A C-terminal domain phosphatase (Homo sapiens)"
"Wounded_1h vs Wounded_0h","pdam_00011571","Cd63: CD63 antigen (Rattus norvegicus)"
"Wounded_1h vs Wounded_0h","pdam_00011921","unknown function"
"Wounded_1h vs Wounded_0h","pdam_00011918","Hcfc1: Host cell factor 1 (Mus musculus)"
"Wounded_1h vs Wounded_0h","pdam_00011949","SPATA4: Spermatogenesis-associated protein 4 (Pan troglodytes)"
"Wounded_1h vs Wounded_0h","pdam_00014195","mif-2: MIF-like protein mif-2 (Caenorhabditis elegans)"
"Wounded_1h vs Wounded_0h","pdam_00020065","rad54l2: Helicase ARIP4 (Xenopus tropicalis)"
"Wounded_1h vs Wounded_0h","pdam_00020418","LRP8: Low-density lipoprotein receptor-related protein 8 (Gallus gallus)"
"Wounded_1h vs Wounded_0h","pdam_00016165","Baz1a: Bromodomain adjacent to zinc finger domain protein 1A (Mus musculus)"
"Wounded_1h vs Wounded_0h","pdam_00025814","TTC4: Tetratricopeptide repeat protein 4 (Bos taurus)"
"Wounded_1h vs Wounded_0h","pdam_00015759","unknown function"
"Wounded_1h vs Wounded_0h","pdam_00009608","SHL2: Probable RNA-dependent RNA polymerase SHL2 (Oryza sativa subsp. japonica)"
"Wounded_1h vs Wounded_0h","pdam_00009617","PARPBP: PCNA-interacting partner (Bos taurus)"
"Wounded_1h vs Wounded_0h","pdam_00018243","fkbp1a: Peptidyl-prolyl cis-trans isomerase FKBP1A (Xenopus laevis)"
"Wounded_1h vs Wounded_0h","pdam_00018228","trim71: E3 ubiquitin-protein ligase TRIM71 (Danio rerio)"
"Wounded_1h vs Wounded_0h","pdam_00013755","Acsm3: Acyl-coenzyme A synthetase ACSM3%2C mitochondrial (Rattus norvegicus)"
"Wounded_1h vs Wounded_0h","pdam_00006024","Sh2d4a: SH2 domain-containing protein 4A (Rattus norvegicus)"
"Wounded_1h vs Wounded_0h","pdam_00016714","BRAFLDRAFT_58504: Anamorsin homolog (Branchiostoma floridae)"
"Wounded_1h vs Wounded_0h","pdam_00009952","unknown function"
"Wounded_1h vs Wounded_0h","pdam_00018845","unknown function"
"Wounded_1h vs Wounded_0h","pdam_00007159","Chrac1: Chromatin accessibility complex protein 1 (Mus musculus)"
"Wounded_2h vs Wounded_0h","pdam_00012255","Oma1: Metalloendopeptidase OMA1%2C mitochondrial (Rattus norvegicus)"
"Wounded_2h vs Wounded_0h","pdam_00009291","IPO13: Importin-13 (Gallus gallus)"
"Wounded_2h vs Wounded_0h","pdam_00008160","unknown function"
"Wounded_2h vs Wounded_0h","pdam_00008152","Crhr1: Corticotropin-releasing factor receptor 1 (Rattus norvegicus)"
"Wounded_2h vs Wounded_0h","pdam_00017137","EGF1: Fibropellin-1 (Strongylocentrotus purpuratus)"
"Wounded_2h vs Wounded_0h","pdam_00014849","DSCR3: Down syndrome critical region protein 3 (Homo sapiens)"
"Wounded_2h vs Wounded_0h","pdam_00020872","polg2: DNA polymerase subunit gamma-2%2C mitochondrial (Xenopus laevis)"
"Wounded_2h vs Wounded_0h","pdam_00020880","TRPC5: Short transient receptor potential channel 5 (Homo sapiens)"
"Wounded_2h vs Wounded_0h","pdam_00018214","uba2: SUMO-activating enzyme subunit 2 (Xenopus tropicalis)"
"Wounded_2h vs Wounded_0h","pdam_00007425","HSPA12A: Heat shock 70 kDa protein 12A (Homo sapiens)"
"Wounded_2h vs Wounded_0h","pdam_00007461","RPL44: 60S ribosomal protein L44 (Gossypium hirsutum)"
"Wounded_2h vs Wounded_0h","pdam_00016001","NOTCH2: Neurogenic locus notch homolog protein 2 (Homo sapiens)"
"Wounded_2h vs Wounded_0h","pdam_00015192","BPNT1: 3'(2')%2C5'-bisphosphate nucleotidase 1 (Homo sapiens)"
"Wounded_2h vs Wounded_0h","pdam_00019849","LTA4H: Leukotriene A-4 hydrolase (Homo sapiens)"
"Wounded_2h vs Wounded_0h","pdam_00021257","APIP: Methylthioribulose-1-phosphate dehydratase (Gallus gallus)"
"Wounded_2h vs Wounded_0h","pdam_00020375","wdr1-b: WD repeat-containing protein 1-B (Xenopus laevis)"
"Wounded_2h vs Wounded_0h","pdam_00013203","slr1101: Universal stress protein Slr1101 (Synechocystis sp. (strain PCC 6803 / Kazusa))"
"Wounded_2h vs Wounded_0h","pdam_00013208","efr3b: Protein EFR3 homolog B (Danio rerio)"
"Wounded_2h vs Wounded_0h","pdam_00013566","wdr70: WD repeat-containing protein 70 (Xenopus tropicalis)"
"Wounded_2h vs Wounded_0h","pdam_00013558","unknown function"
"Wounded_2h vs Wounded_0h","pdam_00013583","PR2: Tyrosine-protein kinase PR2 (Drosophila melanogaster)"
"Wounded_2h vs Wounded_0h","pdam_00013576","unknown function"
"Wounded_2h vs Wounded_0h","pdam_00022671","unknown function"
"Wounded_2h vs Wounded_0h","pdam_00019235","unknown function"
"Wounded_2h vs Wounded_0h","pdam_00025999","unknown function"
"Wounded_2h vs Wounded_0h","pdam_00006642","Gmcl1: Germ cell-less protein-like 1 (Mus musculus)"
"Wounded_2h vs Wounded_0h","pdam_00006682","PWP1: Periodic tryptophan protein 1 homolog (Bos taurus)"
"Wounded_2h vs Wounded_0h","pdam_00006654","Taldo: Probable transaldolase (Drosophila melanogaster)"
"Wounded_2h vs Wounded_0h","pdam_00025760","TTC28: Tetratricopeptide repeat protein 28 (Homo sapiens)"
"Wounded_2h vs Wounded_0h","pdam_00013177","AP1M1: AP-1 complex subunit mu-1 (Homo sapiens)"
"Wounded_2h vs Wounded_0h","pdam_00013172","FRZB: Secreted frizzled-related protein 3 (Bos taurus)"
"Wounded_2h vs Wounded_0h","pdam_00008090","unknown function"
"Wounded_2h vs Wounded_0h","pdam_00022518","unknown function"
"Wounded_2h vs Wounded_0h","pdam_00004804","Sowahc: Ankyrin repeat domain-containing protein SOWAHC (Mus musculus)"
"Wounded_2h vs Wounded_0h","pdam_00004803","unknown function"
"Wounded_2h vs Wounded_0h","pdam_00004842","unknown function"
"Wounded_2h vs Wounded_0h","pdam_00023090","MYL9: Myosin regulatory light polypeptide 9 (Bos taurus)"
"Wounded_2h vs Wounded_0h","pdam_00023084","BHMT: Betaine--homocysteine S-methyltransferase 1 (Pongo abelii)"
"Wounded_2h vs Wounded_0h","pdam_00022581","unc93a: Protein unc-93 homolog A (Xenopus laevis)"
"Wounded_2h vs Wounded_0h","pdam_00015861","F13H10.3: Sodium-coupled neutral amino acid transporter 9 homolog (Caenorhabditis elegans)"
"Wounded_2h vs Wounded_0h","pdam_00020947","enpp4: Bis(5'-adenosyl)-triphosphatase enpp4 (Danio rerio)"
"Wounded_2h vs Wounded_0h","pdam_00010989","Phb2: Prohibitin-2 (Rattus norvegicus)"
"Wounded_2h vs Wounded_0h","pdam_00010990","KLHL17: Kelch-like protein 17 (Homo sapiens)"
"Wounded_2h vs Wounded_0h","pdam_00003718","rps21: 40S ribosomal protein S21 (Ictalurus punctatus)"
"Wounded_2h vs Wounded_0h","pdam_00003711","mapre1: Microtubule-associated protein RP/EB family member 1 (Xenopus tropicalis)"
"Wounded_2h vs Wounded_0h","pdam_00003697","Lrrc43: Leucine-rich repeat-containing protein 43 (Mus musculus)"
"Wounded_2h vs Wounded_0h","pdam_00003714","HDAC1: Histone deacetylase 1 (Gallus gallus)"
"Wounded_2h vs Wounded_0h","pdam_00003734","KLHL2: Kelch-like protein 2 (Homo sapiens)"
"Wounded_2h vs Wounded_0h","pdam_00007663","MFSD12: Major facilitator superfamily domain-containing protein 12 (Homo sapiens)"
"Wounded_2h vs Wounded_0h","pdam_00017267","Galr2: Galanin receptor type 2 (Rattus norvegicus)"
"Wounded_2h vs Wounded_0h","pdam_00008969","Park2: E3 ubiquitin-protein ligase parkin (Mus musculus)"
"Wounded_2h vs Wounded_0h","pdam_00008960","unknown function"
"Wounded_2h vs Wounded_0h","pdam_00008961","RPL13A: 60S ribosomal protein L13a (Pongo abelii)"
"Wounded_2h vs Wounded_0h","pdam_00009016","Ryncolin-4 (Cerberus rynchops)"
"Wounded_2h vs Wounded_0h","pdam_00008986","COX19: Cytochrome c oxidase assembly protein COX19 (Bos taurus)"
"Wounded_2h vs Wounded_0h","pdam_00019292","gamt-a: Guanidinoacetate N-methyltransferase A (Xenopus laevis)"
"Wounded_2h vs Wounded_0h","pdam_00024153","pats1: Probable serine/threonine-protein kinase pats1 (Dictyostelium discoideum)"
"Wounded_2h vs Wounded_0h","pdam_00007690","SIX6: Homeobox protein SIX6 (Homo sapiens)"
"Wounded_2h vs Wounded_0h","pdam_00022343","CHST11: Carbohydrate sulfotransferase 11 (Homo sapiens)"
"Wounded_2h vs Wounded_0h","pdam_00010420","PF13_0198: Reticulocyte-binding protein 2 homolog a (Plasmodium falciparum (isolate 3D7))"
"Wounded_2h vs Wounded_0h","pdam_00007774","Pkd1l2: Polycystic kidney disease protein 1-like 2 (Mus musculus)"
"Wounded_2h vs Wounded_0h","pdam_00000410","KCTD10: BTB/POZ domain-containing adapter for CUL3-mediated RhoA degradation protein 3 (Homo sapiens)"
"Wounded_2h vs Wounded_0h","pdam_00008076","chordc1: Cysteine and histidine-rich domain-containing protein 1 (Xenopus laevis)"
"Wounded_2h vs Wounded_0h","pdam_00017618","shep: Protein alan shepard (Drosophila willistoni)"
"Wounded_2h vs Wounded_0h","pdam_00012655","NLGN4Y: Neuroligin-4%2C Y-linked (Homo sapiens)"
"Wounded_2h vs Wounded_0h","pdam_00012668","unknown function"
"Wounded_2h vs Wounded_0h","pdam_00012667","unknown function"
"Wounded_2h vs Wounded_0h","pdam_00023102","unknown function"
"Wounded_2h vs Wounded_0h","pdam_00008452","ISCW010018: Uncharacterized protein NCBP2-AS2 homolog (Ixodes scapularis)"
"Wounded_2h vs Wounded_0h","pdam_00008429","COL9A1: Collagen alpha-1(IX) chain (Homo sapiens)"
"Wounded_2h vs Wounded_0h","pdam_00008407","unknown function"
"Wounded_2h vs Wounded_0h","pdam_00017479","CG12259: Protein FAM50 homolog (Drosophila melanogaster)"
"Wounded_2h vs Wounded_0h","pdam_00023812","unknown function"
"Wounded_2h vs Wounded_0h","pdam_00012101","BR3: Balbiani ring protein 3 (Chironomus tentans)"
"Wounded_2h vs Wounded_0h","pdam_00005815","Sec22a: Vesicle-trafficking protein SEC22a (Rattus norvegicus)"
"Wounded_2h vs Wounded_0h","pdam_00010750","Ptchd3: Patched domain-containing protein 3 (Mus musculus)"
"Wounded_2h vs Wounded_0h","pdam_00010758","SPTBN1: Spectrin beta chain%2C non-erythrocytic 1 (Homo sapiens)"
"Wounded_2h vs Wounded_0h","pdam_00010771","unknown function"
"Wounded_2h vs Wounded_0h","pdam_00016686","PSMA3: Proteasome subunit alpha type-3 (Homo sapiens)"
"Wounded_2h vs Wounded_0h","pdam_00012180","SYT7: Synaptotagmin-7 (Homo sapiens)"
"Wounded_2h vs Wounded_0h","pdam_00012075","HORMAD1: HORMA domain-containing protein 1 (Macaca fascicularis)"
"Wounded_2h vs Wounded_0h","pdam_00003351","ARMC3: Armadillo repeat-containing protein 3 (Homo sapiens)"
"Wounded_2h vs Wounded_0h","pdam_00003402","DYNLT1: Dynein light chain Tctex-type 1 (Homo sapiens)"
"Wounded_2h vs Wounded_0h","pdam_00003408","DNAJC16: DnaJ homolog subfamily C member 16 (Homo sapiens)"
"Wounded_2h vs Wounded_0h","pdam_00003377","M6pr: Cation-dependent mannose-6-phosphate receptor (Rattus norvegicus)"
"Wounded_2h vs Wounded_0h","pdam_00016239","XDH: Xanthine dehydrogenase/oxidase (Gallus gallus)"
"Wounded_2h vs Wounded_0h","pdam_00016249","unknown function"
"Wounded_2h vs Wounded_0h","pdam_00018541","Pde4d: cAMP-specific 3'%2C5'-cyclic phosphodiesterase 4D (Mus musculus)"
"Wounded_2h vs Wounded_0h","pdam_00012041","Scfd1: Sec1 family domain-containing protein 1 (Mus musculus)"
"Wounded_2h vs Wounded_0h","pdam_00017339","unknown function"
"Wounded_2h vs Wounded_0h","pdam_00017335","Acad10: Acyl-CoA dehydrogenase family member 10 (Mus musculus)"
"Wounded_2h vs Wounded_0h","pdam_00023818","MRPS22: 28S ribosomal protein S22%2C mitochondrial (Bos taurus)"
"Wounded_2h vs Wounded_0h","pdam_00014942","RET: Proto-oncogene tyrosine-protein kinase receptor Ret (Homo sapiens)"
"Wounded_2h vs Wounded_0h","pdam_00008395","Dlgap5: Disks large-associated protein 5 (Mus musculus)"
"Wounded_2h vs Wounded_0h","pdam_00001610","UTP14A: U3 small nucleolar RNA-associated protein 14 homolog A (Bos taurus)"
"Wounded_2h vs Wounded_0h","pdam_00001595","Igf2r: Cation-independent mannose-6-phosphate receptor (Mus musculus)"
"Wounded_2h vs Wounded_0h","pdam_00001600","ARMC2: Armadillo repeat-containing protein 2 (Homo sapiens)"
"Wounded_2h vs Wounded_0h","pdam_00013395","Psma4: Proteasome subunit alpha type-4 (Rattus norvegicus)"
"Wounded_2h vs Wounded_0h","pdam_00013840","Cox10: Protoheme IX farnesyltransferase%2C mitochondrial (Mus musculus)"
"Wounded_2h vs Wounded_0h","pdam_00016431","BECN1: Beclin-1 (Sus scrofa)"
"Wounded_2h vs Wounded_0h","pdam_00016428","serhl: Serine hydrolase-like protein (Danio rerio)"
"Wounded_2h vs Wounded_0h","pdam_00003505","KCNC1: Potassium voltage-gated channel subfamily C member 1 (Homo sapiens)"
"Wounded_2h vs Wounded_0h","pdam_00003481","Amotl1: Angiomotin-like protein 1 (Mus musculus)"
"Wounded_2h vs Wounded_0h","pdam_00003491","dcaf8: DDB1- and CUL4-associated factor 8 (Xenopus laevis)"
"Wounded_2h vs Wounded_0h","pdam_00026034","unknown function"
"Wounded_2h vs Wounded_0h","pdam_00017834","POLR2I: DNA-directed RNA polymerase II subunit RPB9 (Sus scrofa)"
"Wounded_2h vs Wounded_0h","pdam_00010658","Colec12: Collectin-12 (Rattus norvegicus)"
"Wounded_2h vs Wounded_0h","pdam_00010678","unknown function"
"Wounded_2h vs Wounded_0h","pdam_00010670","Flo1: Flotillin-1 (Drosophila melanogaster)"
"Wounded_2h vs Wounded_0h","pdam_00017591","NHP2: H/ACA ribonucleoprotein complex subunit 2 (Saccharomyces cerevisiae (strain ATCC 204508 / S288c))"
"Wounded_2h vs Wounded_0h","pdam_00023723","ppp1cb: Serine/threonine-protein phosphatase PP1-beta catalytic subunit (Xenopus tropicalis)"
"Wounded_2h vs Wounded_0h","pdam_00023720","Pcbd1: Pterin-4-alpha-carbinolamine dehydratase (Mus musculus)"
"Wounded_2h vs Wounded_0h","pdam_00000728","unknown function"
"Wounded_2h vs Wounded_0h","pdam_00000731","GCAT: 2-amino-3-ketobutyrate coenzyme A ligase%2C mitochondrial (Homo sapiens)"
"Wounded_2h vs Wounded_0h","pdam_00000717","unknown function"
"Wounded_2h vs Wounded_0h","pdam_00007990","Profilin-2 (Acanthamoeba castellanii)"
"Wounded_2h vs Wounded_0h","pdam_00019785","UTP4: U3 small nucleolar RNA-associated protein 4 homolog (Homo sapiens)"
"Wounded_2h vs Wounded_0h","pdam_00012368","lhpp: Phospholysine phosphohistidine inorganic pyrophosphate phosphatase (Danio rerio)"
"Wounded_2h vs Wounded_0h","pdam_00012390","Uncharacterized protein C10orf88 homolog (Rattus norvegicus)"
"Wounded_2h vs Wounded_0h","pdam_00012359","v1g246111: Stimulator of interferon genes protein (Nematostella vectensis)"
"Wounded_2h vs Wounded_0h","pdam_00015305","unknown function"
"Wounded_2h vs Wounded_0h","pdam_00022740","H4DEKL: Histone H4 (Dendronephthya klunzingeri)"
"Wounded_2h vs Wounded_0h","pdam_00022046","Alcohol dehydrogenase class-3 (Sparus aurata)"
"Wounded_2h vs Wounded_0h","pdam_00003145","ARRDC3: Arrestin domain-containing protein 3 (Bos taurus)"
"Wounded_2h vs Wounded_0h","pdam_00003180","Psmc3: 26S protease regulatory subunit 6A (Mus musculus)"
"Wounded_2h vs Wounded_0h","pdam_00003219",""
"Wounded_2h vs Wounded_0h","pdam_00003200","H6PD: GDH/6PGL endoplasmic bifunctional protein (Homo sapiens)"
"Wounded_2h vs Wounded_0h","pdam_00004277","GAB1: GRB2-associated-binding protein 1 (Homo sapiens)"
"Wounded_2h vs Wounded_0h","pdam_00004305","unknown function"
"Wounded_2h vs Wounded_0h","pdam_00006314","sox3: Transcription factor Sox-3 (Danio rerio)"
"Wounded_2h vs Wounded_0h","pdam_00006303","unknown function"
"Wounded_2h vs Wounded_0h","pdam_00021877","trim71: E3 ubiquitin-protein ligase TRIM71 (Danio rerio)"
"Wounded_2h vs Wounded_0h","pdam_00020188","Jkamp: JNK1/MAPK8-associated membrane protein (Mus musculus)"
"Wounded_2h vs Wounded_0h","pdam_00020184","unknown function"
"Wounded_2h vs Wounded_0h","pdam_00007895","unknown function"
"Wounded_2h vs Wounded_0h","pdam_00018162","arl8ba: ADP-ribosylation factor-like protein 8B-A (Danio rerio)"
"Wounded_2h vs Wounded_0h","pdam_00021089","unknown function"
"Wounded_2h vs Wounded_0h","pdam_00002117","Bnip1: Vesicle transport protein SEC20 (Mus musculus)"
"Wounded_2h vs Wounded_0h","pdam_00002115","Nsd2: Histone-lysine N-methyltransferase NSD2 (Mus musculus)"
"Wounded_2h vs Wounded_0h","pdam_00002138","KLKB1: Plasma kallikrein (Homo sapiens)"
"Wounded_2h vs Wounded_0h","pdam_00002150","SH3PXD2A: "
"Wounded_2h vs Wounded_0h","pdam_00015006","DMGDH: Dimethylglycine dehydrogenase%2C mitochondrial (Homo sapiens)"
"Wounded_2h vs Wounded_0h","pdam_00015016","SMN1: Survival motor neuron protein (Pongo abelii)"
"Wounded_2h vs Wounded_0h","pdam_00015015","PGPEP1: Pyroglutamyl-peptidase 1 (Homo sapiens)"
"Wounded_2h vs Wounded_0h","pdam_00015009","rbm8a: RNA-binding protein 8A (Salmo salar)"
"Wounded_2h vs Wounded_0h","pdam_00014997","NPHP1: Nephrocystin-1 (Fragment) (Canis lupus familiaris)"
"Wounded_2h vs Wounded_0h","pdam_00010155","TFG: Protein TFG (Homo sapiens)"
"Wounded_2h vs Wounded_0h","pdam_00010141","GART: Trifunctional purine biosynthetic protein adenosine-3 (Gallus gallus)"
"Wounded_2h vs Wounded_0h","pdam_00000638","WNT-1: Protein Wnt-1 (Ambystoma mexicanum)"
"Wounded_2h vs Wounded_0h","pdam_00000501","ALK: ALK tyrosine kinase receptor (Homo sapiens)"
"Wounded_2h vs Wounded_0h","pdam_00000646","phf10: PHD finger protein 10 (Xenopus laevis)"
"Wounded_2h vs Wounded_0h","pdam_00000696","Ube2e3: Ubiquitin-conjugating enzyme E2 E3 (Mus musculus)"
"Wounded_2h vs Wounded_0h","pdam_00000680","unknown function"
"Wounded_2h vs Wounded_0h","pdam_00000586","TPMT: Thiopurine S-methyltransferase (Gorilla gorilla gorilla)"
"Wounded_2h vs Wounded_0h","pdam_00000597","KLHL5: Kelch-like protein 5 (Homo sapiens)"
"Wounded_2h vs Wounded_0h","pdam_00003809","STX5: Syntaxin-5 (Bos taurus)"
"Wounded_2h vs Wounded_0h","pdam_00019357","Actin%2C cytoplasmic (Pisaster ochraceus)"
"Wounded_2h vs Wounded_0h","pdam_00021366","CCDC28B: Coiled-coil domain-containing protein 28B (Homo sapiens)"
"Wounded_2h vs Wounded_0h","pdam_00022072","Pisd: Phosphatidylserine decarboxylase proenzyme%2C mitochondrial (Mus musculus)"
"Wounded_2h vs Wounded_0h","pdam_00018065","rab4b: Ras-related protein Rab-4B (Danio rerio)"
"Wounded_2h vs Wounded_0h","pdam_00017008","Mrpl3: 39S ribosomal protein L3%2C mitochondrial (Rattus norvegicus)"
"Wounded_2h vs Wounded_0h","pdam_00012899","unknown function"
"Wounded_2h vs Wounded_0h","pdam_00020742","AGL: Glycogen debranching enzyme (Homo sapiens)"
"Wounded_2h vs Wounded_0h","pdam_00000042","NDUFA6: NADH dehydrogenase [ubiquinone] 1 alpha subcomplex subunit 6 (Pan troglodytes)"
"Wounded_2h vs Wounded_0h","pdam_00000064","v1g174619: MAU2 chromatid cohesion factor homolog (Nematostella vectensis)"
"Wounded_2h vs Wounded_0h","pdam_00000163","Pias1: E3 SUMO-protein ligase PIAS1 (Mus musculus)"
"Wounded_2h vs Wounded_0h","pdam_00018310","Exoc3: Exocyst complex component 3 (Rattus norvegicus)"
"Wounded_2h vs Wounded_0h","pdam_00015040","unknown function"
"Wounded_2h vs Wounded_0h","pdam_00015037","unknown function"
"Wounded_2h vs Wounded_0h","pdam_00005465","Lrriq1: Leucine-rich repeat and IQ domain-containing protein 1 (Mus musculus)"
"Wounded_2h vs Wounded_0h","pdam_00005368","Mlxipl: Carbohydrate-responsive element-binding protein (Mus musculus)"
"Wounded_2h vs Wounded_0h","pdam_00012352","pkd2: Polycystin-2 (Oryzias latipes)"
"Wounded_2h vs Wounded_0h","pdam_00014060","Snx27: Sorting nexin-27 (Mus musculus)"
"Wounded_2h vs Wounded_0h","pdam_00014069","HUA1: Zinc finger CCCH domain-containing protein 37 (Arabidopsis thaliana)"
"Wounded_2h vs Wounded_0h","pdam_00010097","Aequorin-2 (Aequorea victoria)"
"Wounded_2h vs Wounded_0h","pdam_00007357","chuk: Inhibitor of nuclear factor kappa-B kinase subunit alpha (Xenopus tropicalis)"
"Wounded_2h vs Wounded_0h","pdam_00007397","bcpC: Phosphonopyruvate decarboxylase (Streptomyces hygroscopicus)"
"Wounded_2h vs Wounded_0h","pdam_00007394","efnb2a: Ephrin-B2a (Danio rerio)"
"Wounded_2h vs Wounded_0h","pdam_00012855","ALDH2: Aldehyde dehydrogenase%2C mitochondrial (Bos taurus)"
"Wounded_2h vs Wounded_0h","pdam_00019032","TMEM128: Transmembrane protein 128 (Bos taurus)"
"Wounded_2h vs Wounded_0h","pdam_00025854","unknown function"
"Wounded_2h vs Wounded_0h","pdam_00011129","unknown function"
"Wounded_2h vs Wounded_0h","pdam_00004770","CECR5: Cat eye syndrome critical region protein 5 (Homo sapiens)"
"Wounded_2h vs Wounded_0h","pdam_00004749","unknown function"
"Wounded_2h vs Wounded_0h","pdam_00017784","trim71: E3 ubiquitin-protein ligase TRIM71 (Danio rerio)"
"Wounded_2h vs Wounded_0h","pdam_00010218","TMEM244: Transmembrane protein 244 (Homo sapiens)"
"Wounded_2h vs Wounded_0h","pdam_00017455","Octbeta2R: Octopamine receptor beta-2R (Drosophila melanogaster)"
"Wounded_2h vs Wounded_0h","pdam_00020074","unknown function"
"Wounded_2h vs Wounded_0h","pdam_00020086","Amacr: Alpha-methylacyl-CoA racemase (Rattus norvegicus)"
"Wounded_2h vs Wounded_0h","pdam_00011809","UHRF1BP1L: UHRF1-binding protein 1-like (Homo sapiens)"
"Wounded_2h vs Wounded_0h","pdam_00011811","l(2)03659: Probable multidrug resistance-associated protein lethal(2)03659 (Drosophila melanogaster)"
"Wounded_2h vs Wounded_0h","pdam_00011832","CFAP52: Cilia- and flagella-associated protein 52 (Homo sapiens)"
"Wounded_2h vs Wounded_0h","pdam_00016046","sepsecs: O-phosphoseryl-tRNA(Sec) selenium transferase (Danio rerio)"
"Wounded_2h vs Wounded_0h","pdam_00016042","TIAL1: Nucleolysin TIAR (Homo sapiens)"
"Wounded_2h vs Wounded_0h","pdam_00013980","YWHAE: 14-3-3 protein epsilon (Ovis aries)"
"Wounded_2h vs Wounded_0h","pdam_00013981","ywhaz: 14-3-3 protein zeta (Xenopus laevis)"
"Wounded_2h vs Wounded_0h","pdam_00009119","Sowaha: Ankyrin repeat domain-containing protein SOWAHA (Mus musculus)"
"Wounded_2h vs Wounded_0h","pdam_00009116","TrpA1: Transient receptor potential cation channel subfamily A member 1 (Drosophila melanogaster)"
"Wounded_2h vs Wounded_0h","pdam_00009110","Amfr: E3 ubiquitin-protein ligase AMFR (Mus musculus)"
"Wounded_2h vs Wounded_0h","pdam_00009105","DAD1: Dolichyl-diphosphooligosaccharide--protein glycosyltransferase subunit DAD1 (Sus scrofa)"
"Wounded_2h vs Wounded_0h","pdam_00017633","slc22a15: Solute carrier family 22 member 15 (Xenopus laevis)"
"Wounded_2h vs Wounded_0h","pdam_00013314","Faap100: Fanconi anemia core complex-associated protein 100 (Mus musculus)"
"Wounded_2h vs Wounded_0h","pdam_00013305","WDTC1: WD and tetratricopeptide repeats protein 1 (Homo sapiens)"
"Wounded_2h vs Wounded_0h","pdam_00013730","unknown function"
"Wounded_2h vs Wounded_0h","pdam_00006566","unknown function"
"Wounded_2h vs Wounded_0h","pdam_00017572","unknown function"
"Wounded_2h vs Wounded_0h","pdam_00005626","Skeletal aspartic acid-rich protein 1 (Acropora millepora)"
"Wounded_2h vs Wounded_0h","pdam_00011467","timm13-b: Mitochondrial import inner membrane translocase subunit Tim13-B (Xenopus laevis)"
"Wounded_2h vs Wounded_0h","pdam_00011461","FAM76A: Protein FAM76A (Gallus gallus)"
"Wounded_2h vs Wounded_0h","pdam_00022195","unknown function"
"Wounded_2h vs Wounded_0h","pdam_00013496","unknown function"
"Wounded_2h vs Wounded_0h","pdam_00008204","unknown function"
"Wounded_2h vs Wounded_0h","pdam_00008221","Ndfip1: NEDD4 family-interacting protein 1 (Rattus norvegicus)"
"Wounded_2h vs Wounded_0h","pdam_00017729","Taf1c: TATA box-binding protein-associated factor%2C RNA polymerase I%2C subunit C (Rattus norvegicus)"
"Wounded_2h vs Wounded_0h","pdam_00023648","ETFB: Electron transfer flavoprotein subunit beta (Homo sapiens)"
"Wounded_2h vs Wounded_0h","pdam_00013934","unknown function"
"Wounded_2h vs Wounded_0h","pdam_00010191","Hlx: H2.0-like homeobox protein (Mus musculus)"
"Wounded_2h vs Wounded_0h","pdam_00006393","cptp: Ceramide-1-phosphate transfer protein (Danio rerio)"
"Wounded_2h vs Wounded_0h","pdam_00013155","unknown function"
"Wounded_2h vs Wounded_0h","pdam_00013154","PAIP1: Polyadenylate-binding protein-interacting protein 1 (Homo sapiens)"
"Wounded_2h vs Wounded_0h","pdam_00013147","ADGRL2: Adhesion G protein-coupled receptor L2 (Homo sapiens)"
"Wounded_2h vs Wounded_0h","pdam_00020749","NDUFA13: NADH dehydrogenase [ubiquinone] 1 alpha subcomplex subunit 13 (Bos taurus)"
"Wounded_2h vs Wounded_0h","pdam_00003993","unknown function"
"Wounded_2h vs Wounded_0h","pdam_00009542","SCLT1: Sodium channel and clathrin linker 1 (Homo sapiens)"
"Wounded_2h vs Wounded_0h","pdam_00009563","unknown function"
"Wounded_2h vs Wounded_0h","pdam_00025834","TTC28: Tetratricopeptide repeat protein 28 (Homo sapiens)"
"Wounded_2h vs Wounded_0h","pdam_00001876","unknown function"
"Wounded_2h vs Wounded_0h","pdam_00001873","PDE3A: cGMP-inhibited 3'%2C5'-cyclic phosphodiesterase A (Homo sapiens)"
"Wounded_2h vs Wounded_0h","pdam_00001911","unknown function"
"Wounded_2h vs Wounded_0h","pdam_00001971","CNOT6: CCR4-NOT transcription complex subunit 6 (Homo sapiens)"
"Wounded_2h vs Wounded_0h","pdam_00001939","FKBP62: Peptidyl-prolyl cis-trans isomerase FKBP62 (Arabidopsis thaliana)"
"Wounded_2h vs Wounded_0h","pdam_00020096","Iqsec1: IQ motif and SEC7 domain-containing protein 1 (Mus musculus)"
"Wounded_2h vs Wounded_0h","pdam_00007567","tld: Dorsal-ventral patterning protein tolloid (Drosophila melanogaster)"
"Wounded_2h vs Wounded_0h","pdam_00007571","MAM and LDL-receptor class A domain-containing protein 1 (Fragment) (Acropora millepora)"
"Wounded_2h vs Wounded_0h","pdam_00019592","flt4: Vascular endothelial growth factor receptor 3 (Danio rerio)"
"Wounded_2h vs Wounded_0h","pdam_00008857","unknown function"
"Wounded_2h vs Wounded_0h","pdam_00008818","Ttn: Titin (Mus musculus)"
"Wounded_2h vs Wounded_0h","pdam_00008677","zmynd10: Zinc finger MYND domain-containing protein 10 (Danio rerio)"
"Wounded_2h vs Wounded_0h","pdam_00021296","TBC1D13: TBC1 domain family member 13 (Homo sapiens)"
"Wounded_2h vs Wounded_0h","pdam_00007220","ddaC: Dapdiamide synthesis protein DdaC (Enterobacter agglomerans)"
"Wounded_2h vs Wounded_0h","pdam_00007213","PEAMT: Phosphoethanolamine N-methyltransferase (Spinacia oleracea)"
"Wounded_2h vs Wounded_0h","pdam_00005966","unknown function"
"Wounded_2h vs Wounded_0h","pdam_00005978","Gstk1: Glutathione S-transferase kappa 1 (Mus musculus)"
"Wounded_2h vs Wounded_0h","pdam_00023838","INPP5F: Phosphatidylinositide phosphatase SAC2 (Homo sapiens)"
"Wounded_2h vs Wounded_0h","pdam_00011170","unknown function"
"Wounded_2h vs Wounded_0h","pdam_00010575","unknown function"
"Wounded_2h vs Wounded_0h","pdam_00007274","unknown function"
"Wounded_2h vs Wounded_0h","pdam_00020529","POLR2F: DNA-directed RNA polymerases I%2C II%2C and III subunit RPABC2 (Bos taurus)"
"Wounded_2h vs Wounded_0h","pdam_00025551","unknown function"
"Wounded_2h vs Wounded_0h","pdam_00022293","unknown function"
"Wounded_2h vs Wounded_0h","pdam_00017986","Tprkb: EKC/KEOPS complex subunit Tprkb (Mus musculus)"
"Wounded_2h vs Wounded_0h","pdam_00017988","unknown function"
"Wounded_2h vs Wounded_0h","pdam_00006525","Fibp: Acidic fibroblast growth factor intracellular-binding protein (Mus musculus)"
"Wounded_2h vs Wounded_0h","pdam_00022056","ADORA2A: Adenosine receptor A2a (Homo sapiens)"
"Wounded_2h vs Wounded_0h","pdam_00002237","unknown function"
"Wounded_2h vs Wounded_0h","pdam_00002222","unknown function"
"Wounded_2h vs Wounded_0h","pdam_00002322","Mpdz: Multiple PDZ domain protein (Mus musculus)"
"Wounded_2h vs Wounded_0h","pdam_00020011","MGAT5: Alpha-1%2C6-mannosylglycoprotein 6-beta-N-acetylglucosaminyltransferase A (Cricetulus griseus)"
"Wounded_2h vs Wounded_0h","pdam_00016758","RFX5: DNA-binding protein RFX5 (Homo sapiens)"
"Wounded_2h vs Wounded_0h","pdam_00014298","Cep295: Centrosomal protein of 295 kDa (Rattus norvegicus)"
"Wounded_2h vs Wounded_0h","pdam_00006209","aah2: Alpha-amylase 2 (Schizosaccharomyces pombe (strain 972 / ATCC 24843))"
"Wounded_2h vs Wounded_0h","pdam_00006188","Mrps25: 28S ribosomal protein S25%2C mitochondrial (Mus musculus)"
"Wounded_2h vs Wounded_0h","pdam_00012515","Atg4c: Cysteine protease ATG4C (Mus musculus)"
"Wounded_2h vs Wounded_0h","pdam_00010551","poc5: Centrosomal protein POC5 (Xenopus laevis)"
"Wounded_2h vs Wounded_0h","pdam_00010556","RNF180: E3 ubiquitin-protein ligase RNF180 (Pongo abelii)"
"Wounded_2h vs Wounded_0h","pdam_00020480","GFP-like fluorescent chromoprotein amFP486 (Anemonia manjano)"
"Wounded_2h vs Wounded_0h","pdam_00019979","unknown function"
"Wounded_2h vs Wounded_0h","pdam_00004870","rft1: Protein RFT1 homolog (Xenopus tropicalis)"
"Wounded_2h vs Wounded_0h","pdam_00004932","Grb14: Growth factor receptor-bound protein 14 (Rattus norvegicus)"
"Wounded_2h vs Wounded_0h","pdam_00004897","SNX4: Sorting nexin-4 (Pongo abelii)"
"Wounded_2h vs Wounded_0h","pdam_00004922","TCF15: Transcription factor 15 (Gallus gallus)"
"Wounded_2h vs Wounded_0h","pdam_00021929","unknown function"
"Wounded_2h vs Wounded_0h","pdam_00023601","unknown function"
"Wounded_2h vs Wounded_0h","pdam_00023693","cyp17a1: Steroid 17-alpha-hydroxylase/17%2C20 lyase (Oryzias latipes)"
"Wounded_2h vs Wounded_0h","pdam_00001405","unknown function"
"Wounded_2h vs Wounded_0h","pdam_00001428","BTN1: Protein BTN1 (Yarrowia lipolytica (strain CLIB 122 / E 150))"
"Wounded_2h vs Wounded_0h","pdam_00001435","CCR4: C-C chemokine receptor type 4 (Canis lupus familiaris)"
"Wounded_2h vs Wounded_0h","pdam_00001459","Dnm1l: Dynamin-1-like protein (Rattus norvegicus)"
"Wounded_2h vs Wounded_0h","pdam_00008561","Pan2: PAB-dependent poly(A)-specific ribonuclease subunit PAN2 (Mus musculus)"
"Wounded_2h vs Wounded_0h","pdam_00008551","nop16: Nucleolar protein 16 (Tetraodon nigroviridis)"
"Wounded_2h vs Wounded_0h","pdam_00017896","MMP2: 72 kDa type IV collagenase (Bos taurus)"
"Wounded_2h vs Wounded_0h","pdam_00013264","Cyb5d2: Neuferricin (Rattus norvegicus)"
"Wounded_2h vs Wounded_0h","pdam_00013243","Elavl1: ELAV-like protein 1 (Rattus norvegicus)"
"Wounded_2h vs Wounded_0h","pdam_00013235","ceeh-1: Epoxide hydrolase 1 (Caenorhabditis elegans)"
"Wounded_2h vs Wounded_0h","pdam_00011738","unknown function"
"Wounded_2h vs Wounded_0h","pdam_00011739","TLR2: Toll-like receptor 2 (Boselaphus tragocamelus)"
"Wounded_2h vs Wounded_0h","pdam_00005301","unknown function"
"Wounded_2h vs Wounded_0h","pdam_00009301","unknown function"
"Wounded_2h vs Wounded_0h","pdam_00006408","unknown function"
"Wounded_2h vs Wounded_0h","pdam_00021695","Cd2bp2: CD2 antigen cytoplasmic tail-binding protein 2 (Mus musculus)"
"Wounded_2h vs Wounded_0h","pdam_00022604","Protein C9orf72 homolog (Mus musculus)"
"Wounded_2h vs Wounded_0h","pdam_00012947","pdcd10: Programmed cell death protein 10 (Xenopus tropicalis)"
"Wounded_2h vs Wounded_0h","pdam_00012959","unknown function"
"Wounded_2h vs Wounded_0h","pdam_00014045","glmp-b: Glycosylated lysosomal membrane protein B (Xenopus laevis)"
"Wounded_2h vs Wounded_0h","pdam_00018580","ALKBH2: DNA oxidative demethylase ALKBH2 (Bos taurus)"
"Wounded_2h vs Wounded_0h","pdam_00024805","Sacs: Sacsin (Mus musculus)"
"Wounded_2h vs Wounded_0h","pdam_00010392","LWamide neuropeptides (Anthopleura elegantissima)"
"Wounded_2h vs Wounded_0h","pdam_00010393","unknown function"
"Wounded_2h vs Wounded_0h","pdam_00020888","Fam228b: Protein FAM228B (Mus musculus)"
"Wounded_2h vs Wounded_0h","pdam_00006284","unknown function"
"Wounded_2h vs Wounded_0h","pdam_00012206","unknown function"
"Wounded_2h vs Wounded_0h","pdam_00012212","unknown function"
"Wounded_2h vs Wounded_0h","pdam_00012232","SLC37A2: Glucose-6-phosphate exchanger SLC37A2 (Bos taurus)"
"Wounded_2h vs Wounded_0h","pdam_00024042","unknown function"
"Wounded_2h vs Wounded_0h","pdam_00014259","cocE: Cocaine esterase (Rhodococcus sp. (strain MB1 Bresler))"
"Wounded_2h vs Wounded_0h","pdam_00017965","unknown function"
"Wounded_2h vs Wounded_0h","pdam_00019571","alh-13: Probable delta-1-pyrroline-5-carboxylate synthase (Caenorhabditis elegans)"
"Wounded_2h vs Wounded_0h","pdam_00020171","unknown function"
"Wounded_2h vs Wounded_0h","pdam_00002977","tmem53-b: Transmembrane protein 53-B (Xenopus laevis)"
"Wounded_2h vs Wounded_0h","pdam_00003038","Elac2: Zinc phosphodiesterase ELAC protein 2 (Rattus norvegicus)"
"Wounded_2h vs Wounded_0h","pdam_00019345","zgpat: Zinc finger CCCH-type with G patch domain-containing protein (Danio rerio)"
"Wounded_2h vs Wounded_0h","pdam_00020501","Nmur2: Neuromedin-U receptor 2 (Rattus norvegicus)"
"Wounded_2h vs Wounded_0h","pdam_00016124","Ccdc169: Coiled-coil domain-containing protein 169 (Mus musculus)"
"Wounded_2h vs Wounded_0h","pdam_00020550","unknown function"
"Wounded_2h vs Wounded_0h","pdam_00016079","unknown function"
"Wounded_2h vs Wounded_0h","pdam_00008609","unknown function"
"Wounded_2h vs Wounded_0h","pdam_00008596","yugO: Putative potassium channel protein YugO (Bacillus subtilis (strain 168))"
"Wounded_2h vs Wounded_0h","pdam_00004195","SLC7A3: Cationic amino acid transporter 3 (Homo sapiens)"
"Wounded_2h vs Wounded_0h","pdam_00021496","CCDC148: Coiled-coil domain-containing protein 148 (Macaca fascicularis)"
"Wounded_2h vs Wounded_0h","pdam_00000964","Wrap53: Telomerase Cajal body protein 1 (Mus musculus)"
"Wounded_2h vs Wounded_0h","pdam_00000949","Aadacl4: Arylacetamide deacetylase-like 4 (Mus musculus)"
"Wounded_2h vs Wounded_0h","pdam_00014326","CPED1: Cadherin-like and PC-esterase domain-containing protein 1 (Homo sapiens)"
"Wounded_2h vs Wounded_0h","pdam_00005591","unknown function"
"Wounded_2h vs Wounded_0h","pdam_00005585","CXorf57: Uncharacterized protein CXorf57 (Homo sapiens)"
"Wounded_2h vs Wounded_0h","pdam_00005595","GTPBP4: Nucleolar GTP-binding protein 1 (Homo sapiens)"
"Wounded_2h vs Wounded_0h","pdam_00005093","unknown function"
"Wounded_2h vs Wounded_0h","pdam_00005102","unknown function"
"Wounded_2h vs Wounded_0h","pdam_00005130","Telo2: Telomere length regulation protein TEL2 homolog (Mus musculus)"
"Wounded_2h vs Wounded_0h","pdam_00005154","unknown function"
"Wounded_2h vs Wounded_0h","pdam_00018257","unknown function"
"Wounded_2h vs Wounded_0h","pdam_00011981","unknown function"
"Wounded_2h vs Wounded_0h","pdam_00010608","Myo1b: Unconventional myosin-Ib (Rattus norvegicus)"
"Wounded_2h vs Wounded_0h","pdam_00010610","LCT: Lactase-phlorizin hydrolase (Homo sapiens)"
"Wounded_2h vs Wounded_0h","pdam_00010593","Robo2: Roundabout homolog 2 (Mus musculus)"
"Wounded_2h vs Wounded_0h","pdam_00015836","AP4S1: AP-4 complex subunit sigma-1 (Homo sapiens)"
"Wounded_2h vs Wounded_0h","pdam_00005930","tctex1d1-b: Tctex1 domain-containing protein 1-B (Fragment) (Xenopus laevis)"
"Wounded_2h vs Wounded_0h","pdam_00005904","Acot11: Acyl-coenzyme A thioesterase 11 (Mus musculus)"
"Wounded_2h vs Wounded_0h","pdam_00012803","unknown function"
"Wounded_2h vs Wounded_0h","pdam_00018886","Dnajc4: DnaJ homolog subfamily C member 4 (Mus musculus)"
"Wounded_2h vs Wounded_0h","pdam_00004349","hddc2: HD domain-containing protein 2 (Danio rerio)"
"Wounded_2h vs Wounded_0h","pdam_00004969","unknown function"
"Wounded_2h vs Wounded_0h","pdam_00019762","SMAD5: Mothers against decapentaplegic homolog 5 (Gallus gallus)"
"Wounded_2h vs Wounded_0h","pdam_00025879","unknown function"
"Wounded_2h vs Wounded_0h","pdam_00016409","GTSF1: Gametocyte-specific factor 1 (Macaca fascicularis)"
"Wounded_2h vs Wounded_0h","pdam_00015395","CaMKI: Calcium/calmodulin-dependent protein kinase type 1 (Macrobrachium nipponense)"
"Wounded_2h vs Wounded_0h","pdam_00015372","calA: Calmodulin (Dictyostelium discoideum)"
"Wounded_2h vs Wounded_0h","pdam_00021712","unknown function"
"Wounded_2h vs Wounded_0h","pdam_00017362","Foxb1: Forkhead box protein B1 (Mus musculus)"
"Wounded_2h vs Wounded_0h","pdam_00023573","Edf1: Endothelial differentiation-related factor 1 (Rattus norvegicus)"
"Wounded_2h vs Wounded_0h","pdam_00023572","NFKBIL1: NF-kappa-B inhibitor-like protein 1 (Pan troglodytes)"
"Wounded_2h vs Wounded_0h","pdam_00007836","unknown function"
"Wounded_2h vs Wounded_0h","pdam_00015431","Uncharacterized skeletal organic matrix protein 5 (Acropora millepora)"
"Wounded_2h vs Wounded_0h","pdam_00015423","slc46a1: Proton-coupled folate transporter (Danio rerio)"
"Wounded_2h vs Wounded_0h","pdam_00019828","ACTII: Actin-2 (Echinococcus granulosus)"
"Wounded_2h vs Wounded_0h","pdam_00021919","wrn-1: Probable Werner syndrome ATP-dependent helicase homolog 1 (Caenorhabditis elegans)"
"Wounded_2h vs Wounded_0h","pdam_00024855","unknown function"
"Wounded_2h vs Wounded_0h","pdam_00006984","unknown function"
"Wounded_2h vs Wounded_0h","pdam_00011358","DOK2: Docking protein 2 (Bos taurus)"
"Wounded_2h vs Wounded_0h","pdam_00011365","NDUFB9: NADH dehydrogenase [ubiquinone] 1 beta subcomplex subunit 9 (Gorilla gorilla gorilla)"
"Wounded_2h vs Wounded_0h","pdam_00009468","TTC28: Tetratricopeptide repeat protein 28 (Homo sapiens)"
"Wounded_2h vs Wounded_0h","pdam_00009449","CRIP1: Cysteine-rich protein 1 (Homo sapiens)"
"Wounded_2h vs Wounded_0h","pdam_00002445","ANKRD60: Ankyrin repeat domain-containing protein 60 (Homo sapiens)"
"Wounded_2h vs Wounded_0h","pdam_00002402","COX4I2: Cytochrome c oxidase subunit 4 isoform 2%2C mitochondrial (Homo sapiens)"
"Wounded_2h vs Wounded_0h","pdam_00002424","GLIPR2: Golgi-associated plant pathogenesis-related protein 1 (Homo sapiens)"
"Wounded_2h vs Wounded_0h","pdam_00015319","Wdr19: WD repeat-containing protein 19 (Mus musculus)"
"Wounded_2h vs Wounded_0h","pdam_00020205","v1g209471: UPF0669 protein v1g209471 (Nematostella vectensis)"
"Wounded_2h vs Wounded_0h","pdam_00011701","TTC1: Tetratricopeptide repeat protein 1 (Homo sapiens)"
"Wounded_2h vs Wounded_0h","pdam_00009216","POMGNT1: Protein O-linked-mannose beta-1%2C2-N-acetylglucosaminyltransferase 1 (Bos taurus)"
"Wounded_2h vs Wounded_0h","pdam_00004503","Slc5a8: Sodium-coupled monocarboxylate transporter 1 (Mus musculus)"
"Wounded_2h vs Wounded_0h","pdam_00004515","unknown function"
"Wounded_2h vs Wounded_0h","pdam_00004553","tnaA: Tryptophanase (Salinibacter ruber (strain DSM 13855 / M31))"
"Wounded_2h vs Wounded_0h","pdam_00023715","ATF7IP: Activating transcription factor 7-interacting protein 1 (Gallus gallus)"
"Wounded_2h vs Wounded_0h","pdam_00019706","FGF2: Fibroblast growth factor 2 (Monodelphis domestica)"
"Wounded_2h vs Wounded_0h","pdam_00024053","unknown function"
"Wounded_2h vs Wounded_0h","pdam_00017446","PGM1: Phosphoglucomutase-1 (Bos taurus)"
"Wounded_2h vs Wounded_0h","pdam_00001053","ANO5: Anoctamin-5 (Homo sapiens)"
"Wounded_2h vs Wounded_0h","pdam_00001107","Gabpb2: GA-binding protein subunit beta-2 (Mus musculus)"
"Wounded_2h vs Wounded_0h","pdam_00001122","nek8: Serine/threonine-protein kinase Nek8 (Danio rerio)"
"Wounded_2h vs Wounded_0h","pdam_00001152","unknown function"
"Wounded_2h vs Wounded_0h","pdam_00001166","OAZ: Ornithine decarboxylase antizyme 1 (Gallus gallus)"
"Wounded_2h vs Wounded_0h","pdam_00013810","FGF17: Fibroblast growth factor 17 (Homo sapiens)"
"Wounded_2h vs Wounded_0h","pdam_00003533","SNX11: Sorting nexin-11 (Homo sapiens)"
"Wounded_2h vs Wounded_0h","pdam_00003512","aup1: Ancient ubiquitous protein 1 (Xenopus laevis)"
"Wounded_2h vs Wounded_0h","pdam_00017863","unknown function"
"Wounded_2h vs Wounded_0h","pdam_00011338","TP53BP2: Apoptosis-stimulating of p53 protein 2 (Homo sapiens)"
"Wounded_2h vs Wounded_0h","pdam_00010797","Sptlc1: Serine palmitoyltransferase 1 (Mus musculus)"
"Wounded_2h vs Wounded_0h","pdam_00019801","xnp-1: Transcriptional regulator ATRX homolog (Caenorhabditis elegans)"
"Wounded_2h vs Wounded_0h","pdam_00014119","Mboat2: Membrane-bound O-acyltransferase domain-containing protein 2 (Rattus norvegicus)"
"Wounded_2h vs Wounded_0h","pdam_00014120","MBOAT2: Lysophospholipid acyltransferase 2 (Homo sapiens)"
"Wounded_2h vs Wounded_0h","pdam_00023261","Cdc20: Cell division cycle protein 20 homolog (Mus musculus)"
"Wounded_2h vs Wounded_0h","pdam_00010473","Slc35b3: Adenosine 3'-phospho 5'-phosphosulfate transporter 2 (Mus musculus)"
"Wounded_2h vs Wounded_0h","pdam_00010489","Ester hydrolase C11orf54 homolog (Bos taurus)"
"Wounded_2h vs Wounded_0h","pdam_00006748","unknown function"
"Wounded_2h vs Wounded_0h","pdam_00013680","Gal3st3: Galactose-3-O-sulfotransferase 3 (Mus musculus)"
"Wounded_2h vs Wounded_0h","pdam_00013669","slc32a1: Vesicular inhibitory amino acid transporter (Xenopus tropicalis)"
"Wounded_2h vs Wounded_0h","pdam_00021668","Mpnd: MPN domain-containing protein (Mus musculus)"
"Wounded_2h vs Wounded_0h","pdam_00012429","emx1: Homeobox protein EMX1 (Danio rerio)"
"Wounded_2h vs Wounded_0h","pdam_00016982","AK7: Adenylate kinase 7 (Homo sapiens)"
"Wounded_2h vs Wounded_0h","pdam_00013270","washc5: WASH complex subunit 5 (Danio rerio)"
"Wounded_2h vs Wounded_0h","pdam_00025652","gpr54: G-protein coupled receptor 54 (Oreochromis niloticus)"
"Wounded_2h vs Wounded_0h","pdam_00007961","GRHPR: Glyoxylate reductase/hydroxypyruvate reductase (Homo sapiens)"
"Wounded_2h vs Wounded_0h","pdam_00007956","Sgce: Epsilon-sarcoglycan (Mus musculus)"
"Wounded_2h vs Wounded_0h","pdam_00020127","WHRN: Whirlin (Homo sapiens)"
"Wounded_2h vs Wounded_0h","pdam_00020359","BTBD19: BTB/POZ domain-containing protein 19 (Homo sapiens)"
"Wounded_2h vs Wounded_0h","pdam_00020364","unknown function"
"Wounded_2h vs Wounded_0h","pdam_00001755","NGFR: Tumor necrosis factor receptor superfamily member 16 (Gallus gallus)"
"Wounded_2h vs Wounded_0h","pdam_00018950","Lrrc57: Leucine-rich repeat-containing protein 57 (Rattus norvegicus)"
"Wounded_2h vs Wounded_0h","pdam_00020574","Robo3: Roundabout homolog 3 (Mus musculus)"
"Wounded_2h vs Wounded_0h","pdam_00004655","unknown function"
"Wounded_2h vs Wounded_0h","pdam_00004659","Rbl1: Retinoblastoma-like protein 1 (Mus musculus)"
"Wounded_2h vs Wounded_0h","pdam_00004664","unknown function"
"Wounded_2h vs Wounded_0h","pdam_00010350","Antxr2: Anthrax toxin receptor 2 (Mus musculus)"
"Wounded_2h vs Wounded_0h","pdam_00010345","wnt8b: Protein Wnt-8b (Danio rerio)"
"Wounded_2h vs Wounded_0h","pdam_00001288","Parg: Poly(ADP-ribose) glycohydrolase (Drosophila melanogaster)"
"Wounded_2h vs Wounded_0h","pdam_00001252","unknown function"
"Wounded_2h vs Wounded_0h","pdam_00001304","CAB39: Calcium-binding protein 39 (Homo sapiens)"
"Wounded_2h vs Wounded_0h","pdam_00011596","unknown function"
"Wounded_2h vs Wounded_0h","pdam_00014962","CHKA: Choline kinase alpha (Homo sapiens)"
"Wounded_2h vs Wounded_0h","pdam_00017664","Rnf166: RING finger protein 166 (Rattus norvegicus)"
"Wounded_2h vs Wounded_0h","pdam_00011951","CHIC2: Cysteine-rich hydrophobic domain-containing protein 2 (Homo sapiens)"
"Wounded_2h vs Wounded_0h","pdam_00011955","hoxa3a: Homeobox protein Hox-A3a (Takifugu rubripes)"
"Wounded_2h vs Wounded_0h","pdam_00011940","Histone H2A (Acropora formosa)"
"Wounded_2h vs Wounded_0h","pdam_00006952","unknown function"
"Wounded_2h vs Wounded_0h","pdam_00020599","unknown function"
"Wounded_2h vs Wounded_0h","pdam_00010948","NPFFR2: Neuropeptide FF receptor 2 (Homo sapiens)"
"Wounded_2h vs Wounded_0h","pdam_00025880","TTC28: Tetratricopeptide repeat protein 28 (Homo sapiens)"
"Wounded_2h vs Wounded_0h","pdam_00009092","Mogs: Mannosyl-oligosaccharide glucosidase (Mus musculus)"
"Wounded_2h vs Wounded_0h","pdam_00009070","Ubox5: RING finger protein 37 (Mus musculus)"
"Wounded_2h vs Wounded_0h","pdam_00009097","unknown function"
"Wounded_2h vs Wounded_0h","pdam_00004033","SF3A2: Splicing factor 3A subunit 2 (Homo sapiens)"
"Wounded_2h vs Wounded_0h","pdam_00004048","Bmpr1b: Bone morphogenetic protein receptor type-1B (Mus musculus)"
"Wounded_2h vs Wounded_0h","pdam_00004119","unknown function"
"Wounded_2h vs Wounded_0h","pdam_00004111","Ppp1r12c: Protein phosphatase 1 regulatory subunit 12C (Mus musculus)"
"Wounded_2h vs Wounded_0h","pdam_00022146","ORC3: Origin recognition complex subunit 3 (Spermophilus citellus)"
"Wounded_2h vs Wounded_0h","pdam_00018125","unknown function"
"Wounded_2h vs Wounded_0h","pdam_00014182","Prr11: Proline-rich protein 11 (Mus musculus)"
"Wounded_2h vs Wounded_0h","pdam_00014187","mettl16: Methyltransferase-like protein 16 (Danio rerio)"
"Wounded_2h vs Wounded_0h","pdam_00022947","Uncharacterized skeletal organic matrix protein 5 (Acropora millepora)"
"Wounded_2h vs Wounded_0h","pdam_00014387","unknown function"
"Wounded_2h vs Wounded_0h","pdam_00012736","rnf144aa: Probable E3 ubiquitin-protein ligase RNF144A-A (Danio rerio)"
"Wounded_2h vs Wounded_0h","pdam_00022546","EFCAB12: EF-hand calcium-binding domain-containing protein 12 (Macaca fascicularis)"
"Wounded_2h vs Wounded_0h","pdam_00011207","unknown function"
"Wounded_2h vs Wounded_0h","pdam_00015713","SOD2: Superoxide dismutase [Mn]%2C mitochondrial (Pongo pygmaeus)"
"Wounded_2h vs Wounded_0h","pdam_00014563","unknown function"
"Wounded_2h vs Wounded_0h","pdam_00012700","At5g06550: F-box protein At5g06550 (Arabidopsis thaliana)"
"Wounded_2h vs Wounded_0h","pdam_00012697","AUG2: AUGMIN subunit 2 (Arabidopsis thaliana)"
"Wounded_2h vs Wounded_0h","pdam_00005830","mcmbp: Mini-chromosome maintenance complex-binding protein (Danio rerio)"
"Wounded_2h vs Wounded_0h","pdam_00005824","Mfn2: Mitofusin-2 (Mus musculus)"
"Wounded_2h vs Wounded_0h","pdam_00005858","unknown function"
"Wounded_2h vs Wounded_0h","pdam_00005865","UOX: Uricase (Oryctolagus cuniculus)"
"Wounded_2h vs Wounded_0h","pdam_00005854","rxrg: Retinoic acid receptor RXR-gamma (Xenopus laevis)"
"Wounded_2h vs Wounded_0h","pdam_00005848","unknown function"
"Wounded_2h vs Wounded_0h","pdam_00009649","unknown function"
"Wounded_2h vs Wounded_0h","pdam_00009659","selenoo: Selenoprotein O (Danio rerio)"
"Wounded_2h vs Wounded_0h","pdam_00009678","SLC12A2: Solute carrier family 12 member 2 (Squalus acanthias)"
"Wounded_2h vs Wounded_0h","pdam_00009677","Slc12a2: Solute carrier family 12 member 2 (Mus musculus)"
"Wounded_2h vs Wounded_0h","pdam_00020539","unknown function"
"Wounded_2h vs Wounded_0h","pdam_00023807","Ccdc175: Coiled-coil domain-containing protein 175 (Rattus norvegicus)"
"Wounded_2h vs Wounded_0h","pdam_00020644","PRDX5: Peroxiredoxin-5%2C mitochondrial (Chlorocebus aethiops)"
"Wounded_2h vs Wounded_0h","pdam_00015662","unknown function"
"Wounded_2h vs Wounded_0h","pdam_00003872","unknown function"
"Wounded_2h vs Wounded_0h","pdam_00003938","PSMB4: Proteasome subunit beta type-4 (Bos taurus)"
"Wounded_2h vs Wounded_0h","pdam_00003945","Fbxl17: F-box/LRR-repeat protein 17 (Mus musculus)"
"Wounded_2h vs Wounded_0h","pdam_00003959","unknown function"
"Wounded_2h vs Wounded_0h","pdam_00019733","Atpalpha: Sodium/potassium-transporting ATPase subunit alpha (Drosophila melanogaster)"
"Wounded_2h vs Wounded_0h","pdam_00022078","unknown function"
"Wounded_2h vs Wounded_0h","pdam_00016580","GNG11: Guanine nucleotide-binding protein G(I)/G(S)/G(O) subunit gamma-11 (Bos taurus)"
"Wounded_2h vs Wounded_0h","pdam_00020696","unknown function"
"Wounded_2h vs Wounded_0h","pdam_00020694","DNM1: Dynamin-1 (Bos taurus)"
"Wounded_2h vs Wounded_0h","pdam_00016018","Ero1b: ERO1-like protein beta (Mus musculus)"
"Wounded_2h vs Wounded_0h","pdam_00014780","slc16a10: Monocarboxylate transporter 10 (Danio rerio)"
"Wounded_2h vs Wounded_0h","pdam_00012546","unknown function"
"Wounded_2h vs Wounded_0h","pdam_00012554","CEP135: Centrosomal protein of 135 kDa (Homo sapiens)"
"Wounded_2h vs Wounded_0h","pdam_00020901","unknown function"
"Wounded_2h vs Wounded_0h","pdam_00013462","kctd6: BTB/POZ domain-containing protein KCTD6 (Danio rerio)"
"Wounded_2h vs Wounded_0h","pdam_00013447","ZNF76: Zinc finger protein 76 (Homo sapiens)"
"Wounded_2h vs Wounded_0h","pdam_00013461","unknown function"
"Wounded_2h vs Wounded_0h","pdam_00003296","Elk1: ETS domain-containing protein Elk-1 (Mus musculus)"
"Wounded_2h vs Wounded_0h","pdam_00009588","TTC28: Tetratricopeptide repeat protein 28 (Homo sapiens)"
"Wounded_2h vs Wounded_0h","pdam_00020772","Pkd1l2: Polycystic kidney disease protein 1-like 2 (Mus musculus)"
"Wounded_2h vs Wounded_0h","pdam_00020344","Ppm1j: Protein phosphatase 1J (Rattus norvegicus)"
"Wounded_2h vs Wounded_0h","pdam_00006110","Sdk2: Protein sidekick-2 (Mus musculus)"
"Wounded_2h vs Wounded_0h","pdam_00021028","Mtif2: Translation initiation factor IF-2%2C mitochondrial (Mus musculus)"
"Wounded_2h vs Wounded_0h","pdam_00014351","SLC35F6: Solute carrier family 35 member F6 (Pongo abelii)"
"Wounded_2h vs Wounded_0h","pdam_00014339","unknown function"
"Wounded_2h vs Wounded_0h","pdam_00020004","Mfn2: Mitofusin-2 (Mus musculus)"
"Wounded_2h vs Wounded_0h","pdam_00025024","unknown function"
"Wounded_2h vs Wounded_0h","pdam_00014530","unknown function"
"Wounded_2h vs Wounded_0h","pdam_00016828","unknown function"
"Wounded_2h vs Wounded_0h","pdam_00002081","NGR_a03790: Uncharacterized protein y4fB (Sinorhizobium fredii (strain NBRC 101917 / NGR234))"
"Wounded_2h vs Wounded_0h","pdam_00007060","Histone H2B (Acropora formosa)"
"Wounded_2h vs Wounded_0h","pdam_00006084","Usp4: Ubiquitin carboxyl-terminal hydrolase 4 (Rattus norvegicus)"
"Wounded_2h vs Wounded_0h","pdam_00020996","unknown function"
"Wounded_2h vs Wounded_0h","pdam_00020983","Gtpbp2: GTP-binding protein 2 (Mus musculus)"
"Wounded_2h vs Wounded_0h","pdam_00014454","ENTPD4: Ectonucleoside triphosphate diphosphohydrolase 4 (Homo sapiens)"
"Wounded_2h vs Wounded_0h","pdam_00020058","unknown function"
"Wounded_2h vs Wounded_0h","pdam_00020043","Oacyl: O-acyltransferase like protein (Mus musculus)"
"Wounded_2h vs Wounded_0h","pdam_00009424","HGSNAT: Heparan-alpha-glucosaminide N-acetyltransferase (Homo sapiens)"
"Wounded_2h vs Wounded_0h","pdam_00024953","Micall1: MICAL-like protein 1 (Mus musculus)"
"Wounded_2h vs Wounded_0h","pdam_00024782","unknown function"
"Wounded_2h vs Wounded_0h","pdam_00008920","Sox4: Transcription factor SOX-4 (Mus musculus)"
"Wounded_2h vs Wounded_0h","pdam_00010905","PSMB6: Proteasome subunit beta type-6 (Bos taurus)"
"Wounded_2h vs Wounded_0h","pdam_00013039","unknown function"
"Wounded_2h vs Wounded_0h","pdam_00013030","TCTEX1D2: Tctex1 domain-containing protein 2 (Homo sapiens)"
"Wounded_2h vs Wounded_0h","pdam_00013035","unknown function"
"Wounded_2h vs Wounded_0h","pdam_00017691","licD: Lipopolysaccharide cholinephosphotransferase LicD (Haemophilus influenzae (strain ATCC 51907 / DSM 11121 / KW20 / Rd))"
"Wounded_2h vs Wounded_0h","pdam_00018835","Rwdd2b: RWD domain-containing protein 2B (Mus musculus)"
"Wounded_2h vs Wounded_0h","pdam_00001792","exog: Nuclease EXOG%2C mitochondrial (Danio rerio)"
"Wounded_2h vs Wounded_0h","pdam_00006836","LIG4: DNA ligase 4 (Gallus gallus)"
"Wounded_2h vs Wounded_0h","pdam_00006855","unknown function"
"Wounded_2h vs Wounded_0h","pdam_00002880","Actn: Alpha-actinin%2C sarcomeric (Anopheles gambiae)"
"Wounded_2h vs Wounded_0h","pdam_00002875","VASH2: Vasohibin-2 (Homo sapiens)"
"Wounded_2h vs Wounded_0h","pdam_00008670","unknown function"
"Wounded_2h vs Wounded_0h","pdam_00004236","wipi2: WD repeat domain phosphoinositide-interacting protein 2 (Xenopus laevis)"
"Wounded_2h vs Wounded_0h","pdam_00016544","Gfpt1: Glutamine--fructose-6-phosphate aminotransferase [isomerizing] 1 (Rattus norvegicus)"
"Wounded_2h vs Wounded_0h","pdam_00016542","Probable glutamate receptor (Lithobates berlandieri)"
"Wounded_2h vs Wounded_0h","pdam_00010000","Adora2a: Adenosine receptor A2a (Mus musculus)"
"Wounded_2h vs Wounded_0h","pdam_00021523","Psmb7: Proteasome subunit beta type-7 (Rattus norvegicus)"
"Wounded_2h vs Wounded_0h","pdam_00019517","RABEPK: Rab9 effector protein with kelch motifs (Homo sapiens)"
"Wounded_2h vs Wounded_0h","pdam_00016206","unknown function"
"Wounded_2h vs Wounded_0h","pdam_00016216","mshA: D-inositol 3-phosphate glycosyltransferase (Nocardioides sp. (strain ATCC BAA-499 / JS614))"
"Wounded_2h vs Wounded_0h","pdam_00018282","unknown function"
"Wounded_2h vs Wounded_0h","pdam_00018279","Slc50a1: Sugar transporter SWEET1 (Mus musculus)"
"Wounded_2h vs Wounded_0h","pdam_00016734","Klhdc10: Kelch domain-containing protein 10 (Rattus norvegicus)"
"Wounded_2h vs Wounded_0h","pdam_00007157","CRBN: Protein cereblon (Gallus gallus)"
"Wounded_2h vs Wounded_0h","pdam_00007144","DPAGT1: UDP-N-acetylglucosamine--dolichyl-phosphate N-acetylglucosaminephosphotransferase (Cricetulus griseus)"
"Wounded_4h vs Wounded_0h","pdam_00021773","unknown function"
"Wounded_4h vs Wounded_0h","pdam_00020559","unknown function"
"Wounded_4h vs Wounded_0h","pdam_00012274","SMARCA4: Transcription activator BRG1 (Homo sapiens)"
"Wounded_4h vs Wounded_0h","pdam_00012260","unknown function"
"Wounded_4h vs Wounded_0h","pdam_00009266","unknown function"
"Wounded_4h vs Wounded_0h","pdam_00018347","unknown function"
"Wounded_4h vs Wounded_0h","pdam_00018362","LPIN3: Phosphatidate phosphatase LPIN3 (Homo sapiens)"
"Wounded_4h vs Wounded_0h","pdam_00008149","HPRT1: Hypoxanthine-guanine phosphoribosyltransferase (Meriones unguiculatus)"
"Wounded_4h vs Wounded_0h","pdam_00008155","rsph1: Radial spoke head 1 homolog (Cyprinus carpio)"
"Wounded_4h vs Wounded_0h","pdam_00008147","esyt3: Extended synaptotagmin-3 (Xenopus tropicalis)"
"Wounded_4h vs Wounded_0h","pdam_00014852","tie1: Tyrosine-protein kinase receptor Tie-1 (Fragment) (Danio rerio)"
"Wounded_4h vs Wounded_0h","pdam_00018216","RPP40: Ribonuclease P protein subunit p40 (Homo sapiens)"
"Wounded_4h vs Wounded_0h","pdam_00007427","Evc: Ellis-van Creveld syndrome protein homolog (Mus musculus)"
"Wounded_4h vs Wounded_0h","pdam_00016000","N: Neurogenic locus Notch protein (Drosophila melanogaster)"
"Wounded_4h vs Wounded_0h","pdam_00015998","Wdr31: WD repeat-containing protein 31 (Mus musculus)"
"Wounded_4h vs Wounded_0h","pdam_00016002","Rabgap1: Rab GTPase-activating protein 1 (Mus musculus)"
"Wounded_4h vs Wounded_0h","pdam_00015207","TTC27: Tetratricopeptide repeat protein 27 (Gallus gallus)"
"Wounded_4h vs Wounded_0h","pdam_00015204","unknown function"
"Wounded_4h vs Wounded_0h","pdam_00011780","LDAH: Lipid droplet-associated hydrolase (Gallus gallus)"
"Wounded_4h vs Wounded_0h","pdam_00011794","unknown function"
"Wounded_4h vs Wounded_0h","pdam_00019851","Actin%2C cytoplasmic (Pisaster ochraceus)"
"Wounded_4h vs Wounded_0h","pdam_00019858","unknown function"
"Wounded_4h vs Wounded_0h","pdam_00014865","unknown function"
"Wounded_4h vs Wounded_0h","pdam_00013207","Adra1b: Alpha-1B adrenergic receptor (Mus musculus)"
"Wounded_4h vs Wounded_0h","pdam_00013211","Cep70: Centrosomal protein of 70 kDa (Mus musculus)"
"Wounded_4h vs Wounded_0h","pdam_00014819","unknown function"
"Wounded_4h vs Wounded_0h","pdam_00020414","Flnc: Filamin-C (Rattus norvegicus)"
"Wounded_4h vs Wounded_0h","pdam_00022662","WWOX: WW domain-containing oxidoreductase (Gallus gallus)"
"Wounded_4h vs Wounded_0h","pdam_00022752","cyp17a1: Steroid 17-alpha-hydroxylase/17%2C20 lyase (Oryzias latipes)"
"Wounded_4h vs Wounded_0h","pdam_00022751","cyp17a1: Steroid 17-alpha-hydroxylase/17%2C20 lyase (Oryzias latipes)"
"Wounded_4h vs Wounded_0h","pdam_00016082","Gabarap: Gamma-aminobutyric acid receptor-associated protein (Rattus norvegicus)"
"Wounded_4h vs Wounded_0h","pdam_00016095","TMPRSS9: Transmembrane protease serine 9 (Homo sapiens)"
"Wounded_4h vs Wounded_0h","pdam_00016092","PRSS36: Polyserase-2 (Homo sapiens)"
"Wounded_4h vs Wounded_0h","pdam_00016094","PLG: Plasminogen (Macropus eugenii)"
"Wounded_4h vs Wounded_0h","pdam_00016091","TMPRSS9: Transmembrane protease serine 9 (Homo sapiens)"
"Wounded_4h vs Wounded_0h","pdam_00016089","Hatching enzyme (Paracentrotus lividus)"
"Wounded_4h vs Wounded_0h","pdam_00008338","Rsl24d1: Probable ribosome biogenesis protein RLP24 (Mus musculus)"
"Wounded_4h vs Wounded_0h","pdam_00006671","SIFaR: Neuropeptide SIFamide receptor (Drosophila melanogaster)"
"Wounded_4h vs Wounded_0h","pdam_00006636","ASCL4: Achaete-scute homolog 4 (Homo sapiens)"
"Wounded_4h vs Wounded_0h","pdam_00015282","unknown function"
"Wounded_4h vs Wounded_0h","pdam_00013412","RGSL1: Regulator of G-protein signaling protein-like (Homo sapiens)"
"Wounded_4h vs Wounded_0h","pdam_00013433","ZDHHC3: Palmitoyltransferase ZDHHC3 (Homo sapiens)"
"Wounded_4h vs Wounded_0h","pdam_00013416","Slc7a9: b(0%2C+)-type amino acid transporter 1 (Mus musculus)"
"Wounded_4h vs Wounded_0h","pdam_00013420","SLC7A9: b(0%2C+)-type amino acid transporter 1 (Homo sapiens)"
"Wounded_4h vs Wounded_0h","pdam_00022283","F5: Coagulation factor V (Bos taurus)"
"Wounded_4h vs Wounded_0h","pdam_00018645","Tollip: Toll-interacting protein (Rattus norvegicus)"
"Wounded_4h vs Wounded_0h","pdam_00011613","unknown function"
"Wounded_4h vs Wounded_0h","pdam_00011616","WAC: WW domain-containing adapter protein with coiled-coil (Homo sapiens)"
"Wounded_4h vs Wounded_0h","pdam_00011627","unknown function"
"Wounded_4h vs Wounded_0h","pdam_00015114","unknown function"
"Wounded_4h vs Wounded_0h","pdam_00013185","ADAM8: Disintegrin and metalloproteinase domain-containing protein 8 (Homo sapiens)"
"Wounded_4h vs Wounded_0h","pdam_00024230","unknown function"
"Wounded_4h vs Wounded_0h","pdam_00021160","edem3: ER degradation-enhancing alpha-mannosidase-like protein 3 (Xenopus laevis)"
"Wounded_4h vs Wounded_0h","pdam_00018807","CYC1: Cytochrome c1%2C heme protein%2C mitochondrial (Bos taurus)"
"Wounded_4h vs Wounded_0h","pdam_00004784","Slc35c2: Solute carrier family 35 member C2 (Mus musculus)"
"Wounded_4h vs Wounded_0h","pdam_00004806","unknown function"
"Wounded_4h vs Wounded_0h","pdam_00004810","RASD2: GTP-binding protein Rhes (Homo sapiens)"
"Wounded_4h vs Wounded_0h","pdam_00015960","PLEKHB2: Pleckstrin homology domain-containing family B member 2 (Pongo abelii)"
"Wounded_4h vs Wounded_0h","pdam_00015967","Equistatin (Actinia equina)"
"Wounded_4h vs Wounded_0h","pdam_00021836","CUX1: Protein CASP (Homo sapiens)"
"Wounded_4h vs Wounded_0h","pdam_00023189","MKRN2OS: MKRN2 opposite strand protein (Homo sapiens)"
"Wounded_4h vs Wounded_0h","pdam_00015730","Ccnb1ip1: E3 ubiquitin-protein ligase CCNB1IP1 (Mus musculus)"
"Wounded_4h vs Wounded_0h","pdam_00025944","Nlrc5: Protein NLRC5 (Mus musculus)"
"Wounded_4h vs Wounded_0h","pdam_00019501","Athl1: Acid trehalase-like protein 1 (Mus musculus)"
"Wounded_4h vs Wounded_0h","pdam_00020944","C5orf51: UPF0600 protein C5orf51 (Homo sapiens)"
"Wounded_4h vs Wounded_0h","pdam_00020941","Mmp9: Matrix metalloproteinase-9 (Mus musculus)"
"Wounded_4h vs Wounded_0h","pdam_00003703","unknown function"
"Wounded_4h vs Wounded_0h","pdam_00003681","Cyp3a41a: Cytochrome P450 3A41 (Mus musculus)"
"Wounded_4h vs Wounded_0h","pdam_00003759","MNAT1: CDK-activating kinase assembly factor MAT1 (Homo sapiens)"
"Wounded_4h vs Wounded_0h","pdam_00024454","Kin: DNA/RNA-binding protein KIN17 (Mus musculus)"
"Wounded_4h vs Wounded_0h","pdam_00017265","mshA: D-inositol 3-phosphate glycosyltransferase (Segniliparus rotundus (strain ATCC BAA-972 / CDC 1076 / CIP 108378 / DSM 44985 / JCM 13578))"
"Wounded_4h vs Wounded_0h","pdam_00017269","Galr2: Galanin receptor type 2 (Mus musculus)"
"Wounded_4h vs Wounded_0h","pdam_00017275","unknown function"
"Wounded_4h vs Wounded_0h","pdam_00009010","unknown function"
"Wounded_4h vs Wounded_0h","pdam_00008996","Adpgk: ADP-dependent glucokinase (Mus musculus)"
"Wounded_4h vs Wounded_0h","pdam_00009002","GNPTG: N-acetylglucosamine-1-phosphotransferase subunit gamma (Bos taurus)"
"Wounded_4h vs Wounded_0h","pdam_00021753","MDP1: Magnesium-dependent phosphatase 1 (Homo sapiens)"
"Wounded_4h vs Wounded_0h","pdam_00022256","unknown function"
"Wounded_4h vs Wounded_0h","pdam_00021481","RTCA: RNA 3'-terminal phosphate cyclase (Macaca fascicularis)"
"Wounded_4h vs Wounded_0h","pdam_00024503","unknown function"
"Wounded_4h vs Wounded_0h","pdam_00015403","Plcg1: 1-phosphatidylinositol 4%2C5-bisphosphate phosphodiesterase gamma-1 (Mus musculus)"
"Wounded_4h vs Wounded_0h","pdam_00015149","WBC30: Putative white-brown complex homolog protein 30 (Arabidopsis thaliana)"
"Wounded_4h vs Wounded_0h","pdam_00015146","ABCG24: ABC transporter G family member 24 (Arabidopsis thaliana)"
"Wounded_4h vs Wounded_0h","pdam_00015556","Pm20d2: Peptidase M20 domain-containing protein 2 (Mus musculus)"
"Wounded_4h vs Wounded_0h","pdam_00015543","unknown function"
"Wounded_4h vs Wounded_0h","pdam_00019299","MCC: Colorectal mutant cancer protein (Homo sapiens)"
"Wounded_4h vs Wounded_0h","pdam_00024388","ADGRD1: Adhesion G-protein coupled receptor D1 (Bos taurus)"
"Wounded_4h vs Wounded_0h","pdam_00017201","gtpA: GTP-binding protein A (Dictyostelium discoideum)"
"Wounded_4h vs Wounded_0h","pdam_00017209","unknown function"
"Wounded_4h vs Wounded_0h","pdam_00022271","KATNBL1: KATNB1-like protein 1 (Homo sapiens)"
"Wounded_4h vs Wounded_0h","pdam_00007704","unknown function"
"Wounded_4h vs Wounded_0h","pdam_00022349","unknown function"
"Wounded_4h vs Wounded_0h","pdam_00004605","ctu1: Cytoplasmic tRNA 2-thiolation protein 1 (Danio rerio)"
"Wounded_4h vs Wounded_0h","pdam_00004615","Dpy19l3: Probable C-mannosyltransferase DPY19L3 (Mus musculus)"
"Wounded_4h vs Wounded_0h","pdam_00007755","HMCN1: Hemicentin-1 (Homo sapiens)"
"Wounded_4h vs Wounded_0h","pdam_00007784","unknown function"
"Wounded_4h vs Wounded_0h","pdam_00007763","Zdhhc22: Palmitoyltransferase ZDHHC22 (Rattus norvegicus)"
"Wounded_4h vs Wounded_0h","pdam_00000330","DNAH10: Dynein heavy chain 10%2C axonemal (Homo sapiens)"
"Wounded_4h vs Wounded_0h","pdam_00000335","Rgs22: Regulator of G-protein signaling 22 (Mus musculus)"
"Wounded_4h vs Wounded_0h","pdam_00000352","ldlrap1-b: Low density lipoprotein receptor adapter protein 1-B (Xenopus laevis)"
"Wounded_4h vs Wounded_0h","pdam_00000384","EFCAB5: EF-hand calcium-binding domain-containing protein 5 (Homo sapiens)"
"Wounded_4h vs Wounded_0h","pdam_00000431","unknown function"
"Wounded_4h vs Wounded_0h","pdam_00000413","PIPOX: Peroxisomal sarcosine oxidase (Homo sapiens)"
"Wounded_4h vs Wounded_0h","pdam_00008067","CNB1: Calcineurin subunit B (Naegleria gruberi)"
"Wounded_4h vs Wounded_0h","pdam_00008046","PAAF1: Proteasomal ATPase-associated factor 1 (Gallus gallus)"
"Wounded_4h vs Wounded_0h","pdam_00008063","lrk-1: Leucine-rich repeat serine/threonine-protein kinase 1 (Caenorhabditis elegans)"
"Wounded_4h vs Wounded_0h","pdam_00022448","CRCP: DNA-directed RNA polymerase III subunit RPC9 (Bos taurus)"
"Wounded_4h vs Wounded_0h","pdam_00017811","unknown function"
"Wounded_4h vs Wounded_0h","pdam_00011402","mtpn: Myotrophin (Danio rerio)"
"Wounded_4h vs Wounded_0h","pdam_00025503","unknown function"
"Wounded_4h vs Wounded_0h","pdam_00008442","unknown function"
"Wounded_4h vs Wounded_0h","pdam_00008443","unknown function"
"Wounded_4h vs Wounded_0h","pdam_00008448","unknown function"
"Wounded_4h vs Wounded_0h","pdam_00017484","unknown function"
"Wounded_4h vs Wounded_0h","pdam_00017888","Wnk1: Serine/threonine-protein kinase WNK1 (Rattus norvegicus)"
"Wounded_4h vs Wounded_0h","pdam_00017893","KAT7: Histone acetyltransferase KAT7 (Homo sapiens)"
"Wounded_4h vs Wounded_0h","pdam_00012091","EIF4ENIF1: Eukaryotic translation initiation factor 4E transporter (Homo sapiens)"
"Wounded_4h vs Wounded_0h","pdam_00005775","CYP20A1: Cytochrome P450 20A1 (Homo sapiens)"
"Wounded_4h vs Wounded_0h","pdam_00010763","COL12A1: Collagen alpha-1(XII) chain (Homo sapiens)"
"Wounded_4h vs Wounded_0h","pdam_00021239","Pcsk5: Proprotein convertase subtilisin/kexin type 5 (Rattus norvegicus)"
"Wounded_4h vs Wounded_0h","pdam_00018669","unknown function"
"Wounded_4h vs Wounded_0h","pdam_00003407","MORN1: MORN repeat-containing protein 1 (Homo sapiens)"
"Wounded_4h vs Wounded_0h","pdam_00014171","unknown function"
"Wounded_4h vs Wounded_0h","pdam_00018536","TESK2: Dual specificity testis-specific protein kinase 2 (Homo sapiens)"
"Wounded_4h vs Wounded_0h","pdam_00012022","unknown function"
"Wounded_4h vs Wounded_0h","pdam_00012014","FANCL: E3 ubiquitin-protein ligase FANCL (Homo sapiens)"
"Wounded_4h vs Wounded_0h","pdam_00017349","CUEDC1: CUE domain-containing protein 1 (Homo sapiens)"
"Wounded_4h vs Wounded_0h","pdam_00024621","ASB9: Ankyrin repeat and SOCS box protein 9 (Homo sapiens)"
"Wounded_4h vs Wounded_0h","pdam_00019130","MAPK8IP1: C-Jun-amino-terminal kinase-interacting protein 1 (Homo sapiens)"
"Wounded_4h vs Wounded_0h","pdam_00022773","unknown function"
"Wounded_4h vs Wounded_0h","pdam_00010024","RAD51B: DNA repair protein RAD51 homolog 2 (Homo sapiens)"
"Wounded_4h vs Wounded_0h","pdam_00010012","Tll1: Tolloid-like protein 1 (Mus musculus)"
"Wounded_4h vs Wounded_0h","pdam_00013882","Rpp38: Ribonuclease P protein subunit p38 (Mus musculus)"
"Wounded_4h vs Wounded_0h","pdam_00008393","MIB1: E3 ubiquitin-protein ligase MIB1 (Homo sapiens)"
"Wounded_4h vs Wounded_0h","pdam_00008373","Nf1: Neurofibromin (Rattus norvegicus)"
"Wounded_4h vs Wounded_0h","pdam_00001557","unknown function"
"Wounded_4h vs Wounded_0h","pdam_00021437","POLD3: DNA polymerase delta subunit 3 (Homo sapiens)"
"Wounded_4h vs Wounded_0h","pdam_00023141","unknown function"
"Wounded_4h vs Wounded_0h","pdam_00024667","DENND6A: Protein DENND6A (Gallus gallus)"
"Wounded_4h vs Wounded_0h","pdam_00016414","RAB5B: Ras-related protein Rab-5B (Gallus gallus)"
"Wounded_4h vs Wounded_0h","pdam_00022122","unknown function"
"Wounded_4h vs Wounded_0h","pdam_00025998","unknown function"
"Wounded_4h vs Wounded_0h","pdam_00003446","unknown function"
"Wounded_4h vs Wounded_0h","pdam_00007493","Asb13: Ankyrin repeat and SOCS box protein 13 (Mus musculus)"
"Wounded_4h vs Wounded_0h","pdam_00007524","unknown function"
"Wounded_4h vs Wounded_0h","pdam_00007526","TAAR6: Trace amine-associated receptor 6 (Pan troglodytes)"
"Wounded_4h vs Wounded_0h","pdam_00010693","PITPNA: Phosphatidylinositol transfer protein alpha isoform (Oryctolagus cuniculus)"
"Wounded_4h vs Wounded_0h","pdam_00010655","C9orf78: Uncharacterized protein C9orf78 (Homo sapiens)"
"Wounded_4h vs Wounded_0h","pdam_00022873","SEC24C: Protein transport protein Sec24C (Homo sapiens)"
"Wounded_4h vs Wounded_0h","pdam_00016288","mrps7: 28S ribosomal protein S7%2C mitochondrial (Danio rerio)"
"Wounded_4h vs Wounded_0h","pdam_00017587","FGFR: Fibroblast growth factor receptor (Halocynthia roretzi)"
"Wounded_4h vs Wounded_0h","pdam_00000736","Eps8: Epidermal growth factor receptor kinase substrate 8 (Rattus norvegicus)"
"Wounded_4h vs Wounded_0h","pdam_00000735","b4gat1: Beta-1%2C4-glucuronyltransferase 1 (Danio rerio)"
"Wounded_4h vs Wounded_0h","pdam_00000796","Tubgcp4: Gamma-tubulin complex component 4 (Mus musculus)"
"Wounded_4h vs Wounded_0h","pdam_00000791","FXN: Frataxin%2C mitochondrial (Homo sapiens)"
"Wounded_4h vs Wounded_0h","pdam_00000860","LINS1: Protein Lines homolog 1 (Homo sapiens)"
"Wounded_4h vs Wounded_0h","pdam_00000889","Htatip2: Oxidoreductase HTATIP2 (Mus musculus)"
"Wounded_4h vs Wounded_0h","pdam_00000758","PDIA4: Protein disulfide-isomerase A4 (Bos taurus)"
"Wounded_4h vs Wounded_0h","pdam_00008004","ADAMTSL1: ADAMTS-like protein 1 (Homo sapiens)"
"Wounded_4h vs Wounded_0h","pdam_00007980","CASQ1: Calsequestrin-1 (Oryctolagus cuniculus)"
"Wounded_4h vs Wounded_0h","pdam_00007999","Acsl4: Long-chain-fatty-acid--CoA ligase 4 (Mus musculus)"
"Wounded_4h vs Wounded_0h","pdam_00008001","ADAMTS6: A disintegrin and metalloproteinase with thrombospondin motifs 6 (Homo sapiens)"
"Wounded_4h vs Wounded_0h","pdam_00015303","Spag6: Sperm-associated antigen 6 (Mus musculus)"
"Wounded_4h vs Wounded_0h","pdam_00014504","PRUNE: Protein prune homolog (Homo sapiens)"
"Wounded_4h vs Wounded_0h","pdam_00014490","unknown function"
"Wounded_4h vs Wounded_0h","pdam_00020449","Banf1: Barrier-to-autointegration factor (Mus musculus)"
"Wounded_4h vs Wounded_0h","pdam_00003159","unknown function"
"Wounded_4h vs Wounded_0h","pdam_00003203","RAPGEF6: Rap guanine nucleotide exchange factor 6 (Homo sapiens)"
"Wounded_4h vs Wounded_0h","pdam_00003190","HMCN1: Hemicentin-1 (Homo sapiens)"
"Wounded_4h vs Wounded_0h","pdam_00004269","unknown function"
"Wounded_4h vs Wounded_0h","pdam_00004325","Vegfd: Vascular endothelial growth factor D (Mus musculus)"
"Wounded_4h vs Wounded_0h","pdam_00004323","commd6: COMM domain-containing protein 6 (Xenopus tropicalis)"
"Wounded_4h vs Wounded_0h","pdam_00004335","Gabbr2: Gamma-aminobutyric acid type B receptor subunit 2 (Rattus norvegicus)"
"Wounded_4h vs Wounded_0h","pdam_00024330","unknown function"
"Wounded_4h vs Wounded_0h","pdam_00006321","Gk: Glycerol kinase (Rattus norvegicus)"
"Wounded_4h vs Wounded_0h","pdam_00006324","LRCH1: Leucine-rich repeat and calponin homology domain-containing protein 1 (Homo sapiens)"
"Wounded_4h vs Wounded_0h","pdam_00003613","nas-13: Zinc metalloproteinase nas-13 (Caenorhabditis elegans)"
"Wounded_4h vs Wounded_0h","pdam_00003595","MTG2: Mitochondrial ribosome-associated GTPase 2 (Pongo abelii)"
"Wounded_4h vs Wounded_0h","pdam_00003652","unknown function"
"Wounded_4h vs Wounded_0h","pdam_00003654","Pdcd5: Programmed cell death protein 5 (Mus musculus)"
"Wounded_4h vs Wounded_0h","pdam_00003642","P4htm: Transmembrane prolyl 4-hydroxylase (Mus musculus)"
"Wounded_4h vs Wounded_0h","pdam_00023485","unknown function"
"Wounded_4h vs Wounded_0h","pdam_00020181","Gpr50: Melatonin-related receptor (Mus musculus)"
"Wounded_4h vs Wounded_0h","pdam_00007869","rhbg: Ammonium transporter Rh type B (Danio rerio)"
"Wounded_4h vs Wounded_0h","pdam_00018174","unknown function"
"Wounded_4h vs Wounded_0h","pdam_00021088","Kif13a: Kinesin-like protein KIF13A (Mus musculus)"
"Wounded_4h vs Wounded_0h","pdam_00025737","YDJC: Carbohydrate deacetylase (Homo sapiens)"
"Wounded_4h vs Wounded_0h","pdam_00002106","cf60: Counting factor 60 (Dictyostelium discoideum)"
"Wounded_4h vs Wounded_0h","pdam_00002142","Txndc12: Thioredoxin domain-containing protein 12 (Epinephelus coioides)"
"Wounded_4h vs Wounded_0h","pdam_00002139","unknown function"
"Wounded_4h vs Wounded_0h","pdam_00002213","unknown function"
"Wounded_4h vs Wounded_0h","pdam_00002162","Tcerg1: Transcription elongation regulator 1 (Mus musculus)"
"Wounded_4h vs Wounded_0h","pdam_00010137","Mgme1: Mitochondrial genome maintenance exonuclease 1 (Mus musculus)"
"Wounded_4h vs Wounded_0h","pdam_00010139","rtn4ip1: Reticulon-4-interacting protein 1 homolog%2C mitochondrial (Danio rerio)"
"Wounded_4h vs Wounded_0h","pdam_00018614","NCS1: Neuronal calcium sensor 1 (Pongo abelii)"
"Wounded_4h vs Wounded_0h","pdam_00000510","Nog: Noggin (Mus musculus)"
"Wounded_4h vs Wounded_0h","pdam_00000513","Utp6: U3 small nucleolar RNA-associated protein 6 homolog (Mus musculus)"
"Wounded_4h vs Wounded_0h","pdam_00000700","FGF4: Fibroblast growth factor 4 (Gallus gallus)"
"Wounded_4h vs Wounded_0h","pdam_00000679","ENTPD5: Ectonucleoside triphosphate diphosphohydrolase 5 (Gallus gallus)"
"Wounded_4h vs Wounded_0h","pdam_00000564","SPAC637.09: Uncharacterized exonuclease C637.09 (Schizosaccharomyces pombe (strain 972 / ATCC 24843))"
"Wounded_4h vs Wounded_0h","pdam_00000566","adrb1: Beta-1 adrenergic receptor (Xenopus laevis)"
"Wounded_4h vs Wounded_0h","pdam_00000555","rhot1a: Mitochondrial Rho GTPase 1-A (Danio rerio)"
"Wounded_4h vs Wounded_0h","pdam_00022972","unknown function"
"Wounded_4h vs Wounded_0h","pdam_00014474","rost: Protein rolling stone (Drosophila melanogaster)"
"Wounded_4h vs Wounded_0h","pdam_00019388","unknown function"
"Wounded_4h vs Wounded_0h","pdam_00019379","unknown function"
"Wounded_4h vs Wounded_0h","pdam_00022141","unknown function"
"Wounded_4h vs Wounded_0h","pdam_00016355","unknown function"
"Wounded_4h vs Wounded_0h","pdam_00021336","Stra6l: Stimulated by retinoic acid gene 6 protein-like (Mus musculus)"
"Wounded_4h vs Wounded_0h","pdam_00018049","Catsper1: Cation channel sperm-associated protein 1 (Mus musculus)"
"Wounded_4h vs Wounded_0h","pdam_00012932","MUC1: Mucin-1 (Homo sapiens)"
"Wounded_4h vs Wounded_0h","pdam_00005490","tmem53: Transmembrane protein 53 (Danio rerio)"
"Wounded_4h vs Wounded_0h","pdam_00005508","DNAH7: Dynein heavy chain 7%2C axonemal (Homo sapiens)"
"Wounded_4h vs Wounded_0h","pdam_00000014","SNUPN: Snurportin-1 (Homo sapiens)"
"Wounded_4h vs Wounded_0h","pdam_00000045","BSG: Basigin (Oryctolagus cuniculus)"
"Wounded_4h vs Wounded_0h","pdam_00000104","DMBT1: Deleted in malignant brain tumors 1 protein (Homo sapiens)"
"Wounded_4h vs Wounded_0h","pdam_00016662","unknown function"
"Wounded_4h vs Wounded_0h","pdam_00018308","unknown function"
"Wounded_4h vs Wounded_0h","pdam_00025125","PXDNL: Peroxidasin-like protein (Homo sapiens)"
"Wounded_4h vs Wounded_0h","pdam_00020588","trim71: E3 ubiquitin-protein ligase TRIM71 (Xenopus tropicalis)"
"Wounded_4h vs Wounded_0h","pdam_00015032","CFAP43: Cilia- and flagella-associated protein 43 (Homo sapiens)"
"Wounded_4h vs Wounded_0h","pdam_00005321","RDH8: Retinol dehydrogenase 8 (Bos taurus)"
"Wounded_4h vs Wounded_0h","pdam_00005384","abhd11: Protein ABHD11 (Danio rerio)"
"Wounded_4h vs Wounded_0h","pdam_00005348","CWC27: Peptidyl-prolyl cis-trans isomerase CWC27 homolog (Homo sapiens)"
"Wounded_4h vs Wounded_0h","pdam_00014063","unknown function"
"Wounded_4h vs Wounded_0h","pdam_00014052","Gba2: Non-lysosomal glucosylceramidase (Rattus norvegicus)"
"Wounded_4h vs Wounded_0h","pdam_00014075","VPS33B: Vacuolar protein sorting-associated protein 33B (Homo sapiens)"
"Wounded_4h vs Wounded_0h","pdam_00024729","unknown function"
"Wounded_4h vs Wounded_0h","pdam_00010105","CEP350: Centrosome-associated protein 350 (Homo sapiens)"
"Wounded_4h vs Wounded_0h","pdam_00010103","TMEM237: Transmembrane protein 237 (Gallus gallus)"
"Wounded_4h vs Wounded_0h","pdam_00012869","Sdc: Syndecan (Drosophila melanogaster)"
"Wounded_4h vs Wounded_0h","pdam_00019648","G6PD: Glucose-6-phosphate 1-dehydrogenase (Macropus robustus)"
"Wounded_4h vs Wounded_0h","pdam_00019651","fbxl5: F-box/LRR-repeat protein 5 (Salmo salar)"
"Wounded_4h vs Wounded_0h","pdam_00004725","Tmprss9: Transmembrane protease serine 9 (Rattus norvegicus)"
"Wounded_4h vs Wounded_0h","pdam_00004756","Otp: Homeobox protein orthopedia (Lytechinus variegatus)"
"Wounded_4h vs Wounded_0h","pdam_00004743","TBCA: Tubulin-specific chaperone A (Homo sapiens)"
"Wounded_4h vs Wounded_0h","pdam_00004764","ZNF670: Zinc finger protein 670 (Homo sapiens)"
"Wounded_4h vs Wounded_0h","pdam_00014658","FMN2: Formin-2 (Homo sapiens)"
"Wounded_4h vs Wounded_0h","pdam_00023438","unknown function"
"Wounded_4h vs Wounded_0h","pdam_00024777","unknown function"
"Wounded_4h vs Wounded_0h","pdam_00018676","TACR2: Substance-K receptor (Mesocricetus auratus)"
"Wounded_4h vs Wounded_0h","pdam_00010256","ATAD2B: ATPase family AAA domain-containing protein 2B (Homo sapiens)"
"Wounded_4h vs Wounded_0h","pdam_00010252","Ube2l3: Ubiquitin-conjugating enzyme E2 L3 (Mus musculus)"
"Wounded_4h vs Wounded_0h","pdam_00010216","NRXN2: Neurexin-2 (Homo sapiens)"
"Wounded_4h vs Wounded_0h","pdam_00015161","Xrcc4: DNA repair protein XRCC4 (Mus musculus)"
"Wounded_4h vs Wounded_0h","pdam_00015170","ARHGAP39: Rho GTPase-activating protein 39 (Homo sapiens)"
"Wounded_4h vs Wounded_0h","pdam_00024803","unknown function"
"Wounded_4h vs Wounded_0h","pdam_00020084","unknown function"
"Wounded_4h vs Wounded_0h","pdam_00014626","PLD2: Phospholipase D2 (Homo sapiens)"
"Wounded_4h vs Wounded_0h","pdam_00009135","CSNK2A1: Casein kinase II subunit alpha (Gallus gallus)"
"Wounded_4h vs Wounded_0h","pdam_00009108","Mvd: Diphosphomevalonate decarboxylase (Mus musculus)"
"Wounded_4h vs Wounded_0h","pdam_00022018","F2: Prothrombin (Homo sapiens)"
"Wounded_4h vs Wounded_0h","pdam_00014715","Meltf: Melanotransferrin (Mus musculus)"
"Wounded_4h vs Wounded_0h","pdam_00014734","TMEM65: Transmembrane protein 65 (Bos taurus)"
"Wounded_4h vs Wounded_0h","pdam_00015494","BCL3: B-cell lymphoma 3 protein (Homo sapiens)"
"Wounded_4h vs Wounded_0h","pdam_00015495","MRPL17: 39S ribosomal protein L17%2C mitochondrial (Homo sapiens)"
"Wounded_4h vs Wounded_0h","pdam_00015516","Uncharacterized skeletal organic matrix protein 5 (Acropora millepora)"
"Wounded_4h vs Wounded_0h","pdam_00013325","Map3k7: Mitogen-activated protein kinase kinase kinase 7 (Mus musculus)"
"Wounded_4h vs Wounded_0h","pdam_00013310","CFAP47: Cilia- and flagella-associated protein 47 (Homo sapiens)"
"Wounded_4h vs Wounded_0h","pdam_00021625","PTX4: Pentraxin-4 (Homo sapiens)"
"Wounded_4h vs Wounded_0h","pdam_00023749","unknown function"
"Wounded_4h vs Wounded_0h","pdam_00020215","PDHA1: Pyruvate dehydrogenase E1 component subunit alpha%2C somatic form%2C mitochondrial (Bos taurus)"
"Wounded_4h vs Wounded_0h","pdam_00022393","unknown function"
"Wounded_4h vs Wounded_0h","pdam_00013711","unknown function"
"Wounded_4h vs Wounded_0h","pdam_00020442","PARP1: Poly [ADP-ribose] polymerase 1 (Gallus gallus)"
"Wounded_4h vs Wounded_0h","pdam_00006589","UPF0160 protein MYG1%2C mitochondrial (Bos taurus)"
"Wounded_4h vs Wounded_0h","pdam_00006621","AACS: Acetoacetyl-CoA synthetase (Macaca fascicularis)"
"Wounded_4h vs Wounded_0h","pdam_00017581","NXF1: Nuclear RNA export factor 1 (Homo sapiens)"
"Wounded_4h vs Wounded_0h","pdam_00022123","NTF2: Nuclear transport factor 2 (Saccharomyces cerevisiae (strain ATCC 204508 / S288c))"
"Wounded_4h vs Wounded_0h","pdam_00019281","unknown function"
"Wounded_4h vs Wounded_0h","pdam_00014018","SHH: Sonic hedgehog protein (Gallus gallus)"
"Wounded_4h vs Wounded_0h","pdam_00006807","HRH2: Histamine H2 receptor (Canis lupus familiaris)"
"Wounded_4h vs Wounded_0h","pdam_00005619","trim71: E3 ubiquitin-protein ligase TRIM71 (Danio rerio)"
"Wounded_4h vs Wounded_0h","pdam_00005660","Protein BUD31 homolog (Branchiostoma belcheri)"
"Wounded_4h vs Wounded_0h","pdam_00005664","RDH12: Retinol dehydrogenase 12 (Bos taurus)"
"Wounded_4h vs Wounded_0h","pdam_00011451","Sms: Spermine synthase (Mus musculus)"
"Wounded_4h vs Wounded_0h","pdam_00022365","PRPF39: Pre-mRNA-processing factor 39 (Homo sapiens)"
"Wounded_4h vs Wounded_0h","pdam_00017393","OPLAH: 5-oxoprolinase (Homo sapiens)"
"Wounded_4h vs Wounded_0h","pdam_00008214","unknown function"
"Wounded_4h vs Wounded_0h","pdam_00008237","ark-1: Ack-related non-receptor tyrosine kinase (Caenorhabditis elegans)"
"Wounded_4h vs Wounded_0h","pdam_00022321","Adrb2: Beta-2 adrenergic receptor (Mus musculus)"
"Wounded_4h vs Wounded_0h","pdam_00019723","unknown function"
"Wounded_4h vs Wounded_0h","pdam_00023653","unknown function"
"Wounded_4h vs Wounded_0h","pdam_00013943","WDR41: WD repeat-containing protein 41 (Homo sapiens)"
"Wounded_4h vs Wounded_0h","pdam_00025479","Mrc1: Macrophage mannose receptor 1 (Mus musculus)"
"Wounded_4h vs Wounded_0h","pdam_00010192","unknown function"
"Wounded_4h vs Wounded_0h","pdam_00010200","kiaa1324l: UPF0577 protein KIAA1324-like homolog (Xenopus laevis)"
"Wounded_4h vs Wounded_0h","pdam_00022505","COMMD10: COMM domain-containing protein 10 (Homo sapiens)"
"Wounded_4h vs Wounded_0h","pdam_00024862","GBP3: Guanylate-binding protein 3 (Homo sapiens)"
"Wounded_4h vs Wounded_0h","pdam_00024863","unknown function"
"Wounded_4h vs Wounded_0h","pdam_00006372","SLC2A3: Solute carrier family 2%2C facilitated glucose transporter member 3 (Canis lupus familiaris)"
"Wounded_4h vs Wounded_0h","pdam_00006347","PLEKHM2: Pleckstrin homology domain-containing family M member 2 (Homo sapiens)"
"Wounded_4h vs Wounded_0h","pdam_00006397","Hmcn1: Hemicentin-1 (Mus musculus)"
"Wounded_4h vs Wounded_0h","pdam_00006345","ATP13A2: Probable cation-transporting ATPase 13A2 (Homo sapiens)"
"Wounded_4h vs Wounded_0h","pdam_00013168","Mfge8: Lactadherin (Rattus norvegicus)"
"Wounded_4h vs Wounded_0h","pdam_00025274","unknown function"
"Wounded_4h vs Wounded_0h","pdam_00024128","Aig1: Androgen-induced gene 1 protein (Mus musculus)"
"Wounded_4h vs Wounded_0h","pdam_00004025","GABBR2: Gamma-aminobutyric acid type B receptor subunit 2 (Homo sapiens)"
"Wounded_4h vs Wounded_0h","pdam_00003988","DNAH5: Dynein heavy chain 5%2C axonemal (Homo sapiens)"
"Wounded_4h vs Wounded_0h","pdam_00004030","LDLRAP1: Low density lipoprotein receptor adapter protein 1 (Homo sapiens)"
"Wounded_4h vs Wounded_0h","pdam_00018019","GLUL: Glutamine synthetase (Acomys cahirinus)"
"Wounded_4h vs Wounded_0h","pdam_00022847","KLHDC3: Kelch domain-containing protein 3 (Bos taurus)"
"Wounded_4h vs Wounded_0h","pdam_00021997","ROBO1: Roundabout homolog 1 (Homo sapiens)"
"Wounded_4h vs Wounded_0h","pdam_00009557","unknown function"
"Wounded_4h vs Wounded_0h","pdam_00009534","cwf19l2: CWF19-like protein 2 (Danio rerio)"
"Wounded_4h vs Wounded_0h","pdam_00009579","unknown function"
"Wounded_4h vs Wounded_0h","pdam_00009550","sap30l: Histone deacetylase complex subunit SAP30L (Danio rerio)"
"Wounded_4h vs Wounded_0h","pdam_00023506","unknown function"
"Wounded_4h vs Wounded_0h","pdam_00022114","Stxbp1: Syntaxin-binding protein 1 (Rattus norvegicus)"
"Wounded_4h vs Wounded_0h","pdam_00001947","Mettl25: Methyltransferase-like protein 25 (Mus musculus)"
"Wounded_4h vs Wounded_0h","pdam_00001983","unknown function"
"Wounded_4h vs Wounded_0h","pdam_00024108","unknown function"
"Wounded_4h vs Wounded_0h","pdam_00024107","unknown function"
"Wounded_4h vs Wounded_0h","pdam_00023410","ACX1: Peroxisomal acyl-coenzyme A oxidase 1 (Arabidopsis thaliana)"
"Wounded_4h vs Wounded_0h","pdam_00021781","PDE6D: Retinal rod rhodopsin-sensitive cGMP 3'%2C5'-cyclic phosphodiesterase subunit delta (Canis lupus familiaris)"
"Wounded_4h vs Wounded_0h","pdam_00008876","eomes: Eomesodermin (Xenopus laevis)"
"Wounded_4h vs Wounded_0h","pdam_00008877","unknown function"
"Wounded_4h vs Wounded_0h","pdam_00008912","ca2: Carbonic anhydrase 2 (Tribolodon hakonensis)"
"Wounded_4h vs Wounded_0h","pdam_00007557","Cht3: Probable chitinase 3 (Drosophila melanogaster)"
"Wounded_4h vs Wounded_0h","pdam_00021135","Trpm6: Transient receptor potential cation channel subfamily M member 6 (Mus musculus)"
"Wounded_4h vs Wounded_0h","pdam_00025555","unknown function"
"Wounded_4h vs Wounded_0h","pdam_00008828","taf1b: TATA box-binding protein-associated factor RNA polymerase I subunit B (Xenopus laevis)"
"Wounded_4h vs Wounded_0h","pdam_00008853","CTSC: Dipeptidyl peptidase 1 (Homo sapiens)"
"Wounded_4h vs Wounded_0h","pdam_00020633","tctex1d1-a: Tctex1 domain-containing protein 1-A (Xenopus laevis)"
"Wounded_4h vs Wounded_0h","pdam_00020631","zyg11: Protein zyg-11 homolog (Danio rerio)"
"Wounded_4h vs Wounded_0h","pdam_00008709","Tpp1: Tripeptidyl-peptidase 1 (Mus musculus)"
"Wounded_4h vs Wounded_0h","pdam_00008675","Spase22-23: Signal peptidase complex subunit 3 (Drosophila melanogaster)"
"Wounded_4h vs Wounded_0h","pdam_00008721","unknown function"
"Wounded_4h vs Wounded_0h","pdam_00008724","GNS: N-acetylglucosamine-6-sulfatase (Homo sapiens)"
"Wounded_4h vs Wounded_0h","pdam_00008680","nphp3: Nephrocystin-3 (Xenopus laevis)"
"Wounded_4h vs Wounded_0h","pdam_00008304","unknown function"
"Wounded_4h vs Wounded_0h","pdam_00007192","Kcnk3: Potassium channel subfamily K member 3 (Mus musculus)"
"Wounded_4h vs Wounded_0h","pdam_00005993","speg: Striated muscle preferentially expressed protein kinase (Danio rerio)"
"Wounded_4h vs Wounded_0h","pdam_00005975","elp5: Elongator complex protein 5 (Danio rerio)"
"Wounded_4h vs Wounded_0h","pdam_00011166","jagn1: Protein jagunal homolog 1 (Xenopus tropicalis)"
"Wounded_4h vs Wounded_0h","pdam_00011165","Son: Protein SON (Mus musculus)"
"Wounded_4h vs Wounded_0h","pdam_00007239","grrA: SCF E3 ubiquitin ligase complex F-box protein grrA (Emericella nidulans (strain FGSC A4 / ATCC 38163 / CBS 112.46 / NRRL 194 / M139))"
"Wounded_4h vs Wounded_0h","pdam_00007265","unknown function"
"Wounded_4h vs Wounded_0h","pdam_00012766","glra1: Glycine receptor subunit alphaZ1 (Danio rerio)"
"Wounded_4h vs Wounded_0h","pdam_00012776","unknown function"
"Wounded_4h vs Wounded_0h","pdam_00012769","XAB2: Pre-mRNA-splicing factor SYF1 (Homo sapiens)"
"Wounded_4h vs Wounded_0h","pdam_00022298","Snx6: Sorting nexin-6 (Mus musculus)"
"Wounded_4h vs Wounded_0h","pdam_00022295","TTLL12: Tubulin--tyrosine ligase-like protein 12 (Homo sapiens)"
"Wounded_4h vs Wounded_0h","pdam_00013134","Cntn3: Contactin-3 (Mus musculus)"
"Wounded_4h vs Wounded_0h","pdam_00013128","unknown function"
"Wounded_4h vs Wounded_0h","pdam_00013095","Lrrc27: Leucine-rich repeat-containing protein 27 (Mus musculus)"
"Wounded_4h vs Wounded_0h","pdam_00013106","NAA40: N-alpha-acetyltransferase 40 (Homo sapiens)"
"Wounded_4h vs Wounded_0h","pdam_00022054","Gamma-butyrobetaine dioxygenase (Pseudomonas sp. (strain AK-1))"
"Wounded_4h vs Wounded_0h","pdam_00002278","ANKRD63: Ankyrin repeat domain-containing protein 63 (Homo sapiens)"
"Wounded_4h vs Wounded_0h","pdam_00002262","unknown function"
"Wounded_4h vs Wounded_0h","pdam_00002224","ABCD3: ATP-binding cassette sub-family D member 3 (Homo sapiens)"
"Wounded_4h vs Wounded_0h","pdam_00002219","Col1a2: Collagen alpha-2(I) chain (Rattus norvegicus)"
"Wounded_4h vs Wounded_0h","pdam_00002215","PSME3: Proteasome activator complex subunit 3 (Pongo abelii)"
"Wounded_4h vs Wounded_0h","pdam_00018076","FGFR: Fibroblast growth factor receptor (Strongylocentrotus purpuratus)"
"Wounded_4h vs Wounded_0h","pdam_00014288","NPC2: Epididymal secretory protein E1 (Pan troglodytes)"
"Wounded_4h vs Wounded_0h","pdam_00022399","Babam1: BRISC and BRCA1-A complex member 1 (Mus musculus)"
"Wounded_4h vs Wounded_0h","pdam_00022405","SREK1: Splicing regulatory glutamine/lysine-rich protein 1 (Homo sapiens)"
"Wounded_4h vs Wounded_0h","pdam_00012504","GABBR1: Gamma-aminobutyric acid type B receptor subunit 1 (Homo sapiens)"
"Wounded_4h vs Wounded_0h","pdam_00010557","Carnmt1: Carnosine N-methyltransferase (Mus musculus)"
"Wounded_4h vs Wounded_0h","pdam_00010518","unknown function"
"Wounded_4h vs Wounded_0h","pdam_00010542","Enpep: Glutamyl aminopeptidase (Mus musculus)"
"Wounded_4h vs Wounded_0h","pdam_00010533","unknown function"
"Wounded_4h vs Wounded_0h","pdam_00016616","unknown function"
"Wounded_4h vs Wounded_0h","pdam_00018900","Fbxo31: F-box only protein 31 (Mus musculus)"
"Wounded_4h vs Wounded_0h","pdam_00004859","OXSM: 3-oxoacyl-[acyl-carrier-protein] synthase%2C mitochondrial (Homo sapiens)"
"Wounded_4h vs Wounded_0h","pdam_00011297","unknown function"
"Wounded_4h vs Wounded_0h","pdam_00012575","nell2: Protein kinase C-binding protein NELL2 (Xenopus tropicalis)"
"Wounded_4h vs Wounded_0h","pdam_00012602","unknown function"
"Wounded_4h vs Wounded_0h","pdam_00018375","Uncharacterized skeletal organic matrix protein 5 (Acropora millepora)"
"Wounded_4h vs Wounded_0h","pdam_00018372","SCARB1: Scavenger receptor class B member 1 (Homo sapiens)"
"Wounded_4h vs Wounded_0h","pdam_00024539","Nbn: Nibrin (Mus musculus)"
"Wounded_4h vs Wounded_0h","pdam_00016598","TP73: Tumor protein p73 (Chlorocebus aethiops)"
"Wounded_4h vs Wounded_0h","pdam_00013344","MXAN_0863: UPF0061 protein MXAN_0863 (Myxococcus xanthus (strain DK 1622))"
"Wounded_4h vs Wounded_0h","pdam_00021066","Slc26a6: Solute carrier family 26 member 6 (Mus musculus)"
"Wounded_4h vs Wounded_0h","pdam_00019683","HS1BP3: HCLS1-binding protein 3 (Homo sapiens)"
"Wounded_4h vs Wounded_0h","pdam_00024958","GPSM2: G-protein-signaling modulator 2 (Homo sapiens)"
"Wounded_4h vs Wounded_0h","pdam_00017527","C21orf59: UPF0769 protein C21orf59 (Homo sapiens)"
"Wounded_4h vs Wounded_0h","pdam_00017311","Dcp2: m7GpppN-mRNA hydrolase (Mus musculus)"
"Wounded_4h vs Wounded_0h","pdam_00017292","unknown function"
"Wounded_4h vs Wounded_0h","pdam_00001370","SSUH2: Protein SSUH2 homolog (Homo sapiens)"
"Wounded_4h vs Wounded_0h","pdam_00001390","v1g226489: Ragulator complex protein LAMTOR5 homolog (Nematostella vectensis)"
"Wounded_4h vs Wounded_0h","pdam_00001412","SULT1B1: Sulfotransferase family cytosolic 1B member 1 (Homo sapiens)"
"Wounded_4h vs Wounded_0h","pdam_00001432","CPA2: Carboxypeptidase A2 (Homo sapiens)"
"Wounded_4h vs Wounded_0h","pdam_00001456","Manf: Mesencephalic astrocyte-derived neurotrophic factor homolog (Drosophila grimshawi)"
"Wounded_4h vs Wounded_0h","pdam_00012490","Snrnp27: U4/U6.U5 small nuclear ribonucleoprotein 27 kDa protein (Mus musculus)"
"Wounded_4h vs Wounded_0h","pdam_00012492","unknown function"
"Wounded_4h vs Wounded_0h","pdam_00013265","TSPAN9: Tetraspanin-9 (Homo sapiens)"
"Wounded_4h vs Wounded_0h","pdam_00013258","SPEF2: Sperm flagellar protein 2 (Sus scrofa)"
"Wounded_4h vs Wounded_0h","pdam_00016506","unknown function"
"Wounded_4h vs Wounded_0h","pdam_00011764","ZNF143: Zinc finger protein 143 (Homo sapiens)"
"Wounded_4h vs Wounded_0h","pdam_00005282","Kalrn: Kalirin (Mus musculus)"
"Wounded_4h vs Wounded_0h","pdam_00009344","unknown function"
"Wounded_4h vs Wounded_0h","pdam_00009329","Ints1: Integrator complex subunit 1 (Mus musculus)"
"Wounded_4h vs Wounded_0h","pdam_00009321","flw: Serine/threonine-protein phosphatase beta isoform (Drosophila melanogaster)"
"Wounded_4h vs Wounded_0h","pdam_00016781","unknown function"
"Wounded_4h vs Wounded_0h","pdam_00016793","unknown function"
"Wounded_4h vs Wounded_0h","pdam_00006440","SSBP1: Single-stranded DNA-binding protein%2C mitochondrial (Bos taurus)"
"Wounded_4h vs Wounded_0h","pdam_00002594","CAMSAP1: Calmodulin-regulated spectrin-associated protein 1 (Homo sapiens)"
"Wounded_4h vs Wounded_0h","pdam_00002608","WDFY3: WD repeat and FYVE domain-containing protein 3 (Homo sapiens)"
"Wounded_4h vs Wounded_0h","pdam_00002624","Rims2: Regulating synaptic membrane exocytosis protein 2 (Rattus norvegicus)"
"Wounded_4h vs Wounded_0h","pdam_00002623","Adcy3: Adenylate cyclase type 3 (Mus musculus)"
"Wounded_4h vs Wounded_0h","pdam_00002651","ECHDC3: Enoyl-CoA hydratase domain-containing protein 3%2C mitochondrial (Homo sapiens)"
"Wounded_4h vs Wounded_0h","pdam_00002687","Smchd1: Structural maintenance of chromosomes flexible hinge domain-containing protein 1 (Mus musculus)"
"Wounded_4h vs Wounded_0h","pdam_00002653","KCNQ5: Potassium voltage-gated channel subfamily KQT member 5 (Homo sapiens)"
"Wounded_4h vs Wounded_0h","pdam_00002685","EFHC1: EF-hand domain-containing protein 1 (Homo sapiens)"
"Wounded_4h vs Wounded_0h","pdam_00012958","trip12: E3 ubiquitin-protein ligase TRIP12 (Xenopus tropicalis)"
"Wounded_4h vs Wounded_0h","pdam_00012938","smc4: Structural maintenance of chromosomes protein 4 (Xenopus laevis)"
"Wounded_4h vs Wounded_0h","pdam_00022550","unknown function"
"Wounded_4h vs Wounded_0h","pdam_00018568","NUDT8: Nudix hydrolase 8 (Arabidopsis thaliana)"
"Wounded_4h vs Wounded_0h","pdam_00018567","Sbno1: Protein strawberry notch homolog 1 (Mus musculus)"
"Wounded_4h vs Wounded_0h","pdam_00019991","CD163: Scavenger receptor cysteine-rich type 1 protein M130 (Canis lupus familiaris)"
"Wounded_4h vs Wounded_0h","pdam_00003066","sdf4: 45 kDa calcium-binding protein (Danio rerio)"
"Wounded_4h vs Wounded_0h","pdam_00003082","Copb2: Coatomer subunit beta' (Mus musculus)"
"Wounded_4h vs Wounded_0h","pdam_00003122","GOLIM4: Golgi integral membrane protein 4 (Homo sapiens)"
"Wounded_4h vs Wounded_0h","pdam_00010332","unknown function"
"Wounded_4h vs Wounded_0h","pdam_00010297","unknown function"
"Wounded_4h vs Wounded_0h","pdam_00005727","Ntn1: Netrin-1 (Mus musculus)"
"Wounded_4h vs Wounded_0h","pdam_00005719","LCMT1: Leucine carboxyl methyltransferase 1 (Homo sapiens)"
"Wounded_4h vs Wounded_0h","pdam_00025815","unknown function"
"Wounded_4h vs Wounded_0h","pdam_00022954","GSTM3: Glutathione S-transferase Mu 3 (Homo sapiens)"
"Wounded_4h vs Wounded_0h","pdam_00020885","CLIC1: Chloride intracellular channel protein 1 (Homo sapiens)"
"Wounded_4h vs Wounded_0h","pdam_00006262","unknown function"
"Wounded_4h vs Wounded_0h","pdam_00006271","slc46a1: Proton-coupled folate transporter (Danio rerio)"
"Wounded_4h vs Wounded_0h","pdam_00006245","Orct: Organic cation transporter protein (Drosophila melanogaster)"
"Wounded_4h vs Wounded_0h","pdam_00011033","bdh2: 3-hydroxybutyrate dehydrogenase type 2 (Lithobates catesbeiana)"
"Wounded_4h vs Wounded_0h","pdam_00007750","ERICH3: Glutamate-rich protein 3 (Homo sapiens)"
"Wounded_4h vs Wounded_0h","pdam_00007730","bop1-b: Ribosome biogenesis protein bop1-B (Xenopus laevis)"
"Wounded_4h vs Wounded_0h","pdam_00007708","jub: LIM domain-containing protein jub (Drosophila melanogaster)"
"Wounded_4h vs Wounded_0h","pdam_00012236","unknown function"
"Wounded_4h vs Wounded_0h","pdam_00012218","Adamts15: A disintegrin and metalloproteinase with thrombospondin motifs 15 (Mus musculus)"
"Wounded_4h vs Wounded_0h","pdam_00014232","unknown function"
"Wounded_4h vs Wounded_0h","pdam_00013531","HECTD1: E3 ubiquitin-protein ligase HECTD1 (Homo sapiens)"
"Wounded_4h vs Wounded_0h","pdam_00013529","unknown function"
"Wounded_4h vs Wounded_0h","pdam_00013537","bmi1b: Polycomb complex protein BMI-1-B (Danio rerio)"
"Wounded_4h vs Wounded_0h","pdam_00017971","SLC9A3R2: Na(+)/H(+) exchange regulatory cofactor NHE-RF2 (Oryctolagus cuniculus)"
"Wounded_4h vs Wounded_0h","pdam_00021033","unknown function"
"Wounded_4h vs Wounded_0h","pdam_00002985","zic4: Zinc finger protein ZIC 4 (Xenopus laevis)"
"Wounded_4h vs Wounded_0h","pdam_00003015","ube2ia: SUMO-conjugating enzyme UBC9-A (Danio rerio)"
"Wounded_4h vs Wounded_0h","pdam_00003040","LRRC14: Leucine-rich repeat-containing protein 14 (Homo sapiens)"
"Wounded_4h vs Wounded_0h","pdam_00002991","notch1: Neurogenic locus notch homolog protein 1 (Xenopus tropicalis)"
"Wounded_4h vs Wounded_0h","pdam_00020831","Zfp26: Zinc finger protein 26 (Mus musculus)"
"Wounded_4h vs Wounded_0h","pdam_00020856","LEPROTL1: Leptin receptor overlapping transcript-like 1 (Bos taurus)"
"Wounded_4h vs Wounded_0h","pdam_00020557","RCHY1: RING finger and CHY zinc finger domain-containing protein 1 (Homo sapiens)"
"Wounded_4h vs Wounded_0h","pdam_00016074","unknown function"
"Wounded_4h vs Wounded_0h","pdam_00008622","PEO1: Twinkle protein%2C mitochondrial (Homo sapiens)"
"Wounded_4h vs Wounded_0h","pdam_00008603","unknown function"
"Wounded_4h vs Wounded_0h","pdam_00024005","unknown function"
"Wounded_4h vs Wounded_0h","pdam_00004134","hmu: Halomucin (Haloquadratum walsbyi (strain DSM 16790 / HBSQ001))"
"Wounded_4h vs Wounded_0h","pdam_00024495","COL1A2: Collagen alpha-2(I) chain (Fragment) (Oryctolagus cuniculus)"
"Wounded_4h vs Wounded_0h","pdam_00021552","unknown function"
"Wounded_4h vs Wounded_0h","pdam_00015929","Hephaestin-like protein (Acropora millepora)"
"Wounded_4h vs Wounded_0h","pdam_00021503","Hlx: H2.0-like homeobox protein (Mus musculus)"
"Wounded_4h vs Wounded_0h","pdam_00021709","TTC28: Tetratricopeptide repeat protein 28 (Homo sapiens)"
"Wounded_4h vs Wounded_0h","pdam_00000926","MGAT4C: Alpha-1%2C3-mannosyl-glycoprotein 4-beta-N-acetylglucosaminyltransferase C (Gallus gallus)"
"Wounded_4h vs Wounded_0h","pdam_00000968","TUBB4B: Tubulin beta-4B chain (Fragments) (Mesocricetus auratus)"
"Wounded_4h vs Wounded_0h","pdam_00000980","unknown function"
"Wounded_4h vs Wounded_0h","pdam_00001026","NUDT3: Diphosphoinositol polyphosphate phosphohydrolase 1 (Homo sapiens)"
"Wounded_4h vs Wounded_0h","pdam_00014330","DNAJB9: DnaJ homolog subfamily B member 9 (Pongo abelii)"
"Wounded_4h vs Wounded_0h","pdam_00014314","unknown function"
"Wounded_4h vs Wounded_0h","pdam_00005558","SPG20: Spartin (Bos taurus)"
"Wounded_4h vs Wounded_0h","pdam_00005566","CTRC: Chymotrypsin-C (Bos taurus)"
"Wounded_4h vs Wounded_0h","pdam_00005604","gtdc1: Glycosyltransferase-like domain-containing protein 1 (Danio rerio)"
"Wounded_4h vs Wounded_0h","pdam_00005565","Trypsin-1 (Astacus astacus)"
"Wounded_4h vs Wounded_0h","pdam_00005578","unknown function"
"Wounded_4h vs Wounded_0h","pdam_00010826","SPAC25B8.10: Uncharacterized methyltransferase-like C25B8.10 (Schizosaccharomyces pombe (strain 972 / ATCC 24843))"
"Wounded_4h vs Wounded_0h","pdam_00010849","ALX4: Homeobox protein aristaless-like 4 (Bos taurus)"
"Wounded_4h vs Wounded_0h","pdam_00010824","Smyd4: SET and MYND domain-containing protein 4 (Mus musculus)"
"Wounded_4h vs Wounded_0h","pdam_00005117","ATF7IP: Activating transcription factor 7-interacting protein 1 (Gallus gallus)"
"Wounded_4h vs Wounded_0h","pdam_00005129","ADRB1: Beta-1 adrenergic receptor (Meleagris gallopavo)"
"Wounded_4h vs Wounded_0h","pdam_00005168","unknown function"
"Wounded_4h vs Wounded_0h","pdam_00018199","WDR97: WD repeat-containing protein 97 (Homo sapiens)"
"Wounded_4h vs Wounded_0h","pdam_00004440","ORC4: Origin recognition complex subunit 4 (Bos taurus)"
"Wounded_4h vs Wounded_0h","pdam_00018250","Rnaseh2c: Ribonuclease H2 subunit C (Mus musculus)"
"Wounded_4h vs Wounded_0h","pdam_00011995","HECTD1: E3 ubiquitin-protein ligase HECTD1 (Homo sapiens)"
"Wounded_4h vs Wounded_0h","pdam_00010615","CCNT1: Cyclin-T1 (Equus caballus)"
"Wounded_4h vs Wounded_0h","pdam_00022885","Mlc-c: Myosin-2 essential light chain (Drosophila melanogaster)"
"Wounded_4h vs Wounded_0h","pdam_00007349","SH3BGRL3: SH3 domain-binding glutamic acid-rich-like protein 3 (Pongo abelii)"
"Wounded_4h vs Wounded_0h","pdam_00007321","Atp5o: ATP synthase subunit O%2C mitochondrial (Mus musculus)"
"Wounded_4h vs Wounded_0h","pdam_00007314","tmem135: Transmembrane protein 135 (Xenopus laevis)"
"Wounded_4h vs Wounded_0h","pdam_00015822","PRKD3: Serine/threonine-protein kinase D3 (Homo sapiens)"
"Wounded_4h vs Wounded_0h","pdam_00005882","col27a1b: Collagen alpha-1(XXVII) chain B (Danio rerio)"
"Wounded_4h vs Wounded_0h","pdam_00005907","CDC16: Cell division cycle protein 16 homolog (Homo sapiens)"
"Wounded_4h vs Wounded_0h","pdam_00005912","coa7-b: Cytochrome c oxidase assembly factor 7B (Xenopus laevis)"
"Wounded_4h vs Wounded_0h","pdam_00005923","unknown function"
"Wounded_4h vs Wounded_0h","pdam_00005891","CG7708: High-affinity choline transporter 1 (Drosophila melanogaster)"
"Wounded_4h vs Wounded_0h","pdam_00005892","Slc5a7: High affinity choline transporter 1 (Rattus norvegicus)"
"Wounded_4h vs Wounded_0h","pdam_00005920","unknown function"
"Wounded_4h vs Wounded_0h","pdam_00020686","DDB_G0281931: Putative leucine-rich repeat-containing protein DDB_G0281931 (Dictyostelium discoideum)"
"Wounded_4h vs Wounded_0h","pdam_00012811","unknown function"
"Wounded_4h vs Wounded_0h","pdam_00012810","unknown function"
"Wounded_4h vs Wounded_0h","pdam_00012807","unknown function"
"Wounded_4h vs Wounded_0h","pdam_00005209","PPP1R7: Protein phosphatase 1 regulatory subunit 7 (Homo sapiens)"
"Wounded_4h vs Wounded_0h","pdam_00002461","Adamts16: A disintegrin and metalloproteinase with thrombospondin motifs 16 (Mus musculus)"
"Wounded_4h vs Wounded_0h","pdam_00002572","tll1: Tolloid-like protein 1 (Xenopus laevis)"
"Wounded_4h vs Wounded_0h","pdam_00002565","unknown function"
"Wounded_4h vs Wounded_0h","pdam_00002567","unknown function"
"Wounded_4h vs Wounded_0h","pdam_00004357","tmem223: Transmembrane protein 223 (Danio rerio)"
"Wounded_4h vs Wounded_0h","pdam_00004340","foxred1: FAD-dependent oxidoreductase domain-containing protein 1 (Xenopus laevis)"
"Wounded_4h vs Wounded_0h","pdam_00004402","unknown function"
"Wounded_4h vs Wounded_0h","pdam_00004417","unknown function"
"Wounded_4h vs Wounded_0h","pdam_00005003","tmem53: Transmembrane protein 53 (Danio rerio)"
"Wounded_4h vs Wounded_0h","pdam_00004985","sox8: Transcription factor Sox-8 (Tetraodon nigroviridis)"
"Wounded_4h vs Wounded_0h","pdam_00004974","CHST3: Carbohydrate sulfotransferase 3 (Homo sapiens)"
"Wounded_4h vs Wounded_0h","pdam_00017776","CP33: RNA-binding protein CP33%2C chloroplastic (Arabidopsis thaliana)"
"Wounded_4h vs Wounded_0h","pdam_00017780","MFSD12: Major facilitator superfamily domain-containing protein 12 (Homo sapiens)"
"Wounded_4h vs Wounded_0h","pdam_00017759","unknown function"
"Wounded_4h vs Wounded_0h","pdam_00024291","unknown function"
"Wounded_4h vs Wounded_0h","pdam_00020926","RAB23: Ras-related protein Rab-23 (Homo sapiens)"
"Wounded_4h vs Wounded_0h","pdam_00016402","lat-2: Latrophilin-like protein LAT-2 (Caenorhabditis elegans)"
"Wounded_4h vs Wounded_0h","pdam_00015369","unknown function"
"Wounded_4h vs Wounded_0h","pdam_00015385","CDKN3: Cyclin-dependent kinase inhibitor 3 (Homo sapiens)"
"Wounded_4h vs Wounded_0h","pdam_00015379","Atg2b: Autophagy-related protein 2 homolog B (Mus musculus)"
"Wounded_4h vs Wounded_0h","pdam_00025488","unknown function"
"Wounded_4h vs Wounded_0h","pdam_00006697","ALG8: Probable dolichyl pyrophosphate Glc1Man9GlcNAc2 alpha-1%2C3-glucosyltransferase (Homo sapiens)"
"Wounded_4h vs Wounded_0h","pdam_00006727","PGAP2: Post-GPI attachment to proteins factor 2 (Bos taurus)"
"Wounded_4h vs Wounded_0h","pdam_00007817","Uncharacterized skeletal organic matrix protein 5 (Acropora millepora)"
"Wounded_4h vs Wounded_0h","pdam_00007814","GEMIN4: Gem-associated protein 4 (Homo sapiens)"
"Wounded_4h vs Wounded_0h","pdam_00019095","unknown function"
"Wounded_4h vs Wounded_0h","pdam_00015438","SEC31A: Protein transport protein Sec31A (Homo sapiens)"
"Wounded_4h vs Wounded_0h","pdam_00015426","macrod2: O-acetyl-ADP-ribose deacetylase MACROD2 (Xenopus laevis)"
"Wounded_4h vs Wounded_0h","pdam_00017165","unknown function"
"Wounded_4h vs Wounded_0h","pdam_00019824","POLR3H: DNA-directed RNA polymerase III subunit RPC8 (Homo sapiens)"
"Wounded_4h vs Wounded_0h","pdam_00019448","TMC7: Transmembrane channel-like protein 7 (Macaca fascicularis)"
"Wounded_4h vs Wounded_0h","pdam_00022714","unknown function"
"Wounded_4h vs Wounded_0h","pdam_00007016","aldh9a1a: Aldehyde dehydrogenase family 9 member A1-A (Danio rerio)"
"Wounded_4h vs Wounded_0h","pdam_00007012","unknown function"
"Wounded_4h vs Wounded_0h","pdam_00007010","Os04g0576800: Polyprenol reductase 1 (Oryza sativa subsp. japonica)"
"Wounded_4h vs Wounded_0h","pdam_00020962","Proser1: Proline and serine-rich protein 1 (Mus musculus)"
"Wounded_4h vs Wounded_0h","pdam_00011349","unknown function"
"Wounded_4h vs Wounded_0h","pdam_00009485","Itfg2: Integrin-alpha FG-GAP repeat-containing protein 2 (Mus musculus)"
"Wounded_4h vs Wounded_0h","pdam_00009451","pan: Protein pangolin%2C isoforms A/H/I/S (Drosophila melanogaster)"
"Wounded_4h vs Wounded_0h","pdam_00009480","adrm1b: Proteasomal ubiquitin receptor ADRM1 (Danio rerio)"
"Wounded_4h vs Wounded_0h","pdam_00002400","C20orf96: Uncharacterized protein C20orf96 (Homo sapiens)"
"Wounded_4h vs Wounded_0h","pdam_00002431","mtbp: Mdm2-binding protein (Xenopus tropicalis)"
"Wounded_4h vs Wounded_0h","pdam_00002427","SEPT7: Septin-7 (Pongo abelii)"
"Wounded_4h vs Wounded_0h","pdam_00002437","unknown function"
"Wounded_4h vs Wounded_0h","pdam_00018106","Znf318: Zinc finger protein 318 (Fragment) (Mus musculus)"
"Wounded_4h vs Wounded_0h","pdam_00020200","Minpp1: Multiple inositol polyphosphate phosphatase 1 (Mus musculus)"
"Wounded_4h vs Wounded_0h","pdam_00011702","Gpr157: Probable G-protein coupled receptor 157 (Mus musculus)"
"Wounded_4h vs Wounded_0h","pdam_00011690","fgfr1a: Fibroblast growth factor receptor 1-A (Danio rerio)"
"Wounded_4h vs Wounded_0h","pdam_00021355","unknown function"
"Wounded_4h vs Wounded_0h","pdam_00012451","Fibronectin type III domain-containing protein (Acropora millepora)"
"Wounded_4h vs Wounded_0h","pdam_00012452","Fibronectin type III domain-containing protein (Acropora millepora)"
"Wounded_4h vs Wounded_0h","pdam_00009230","Ola1: Obg-like ATPase 1 (Rattus norvegicus)"
"Wounded_4h vs Wounded_0h","pdam_00009242","unknown function"
"Wounded_4h vs Wounded_0h","pdam_00004502","ABTB2: Ankyrin repeat and BTB/POZ domain-containing protein 2 (Homo sapiens)"
"Wounded_4h vs Wounded_0h","pdam_00004483","Arhgef39: Rho guanine nucleotide exchange factor 39 (Mus musculus)"
"Wounded_4h vs Wounded_0h","pdam_00004509","emc6: ER membrane protein complex subunit 6 (Xenopus tropicalis)"
"Wounded_4h vs Wounded_0h","pdam_00004508","Protein C12orf4 homolog (Rattus norvegicus)"
"Wounded_4h vs Wounded_0h","pdam_00004554","Tyms: Thymidylate synthase (Mus musculus)"
"Wounded_4h vs Wounded_0h","pdam_00016454","LPCAT3: Lysophospholipid acyltransferase 5 (Bos taurus)"
"Wounded_4h vs Wounded_0h","pdam_00024013","TLL1: Tolloid-like protein 1 (Homo sapiens)"
"Wounded_4h vs Wounded_0h","pdam_00017438","Map3k1: Mitogen-activated protein kinase kinase kinase 1 (Mus musculus)"
"Wounded_4h vs Wounded_0h","pdam_00020384","FAR1: Fatty acyl-CoA reductase 1 (Pongo abelii)"
"Wounded_4h vs Wounded_0h","pdam_00020381","pats1: Probable serine/threonine-protein kinase pats1 (Dictyostelium discoideum)"
"Wounded_4h vs Wounded_0h","pdam_00025269","Ectin (Fragment) (Acropora millepora)"
"Wounded_4h vs Wounded_0h","pdam_00001074","gskip: GSK3-beta interaction protein (Danio rerio)"
"Wounded_4h vs Wounded_0h","pdam_00001156","Cubn: Cubilin (Mus musculus)"
"Wounded_4h vs Wounded_0h","pdam_00001159","Gaa: Lysosomal alpha-glucosidase (Mus musculus)"
"Wounded_4h vs Wounded_0h","pdam_00003579","CASR: Extracellular calcium-sensing receptor (Homo sapiens)"
"Wounded_4h vs Wounded_0h","pdam_00003544","DD3-3: Protein DD3-3 (Dictyostelium discoideum)"
"Wounded_4h vs Wounded_0h","pdam_00019006","SACS: Sacsin (Homo sapiens)"
"Wounded_4h vs Wounded_0h","pdam_00010794","Cherp: Calcium homeostasis endoplasmic reticulum protein (Mus musculus)"
"Wounded_4h vs Wounded_0h","pdam_00010793","SKP2: S-phase kinase-associated protein 2 (Homo sapiens)"
"Wounded_4h vs Wounded_0h","pdam_00019802","unknown function"
"Wounded_4h vs Wounded_0h","pdam_00025500","unknown function"
"Wounded_4h vs Wounded_0h","pdam_00020653","Hif1an: Hypoxia-inducible factor 1-alpha inhibitor (Mus musculus)"
"Wounded_4h vs Wounded_0h","pdam_00022409","itln: Intelectin (Oncorhynchus mykiss)"
"Wounded_4h vs Wounded_0h","pdam_00022718","Hmcn2: Hemicentin-2 (Mus musculus)"
"Wounded_4h vs Wounded_0h","pdam_00021428","unknown function"
"Wounded_4h vs Wounded_0h","pdam_00002699","SPON1: Spondin-1 (Gallus gallus)"
"Wounded_4h vs Wounded_0h","pdam_00002738","Gabbr2: Gamma-aminobutyric acid type B receptor subunit 2 (Rattus norvegicus)"
"Wounded_4h vs Wounded_0h","pdam_00002765","celf4: CUGBP Elav-like family member 4 (Danio rerio)"
"Wounded_4h vs Wounded_0h","pdam_00002786","Trim2: Tripartite motif-containing protein 2 (Mus musculus)"
"Wounded_4h vs Wounded_0h","pdam_00002778","Phospholipase A2 A2-actitoxin-Cgg2a (Condylactis gigantea)"
"Wounded_4h vs Wounded_0h","pdam_00002790","Vha26: V-type proton ATPase subunit E (Drosophila melanogaster)"
"Wounded_4h vs Wounded_0h","pdam_00010273","CPAMD8: C3 and PZP-like alpha-2-macroglobulin domain-containing protein 8 (Homo sapiens)"
"Wounded_4h vs Wounded_0h","pdam_00017611","unknown function"
"Wounded_4h vs Wounded_0h","pdam_00012984","unknown function"
"Wounded_4h vs Wounded_0h","pdam_00012985","unknown function"
"Wounded_4h vs Wounded_0h","pdam_00012994","Ddr2: Discoidin domain-containing receptor 2 (Mus musculus)"
"Wounded_4h vs Wounded_0h","pdam_00024074","unknown function"
"Wounded_4h vs Wounded_0h","pdam_00021005","unknown function"
"Wounded_4h vs Wounded_0h","pdam_00006755","Aplnr: Apelin receptor (Mus musculus)"
"Wounded_4h vs Wounded_0h","pdam_00013674","unknown function"
"Wounded_4h vs Wounded_0h","pdam_00021666","ntmt1-b: N-terminal Xaa-Pro-Lys N-methyltransferase 1-B (Xenopus laevis)"
"Wounded_4h vs Wounded_0h","pdam_00012402","Exoc6b: Exocyst complex component 6B (Mus musculus)"
"Wounded_4h vs Wounded_0h","pdam_00013286","ARFRP1: ADP-ribosylation factor-related protein 1 (Pongo abelii)"
"Wounded_4h vs Wounded_0h","pdam_00013786","mtpn: Myotrophin (Danio rerio)"
"Wounded_4h vs Wounded_0h","pdam_00013778","Hmcn1: Hemicentin-1 (Mus musculus)"
"Wounded_4h vs Wounded_0h","pdam_00018144","unknown function"
"Wounded_4h vs Wounded_0h","pdam_00007971","Col27a1: Collagen alpha-1(XXVII) chain (Mus musculus)"
"Wounded_4h vs Wounded_0h","pdam_00007958","SNRPA: U1 small nuclear ribonucleoprotein A (Homo sapiens)"
"Wounded_4h vs Wounded_0h","pdam_00007974","unknown function"
"Wounded_4h vs Wounded_0h","pdam_00020120","Pathogenesis-related leaf protein 4 (Solanum lycopersicum)"
"Wounded_4h vs Wounded_0h","pdam_00020369","NOP58: Nucleolar protein 58 (Homo sapiens)"
"Wounded_4h vs Wounded_0h","pdam_00012629","TYW5: tRNA wybutosine-synthesizing protein 5 (Gallus gallus)"
"Wounded_4h vs Wounded_0h","pdam_00012643","rgn: Regucalcin (Xenopus laevis)"
"Wounded_4h vs Wounded_0h","pdam_00018600","unknown function"
"Wounded_4h vs Wounded_0h","pdam_00021589","abcB1: ABC transporter B family member 1 (Dictyostelium discoideum)"
"Wounded_4h vs Wounded_0h","pdam_00018404","Rfc1: Replication factor C subunit 1 (Mus musculus)"
"Wounded_4h vs Wounded_0h","pdam_00001657","LARS: Leucine--tRNA ligase%2C cytoplasmic (Homo sapiens)"
"Wounded_4h vs Wounded_0h","pdam_00001654","mcts1: Malignant T-cell-amplified sequence 1 (Danio rerio)"
"Wounded_4h vs Wounded_0h","pdam_00001678","Srebf1: Sterol regulatory element-binding protein 1 (Mus musculus)"
"Wounded_4h vs Wounded_0h","pdam_00001687","FGF7: Fibroblast growth factor 7 (Pongo abelii)"
"Wounded_4h vs Wounded_0h","pdam_00001693","AVIL: Advillin (Homo sapiens)"
"Wounded_4h vs Wounded_0h","pdam_00011495","Naalad2: N-acetylated-alpha-linked acidic dipeptidase 2 (Mus musculus)"
"Wounded_4h vs Wounded_0h","pdam_00020565","Ermp1: Endoplasmic reticulum metallopeptidase 1 (Mus musculus)"
"Wounded_4h vs Wounded_0h","pdam_00024941","TRAF6: TNF receptor-associated factor 6 (Macaca mulatta)"
"Wounded_4h vs Wounded_0h","pdam_00018033","tll1: Dorsal-ventral patterning tolloid-like protein 1 (Danio rerio)"
"Wounded_4h vs Wounded_0h","pdam_00004654","ZNFX1: NFX1-type zinc finger-containing protein 1 (Homo sapiens)"
"Wounded_4h vs Wounded_0h","pdam_00004637","lysA: Diaminopimelate decarboxylase (Zymomonas mobilis subsp. mobilis (strain ATCC 31821 / ZM4 / CP4))"
"Wounded_4h vs Wounded_0h","pdam_00004689","unknown function"
"Wounded_4h vs Wounded_0h","pdam_00004669","Gmds: GDP-mannose 4%2C6 dehydratase (Mus musculus)"
"Wounded_4h vs Wounded_0h","pdam_00017946","CUB and peptidase domain-containing protein 1 (Fragment) (Acropora millepora)"
"Wounded_4h vs Wounded_0h","pdam_00009789","unknown function"
"Wounded_4h vs Wounded_0h","pdam_00015066","unknown function"
"Wounded_4h vs Wounded_0h","pdam_00014771","unknown function"
"Wounded_4h vs Wounded_0h","pdam_00024639","TRAF4: TNF receptor-associated factor 4 (Homo sapiens)"
"Wounded_4h vs Wounded_0h","pdam_00010363","mpv17: Protein Mpv17 (Danio rerio)"
"Wounded_4h vs Wounded_0h","pdam_00010352","mapk8: Mitogen-activated protein kinase 8 (Danio rerio)"
"Wounded_4h vs Wounded_0h","pdam_00001274","DNAJC21: DnaJ homolog subfamily C member 21 (Bos taurus)"
"Wounded_4h vs Wounded_0h","pdam_00001261","unknown function"
"Wounded_4h vs Wounded_0h","pdam_00001181","PNPLA4: Patatin-like phospholipase domain-containing protein 4 (Homo sapiens)"
"Wounded_4h vs Wounded_0h","pdam_00001191","DSTYK: Dual serine/threonine and tyrosine protein kinase (Strongylocentrotus purpuratus)"
"Wounded_4h vs Wounded_0h","pdam_00001221","Grtp1: Growth hormone-regulated TBC protein 1 (Rattus norvegicus)"
"Wounded_4h vs Wounded_0h","pdam_00001222","Glb1l3: Beta-galactosidase-1-like protein 3 (Rattus norvegicus)"
"Wounded_4h vs Wounded_0h","pdam_00001253","cwc15-a: Protein CWC15 homolog A (Xenopus laevis)"
"Wounded_4h vs Wounded_0h","pdam_00001322","LSM1: U6 snRNA-associated Sm-like protein LSm1 (Bos taurus)"
"Wounded_4h vs Wounded_0h","pdam_00001355","Fstl1: Follistatin-related protein 1 (Mus musculus)"
"Wounded_4h vs Wounded_0h","pdam_00011572","SLC17A5: Sialin (Homo sapiens)"
"Wounded_4h vs Wounded_0h","pdam_00014959","ARNTL: Aryl hydrocarbon receptor nuclear translocator-like protein 1 (Gallus gallus)"
"Wounded_4h vs Wounded_0h","pdam_00019450","Rnf213: E3 ubiquitin-protein ligase RNF213 (Mus musculus)"
"Wounded_4h vs Wounded_0h","pdam_00023206","Prkaa2: 5'-AMP-activated protein kinase catalytic subunit alpha-2 (Mus musculus)"
"Wounded_4h vs Wounded_0h","pdam_00017055","MPEG1: Macrophage-expressed gene 1 protein (Homo sapiens)"
"Wounded_4h vs Wounded_0h","pdam_00010946","pm20d1.2: N-fatty-acyl-amino acid synthase/hydrolase PM20D1.2 (Danio rerio)"
"Wounded_4h vs Wounded_0h","pdam_00018923","unknown function"
"Wounded_4h vs Wounded_0h","pdam_00009093","PTCD3: Pentatricopeptide repeat domain-containing protein 3%2C mitochondrial (Pongo abelii)"
"Wounded_4h vs Wounded_0h","pdam_00014191","TXNDC17: Thioredoxin domain-containing protein 17 (Pongo abelii)"
"Wounded_4h vs Wounded_0h","pdam_00014186","unknown function"
"Wounded_4h vs Wounded_0h","pdam_00023979","unknown function"
"Wounded_4h vs Wounded_0h","pdam_00011197","unknown function"
"Wounded_4h vs Wounded_0h","pdam_00017083","TLL1: Tolloid-like protein 1 (Gallus gallus)"
"Wounded_4h vs Wounded_0h","pdam_00018623","odf3: Outer dense fiber protein 3 (Xenopus tropicalis)"
"Wounded_4h vs Wounded_0h","pdam_00025812","unknown function"
"Wounded_4h vs Wounded_0h","pdam_00015712","hibch: 3-hydroxyisobutyryl-CoA hydrolase%2C mitochondrial (Danio rerio)"
"Wounded_4h vs Wounded_0h","pdam_00025058","unknown function"
"Wounded_4h vs Wounded_0h","pdam_00014573","unknown function"
"Wounded_4h vs Wounded_0h","pdam_00022105","Idua: Alpha-L-iduronidase (Mus musculus)"
"Wounded_4h vs Wounded_0h","pdam_00018456","unknown function"
"Wounded_4h vs Wounded_0h","pdam_00015691","SCD: Acyl-CoA desaturase (Bos taurus)"
"Wounded_4h vs Wounded_0h","pdam_00005840","HSPG2: Basement membrane-specific heparan sulfate proteoglycan core protein (Homo sapiens)"
"Wounded_4h vs Wounded_0h","pdam_00005839","unknown function"
"Wounded_4h vs Wounded_0h","pdam_00005846","URM1: Ubiquitin-related modifier 1 (Gallus gallus)"
"Wounded_4h vs Wounded_0h","pdam_00005853","Sardh: Sarcosine dehydrogenase%2C mitochondrial (Rattus norvegicus)"
"Wounded_4h vs Wounded_0h","pdam_00005850","unknown function"
"Wounded_4h vs Wounded_0h","pdam_00020423","ARID2: AT-rich interactive domain-containing protein 2 (Homo sapiens)"
"Wounded_4h vs Wounded_0h","pdam_00023798","Ddo: D-aspartate oxidase (Mus musculus)"
"Wounded_4h vs Wounded_0h","pdam_00020436","adgrl4: Adhesion G protein-coupled receptor L4 (Danio rerio)"
"Wounded_4h vs Wounded_0h","pdam_00020537","rsrc2: Arginine/serine-rich coiled-coil protein 2 (Danio rerio)"
"Wounded_4h vs Wounded_0h","pdam_00020536","F31E3.2: Putative serine/threonine-protein kinase F31E3.2 (Caenorhabditis elegans)"
"Wounded_4h vs Wounded_0h","pdam_00023803","Uncharacterized skeletal organic matrix protein 5 (Acropora millepora)"
"Wounded_4h vs Wounded_0h","pdam_00023802","unknown function"
"Wounded_4h vs Wounded_0h","pdam_00018418","ADRB2: Beta-2 adrenergic receptor (Mesocricetus auratus)"
"Wounded_4h vs Wounded_0h","pdam_00020641","unknown function"
"Wounded_4h vs Wounded_0h","pdam_00016177","APLF: Aprataxin and PNK-like factor (Homo sapiens)"
"Wounded_4h vs Wounded_0h","pdam_00016167","Otub1: Ubiquitin thioesterase OTUB1 (Rattus norvegicus)"
"Wounded_4h vs Wounded_0h","pdam_00003891","HINT1: Histidine triad nucleotide-binding protein 1 (Bos taurus)"
"Wounded_4h vs Wounded_0h","pdam_00003870","Sin3a: Paired amphipathic helix protein Sin3a (Mus musculus)"
"Wounded_4h vs Wounded_0h","pdam_00016582","v1g178517: 3-hydroxyanthranilate 3%2C4-dioxygenase (Nematostella vectensis)"
"Wounded_4h vs Wounded_0h","pdam_00016579","med9: Mediator of RNA polymerase II transcription subunit 9 (Xenopus laevis)"
"Wounded_4h vs Wounded_0h","pdam_00021517","unknown function"
"Wounded_4h vs Wounded_0h","pdam_00021519","Adgrd1: Adhesion G-protein coupled receptor D1 (Mus musculus)"
"Wounded_4h vs Wounded_0h","pdam_00020697","Tmprss6: Transmembrane protease serine 6 (Mus musculus)"
"Wounded_4h vs Wounded_0h","pdam_00008510","unknown function"
"Wounded_4h vs Wounded_0h","pdam_00008513","rsph1: Radial spoke head 1 homolog (Cyprinus carpio)"
"Wounded_4h vs Wounded_0h","pdam_00022908","cyp3a56: Cytochrome P450 3A56 (Fundulus heteroclitus)"
"Wounded_4h vs Wounded_0h","pdam_00011237","unknown function"
"Wounded_4h vs Wounded_0h","pdam_00011244","DOX2: Alpha-dioxygenase 2 (Arabidopsis thaliana)"
"Wounded_4h vs Wounded_0h","pdam_00011234","CUB and peptidase domain-containing protein 1 (Fragment) (Acropora millepora)"
"Wounded_4h vs Wounded_0h","pdam_00014798","Sult1b1: Sulfotransferase family cytosolic 1B member 1 (Mus musculus)"
"Wounded_4h vs Wounded_0h","pdam_00023829","Atxn7: Ataxin-7 (Mus musculus)"
"Wounded_4h vs Wounded_0h","pdam_00012551","ASMTL: N-acetylserotonin O-methyltransferase-like protein (Homo sapiens)"
"Wounded_4h vs Wounded_0h","pdam_00012540","unknown function"
"Wounded_4h vs Wounded_0h","pdam_00018495","ATPAF2: ATP synthase mitochondrial F1 complex assembly factor 2 (Homo sapiens)"
"Wounded_4h vs Wounded_0h","pdam_00018508","Dermatopontin (Biomphalaria glabrata)"
"Wounded_4h vs Wounded_0h","pdam_00003283","IQCA1: IQ and AAA domain-containing protein 1 (Homo sapiens)"
"Wounded_4h vs Wounded_0h","pdam_00009624","unknown function"
"Wounded_4h vs Wounded_0h","pdam_00009606","unknown function"
"Wounded_4h vs Wounded_0h","pdam_00019180","MAM and fibronectin type III domain-containing protein 1 (Fragment) (Acropora millepora)"
"Wounded_4h vs Wounded_0h","pdam_00006144","Rab3: Ras-related protein Rab-3 (Drosophila melanogaster)"
"Wounded_4h vs Wounded_0h","pdam_00006121","Glutathione S-transferase (Dirofilaria immitis)"
"Wounded_4h vs Wounded_0h","pdam_00006116","unknown function"
"Wounded_4h vs Wounded_0h","pdam_00006122","unknown function"
"Wounded_4h vs Wounded_0h","pdam_00006115","Col12a1: Collagen alpha-1(XII) chain (Mus musculus)"
"Wounded_4h vs Wounded_0h","pdam_00021634","Slc16a10: Monocarboxylate transporter 10 (Rattus norvegicus)"
"Wounded_4h vs Wounded_0h","pdam_00022159","Naalad2: N-acetylated-alpha-linked acidic dipeptidase 2 (Mus musculus)"
"Wounded_4h vs Wounded_0h","pdam_00022158","Folh1: Glutamate carboxypeptidase 2 (Rattus norvegicus)"
"Wounded_4h vs Wounded_0h","pdam_00021030","sll1541: Apocarotenoid-15%2C15'-oxygenase (Synechocystis sp. (strain PCC 6803 / Kazusa))"
"Wounded_4h vs Wounded_0h","pdam_00014336","unknown function"
"Wounded_4h vs Wounded_0h","pdam_00020129","grn: Granulin (Dictyostelium discoideum)"
"Wounded_4h vs Wounded_0h","pdam_00020130","GRN: Granulins (Homo sapiens)"
"Wounded_4h vs Wounded_0h","pdam_00019082","SLC25A19: Mitochondrial thiamine pyrophosphate carrier (Bos taurus)"
"Wounded_4h vs Wounded_0h","pdam_00019081","Kif14: Kinesin-like protein KIF14 (Mus musculus)"
"Wounded_4h vs Wounded_0h","pdam_00023068","TTC28: Tetratricopeptide repeat protein 28 (Homo sapiens)"
"Wounded_4h vs Wounded_0h","pdam_00020003","unknown function"
"Wounded_4h vs Wounded_0h","pdam_00005080","atad1b: ATPase family AAA domain-containing protein 1-B (Danio rerio)"
"Wounded_4h vs Wounded_0h","pdam_00018855","Srrm2: Serine/arginine repetitive matrix protein 2 (Mus musculus)"
"Wounded_4h vs Wounded_0h","pdam_00018870","MFSD1: Major facilitator superfamily domain-containing protein 1 (Bos taurus)"
"Wounded_4h vs Wounded_0h","pdam_00018857","rnf146: E3 ubiquitin-protein ligase rnf146 (Salmo salar)"
"Wounded_4h vs Wounded_0h","pdam_00024435","unknown function"
"Wounded_4h vs Wounded_0h","pdam_00023550","unknown function"
"Wounded_4h vs Wounded_0h","pdam_00014540","slc37a2: Glucose-6-phosphate exchanger SLC37A2 (Danio rerio)"
"Wounded_4h vs Wounded_0h","pdam_00014535","unknown function"
"Wounded_4h vs Wounded_0h","pdam_00014534","U2AF1: Splicing factor U2AF 35 kDa subunit (Bos taurus)"
"Wounded_4h vs Wounded_0h","pdam_00016844","unknown function"
"Wounded_4h vs Wounded_0h","pdam_00002022","Ectin (Fragment) (Acropora millepora)"
"Wounded_4h vs Wounded_0h","pdam_00024819","unknown function"
"Wounded_4h vs Wounded_0h","pdam_00010727","CDC73: Parafibromin (Gallus gallus)"
"Wounded_4h vs Wounded_0h","pdam_00023840","unknown function"
"Wounded_4h vs Wounded_0h","pdam_00014459","unknown function"
"Wounded_4h vs Wounded_0h","pdam_00017188","Inmt: Indolethylamine N-methyltransferase (Mus musculus)"
"Wounded_4h vs Wounded_0h","pdam_00017747","unknown function"
"Wounded_4h vs Wounded_0h","pdam_00009723","Allene oxide synthase-lipoxygenase protein (Plexaura homomalla)"
"Wounded_4h vs Wounded_0h","pdam_00013623","Pask: PAS domain-containing serine/threonine-protein kinase (Mus musculus)"
"Wounded_4h vs Wounded_0h","pdam_00009414","CELA2B: Chymotrypsin-like elastase family member 2B (Homo sapiens)"
"Wounded_4h vs Wounded_0h","pdam_00009402","unknown function"
"Wounded_4h vs Wounded_0h","pdam_00015217","Htt: Huntingtin (Mus musculus)"
"Wounded_4h vs Wounded_0h","pdam_00021903","CYP17A1: Steroid 17-alpha-hydroxylase/17%2C20 lyase (Squalus acanthias)"
"Wounded_4h vs Wounded_0h","pdam_00013910","Ncor2: Nuclear receptor corepressor 2 (Mus musculus)"
"Wounded_4h vs Wounded_0h","pdam_00013922","Cltc: Clathrin heavy chain 1 (Mus musculus)"
"Wounded_4h vs Wounded_0h","pdam_00008945","CREG2: Protein CREG2 (Homo sapiens)"
"Wounded_4h vs Wounded_0h","pdam_00026011","unknown function"
"Wounded_4h vs Wounded_0h","pdam_00016723","CDCA7L: Cell division cycle-associated 7-like protein (Homo sapiens)"
"Wounded_4h vs Wounded_0h","pdam_00016719","DPEP1: Dipeptidase 1 (Oryctolagus cuniculus)"
"Wounded_4h vs Wounded_0h","pdam_00010872","unknown function"
"Wounded_4h vs Wounded_0h","pdam_00010890","unknown function"
"Wounded_4h vs Wounded_0h","pdam_00010892","unknown function"
"Wounded_4h vs Wounded_0h","pdam_00010891","unknown function"
"Wounded_4h vs Wounded_0h","pdam_00013027","Plscr2: Phospholipid scramblase 2 (Mus musculus)"
"Wounded_4h vs Wounded_0h","pdam_00013972","ULK3: Serine/threonine-protein kinase ULK3 (Gallus gallus)"
"Wounded_4h vs Wounded_0h","pdam_00009936","unknown function"
"Wounded_4h vs Wounded_0h","pdam_00009942","RABL2A: Rab-like protein 2A (Pongo abelii)"
"Wounded_4h vs Wounded_0h","pdam_00009938","SND1: Staphylococcal nuclease domain-containing protein 1 (Pongo abelii)"
"Wounded_4h vs Wounded_0h","pdam_00023832","RABA2A: Ras-related protein RABA2a (Arabidopsis thaliana)"
"Wounded_4h vs Wounded_0h","pdam_00009020","Pnpla7: Patatin-like phospholipase domain-containing protein 7 (Mus musculus)"
"Wounded_4h vs Wounded_0h","pdam_00001770","unknown function"
"Wounded_4h vs Wounded_0h","pdam_00001777","C7orf43: Uncharacterized protein C7orf43 (Homo sapiens)"
"Wounded_4h vs Wounded_0h","pdam_00001825","sap130-a: Histone deacetylase complex subunit SAP130-A (Xenopus laevis)"
"Wounded_4h vs Wounded_0h","pdam_00001867","Taar9: Trace amine-associated receptor 9 (Rattus norvegicus)"
"Wounded_4h vs Wounded_0h","pdam_00006860","B4galnt1: Beta-1%2C4 N-acetylgalactosaminyltransferase 1 (Rattus norvegicus)"
"Wounded_4h vs Wounded_0h","pdam_00006844","tmem18: Transmembrane protein 18 (Danio rerio)"
"Wounded_4h vs Wounded_0h","pdam_00002841","desi2: Desumoylating isopeptidase 2 (Xenopus laevis)"
"Wounded_4h vs Wounded_0h","pdam_00002840","unknown function"
"Wounded_4h vs Wounded_0h","pdam_00002855","unknown function"
"Wounded_4h vs Wounded_0h","pdam_00002941","bloc1s2: Biogenesis of lysosome-related organelles complex 1 subunit 2 (Nematostella vectensis)"
"Wounded_4h vs Wounded_0h","pdam_00002924","GCHFR: GTP cyclohydrolase 1 feedback regulatory protein (Bos taurus)"
"Wounded_4h vs Wounded_0h","pdam_00002935","KLHL28: Kelch-like protein 28 (Homo sapiens)"
"Wounded_4h vs Wounded_0h","pdam_00004246","Lmf1: Lipase maturation factor 1 (Mus musculus)"
"Wounded_4h vs Wounded_0h","pdam_00019507","TRIADDRAFT_58679: DDRGK domain-containing protein 1 (Trichoplax adhaerens)"
"Wounded_4h vs Wounded_0h","pdam_00024741","nhl-1: RING finger protein nhl-1 (Caenorhabditis elegans)"
"Wounded_4h vs Wounded_0h","pdam_00009856","TRPM8: Transient receptor potential cation channel subfamily M member 8 (Homo sapiens)"
"Wounded_4h vs Wounded_0h","pdam_00009850","gpd1l: Glycerol-3-phosphate dehydrogenase 1-like protein (Danio rerio)"
"Wounded_4h vs Wounded_0h","pdam_00019254","Tbccd1: TBCC domain-containing protein 1 (Rattus norvegicus)"
"Wounded_4h vs Wounded_0h","pdam_00021384","unknown function"
"Wounded_4h vs Wounded_0h","pdam_00016739","fam166b: Protein FAM166B (Xenopus tropicalis)"
"Wounded_4h vs Wounded_0h","pdam_00007170","Rab38: Ras-related protein Rab-38 (Mus musculus)"
"Wounded_4h vs Wounded_0h","pdam_00007134","dixdc1a: Dixin-A (Danio rerio)"
"Wounded_4h vs Wounded_0h","pdam_00007131","unknown function"
"Wounded_4h vs Wounded_0h","pdam_00007138","ZEB1: Zinc finger E-box-binding homeobox 1 (Homo sapiens)"
"Wounded_0h vs Control_0h ∩ Wounded_4h vs Wounded_0h","pdam_00004156","unknown function"
"Wounded_1h vs Control_1h ∩ Wounded_4h vs Control_4h","pdam_00018516","unknown function"
"Wounded_1h vs Control_1h ∩ Wounded_4h vs Control_4h","pdam_00003271","unknown function"
"Wounded_2h vs Control_2h ∩ Wounded_2h vs Wounded_0h","pdam_00000345","PXDN: Peroxidasin homolog (Homo sapiens)"
"Wounded_4h vs Control_4h ∩ Wounded_1h vs Wounded_0h","pdam_00012303","unknown function"
"Wounded_4h vs Control_4h ∩ Wounded_2h vs Wounded_0h","pdam_00002335","rps28: 40S ribosomal protein S28 (Ictalurus punctatus)"
"Wounded_4h vs Control_4h ∩ Wounded_2h vs Wounded_0h","pdam_00011277","RPL7: 60S ribosomal protein L7 (Pongo abelii)"
"Wounded_4h vs Control_4h ∩ Wounded_2h vs Wounded_0h","pdam_00021632","unknown function"
"Wounded_4h vs Control_4h ∩ Wounded_4h vs Wounded_0h","pdam_00025975","unknown function"
"Wounded_4h vs Control_4h ∩ Wounded_4h vs Wounded_0h","pdam_00003704","RPUSD4: RNA pseudouridylate synthase domain-containing protein 4 (Homo sapiens)"
"Wounded_4h vs Control_4h ∩ Wounded_4h vs Wounded_0h","pdam_00015121","unknown function"
"Wounded_4h vs Control_4h ∩ Wounded_4h vs Wounded_0h","pdam_00007782","unknown function"
"Wounded_4h vs Control_4h ∩ Wounded_4h vs Wounded_0h","pdam_00005375","alr2800: Uncharacterized WD repeat-containing protein alr2800 (Nostoc sp. (strain PCC 7120 / SAG 25.82 / UTEX 2576))"
"Wounded_4h vs Control_4h ∩ Wounded_4h vs Wounded_0h","pdam_00006592","TMEM167A: Protein kish-A (Taeniopygia guttata)"
"Wounded_4h vs Control_4h ∩ Wounded_4h vs Wounded_0h","pdam_00023043","GGT1: Gamma-glutamyltranspeptidase 1 (Sus scrofa)"
"Wounded_4h vs Control_4h ∩ Wounded_4h vs Wounded_0h","pdam_00022473","unknown function"
"Wounded_4h vs Control_4h ∩ Wounded_4h vs Wounded_0h","pdam_00021061","tmem107: Transmembrane protein 107 (Xenopus laevis)"
"Wounded_4h vs Control_4h ∩ Wounded_4h vs Wounded_0h","pdam_00001007","lgals3bpb: Galectin-3-binding protein B (Danio rerio)"
"Wounded_4h vs Control_4h ∩ Wounded_4h vs Wounded_0h","pdam_00010825","Dctn5: Dynactin subunit 5 (Mus musculus)"
"Wounded_4h vs Control_4h ∩ Wounded_4h vs Wounded_0h","pdam_00007318","zgc:56409: Uncharacterized protein C7orf26 homolog (Danio rerio)"
"Wounded_4h vs Control_4h ∩ Wounded_4h vs Wounded_0h","pdam_00020605","WBSCR27: Williams-Beuren syndrome chromosomal region 27 protein (Homo sapiens)"
"Wounded_4h vs Control_4h ∩ Wounded_4h vs Wounded_0h","pdam_00018128","NAD-specific glutamate dehydrogenase (Achlya klebsiana)"
"Wounded_4h vs Control_4h ∩ Wounded_4h vs Wounded_0h","pdam_00016152","unknown function"
"Wounded_4h vs Control_4h ∩ Wounded_4h vs Wounded_0h","pdam_00023828","SENP8: Sentrin-specific protease 8 (Homo sapiens)"
"Wounded_4h vs Control_4h ∩ Wounded_4h vs Wounded_0h","pdam_00006136","tmem5: Transmembrane protein 5 (Danio rerio)"
"Wounded_4h vs Control_4h ∩ Wounded_4h vs Wounded_0h","pdam_00009428","AIF1: Allograft inflammatory factor 1 (Homo sapiens)"
"Wounded_4h vs Control_4h ∩ Wounded_4h vs Wounded_0h","pdam_00002842","Ccdc97: Coiled-coil domain-containing protein 97 (Mus musculus)"
"Wounded_4h vs Control_4h ∩ Wounded_4h vs Wounded_0h","pdam_00023272","unknown function"
"Wounded_1h vs Wounded_0h ∩ Wounded_2h vs Wounded_0h","pdam_00017136","Lrp6: Low-density lipoprotein receptor-related protein 6 (Mus musculus)"
"Wounded_1h vs Wounded_0h ∩ Wounded_2h vs Wounded_0h","pdam_00007460","C5orf49: Uncharacterized protein C5orf49 (Homo sapiens)"
"Wounded_1h vs Wounded_0h ∩ Wounded_2h vs Wounded_0h","pdam_00006624","Htr4: 5-hydroxytryptamine receptor 4 (Rattus norvegicus)"
"Wounded_1h vs Wounded_0h ∩ Wounded_2h vs Wounded_0h","pdam_00015278","cfap20: Cilia- and flagella-associated protein 20 (Xenopus tropicalis)"
"Wounded_1h vs Wounded_0h ∩ Wounded_2h vs Wounded_0h","pdam_00015287","Taar7f: Trace amine-associated receptor 7f (Mus musculus)"
"Wounded_1h vs Wounded_0h ∩ Wounded_2h vs Wounded_0h","pdam_00024229","unknown function"
"Wounded_1h vs Wounded_0h ∩ Wounded_2h vs Wounded_0h","pdam_00025255","unknown function"
"Wounded_1h vs Wounded_0h ∩ Wounded_2h vs Wounded_0h","pdam_00011675","lamtor3: Ragulator complex protein LAMTOR3 (Danio rerio)"
"Wounded_1h vs Wounded_0h ∩ Wounded_2h vs Wounded_0h","pdam_00025545","RAB18: Ras-related protein Rab-18 (Gallus gallus)"
"Wounded_1h vs Wounded_0h ∩ Wounded_2h vs Wounded_0h","pdam_00014586","Guanine nucleotide-binding protein subunit beta (Pinctada fucata)"
"Wounded_1h vs Wounded_0h ∩ Wounded_2h vs Wounded_0h","pdam_00018793","IQCG: IQ domain-containing protein G (Homo sapiens)"
"Wounded_1h vs Wounded_0h ∩ Wounded_2h vs Wounded_0h","pdam_00019542","Shal: Potassium voltage-gated channel protein Shal (Drosophila melanogaster)"
"Wounded_1h vs Wounded_0h ∩ Wounded_2h vs Wounded_0h","pdam_00000286","TEKT1: Tektin-1 (Homo sapiens)"
"Wounded_1h vs Wounded_0h ∩ Wounded_2h vs Wounded_0h","pdam_00000419","unknown function"
"Wounded_1h vs Wounded_0h ∩ Wounded_2h vs Wounded_0h","pdam_00005768","unknown function"
"Wounded_1h vs Wounded_0h ∩ Wounded_2h vs Wounded_0h","pdam_00012189","TBATA: Protein TBATA (Bos taurus)"
"Wounded_1h vs Wounded_0h ∩ Wounded_2h vs Wounded_0h","pdam_00014896","unknown function"
"Wounded_1h vs Wounded_0h ∩ Wounded_2h vs Wounded_0h","pdam_00018539","Asnsd1: Asparagine synthetase domain-containing protein 1 (Mus musculus)"
"Wounded_1h vs Wounded_0h ∩ Wounded_2h vs Wounded_0h","pdam_00014917","Rubcn: Run domain Beclin-1-interacting and cysteine-rich domain-containing protein (Mus musculus)"
"Wounded_1h vs Wounded_0h ∩ Wounded_2h vs Wounded_0h","pdam_00007997","NME7: Nucleoside diphosphate kinase 7 (Homo sapiens)"
"Wounded_1h vs Wounded_0h ∩ Wounded_2h vs Wounded_0h","pdam_00020191","Crebbp: CREB-binding protein (Mus musculus)"
"Wounded_1h vs Wounded_0h ∩ Wounded_2h vs Wounded_0h","pdam_00021085","unknown function"
"Wounded_1h vs Wounded_0h ∩ Wounded_2h vs Wounded_0h","pdam_00000613","CFAP65: Cilia- and flagella-associated protein 65 (Gallus gallus)"
"Wounded_1h vs Wounded_0h ∩ Wounded_2h vs Wounded_0h","pdam_00003814","UPF0764 protein C16orf89 homolog (Danio rerio)"
"Wounded_1h vs Wounded_0h ∩ Wounded_2h vs Wounded_0h","pdam_00015591","unknown function"
"Wounded_1h vs Wounded_0h ∩ Wounded_2h vs Wounded_0h","pdam_00015592","Klhl2: Kelch-like protein 2 (Mus musculus)"
"Wounded_1h vs Wounded_0h ∩ Wounded_2h vs Wounded_0h","pdam_00021370","apex1: DNA-(apurinic or apyrimidinic site) lyase (Danio rerio)"
"Wounded_1h vs Wounded_0h ∩ Wounded_2h vs Wounded_0h","pdam_00012906","Ift52: Intraflagellar transport protein 52 homolog (Mus musculus)"
"Wounded_1h vs Wounded_0h ∩ Wounded_2h vs Wounded_0h","pdam_00012914","ppp1r42: Protein phosphatase 1 regulatory subunit 42 (Xenopus laevis)"
"Wounded_1h vs Wounded_0h ∩ Wounded_2h vs Wounded_0h","pdam_00000041","unknown function"
"Wounded_1h vs Wounded_0h ∩ Wounded_2h vs Wounded_0h","pdam_00023622","TTC28: Tetratricopeptide repeat protein 28 (Homo sapiens)"
"Wounded_1h vs Wounded_0h ∩ Wounded_2h vs Wounded_0h","pdam_00005427","FBXW10: F-box/WD repeat-containing protein 10 (Homo sapiens)"
"Wounded_1h vs Wounded_0h ∩ Wounded_2h vs Wounded_0h","pdam_00014057","Ccdc113: Coiled-coil domain-containing protein 113 (Mus musculus)"
"Wounded_1h vs Wounded_0h ∩ Wounded_2h vs Wounded_0h","pdam_00024761","unknown function"
"Wounded_1h vs Wounded_0h ∩ Wounded_2h vs Wounded_0h","pdam_00022033","TXNDC11: Thioredoxin domain-containing protein 11 (Bos taurus)"
"Wounded_1h vs Wounded_0h ∩ Wounded_2h vs Wounded_0h","pdam_00018734","RPGR: X-linked retinitis pigmentosa GTPase regulator (Homo sapiens)"
"Wounded_1h vs Wounded_0h ∩ Wounded_2h vs Wounded_0h","pdam_00006567","unknown function"
"Wounded_1h vs Wounded_0h ∩ Wounded_2h vs Wounded_0h","pdam_00018562","unknown function"
"Wounded_1h vs Wounded_0h ∩ Wounded_2h vs Wounded_0h","pdam_00023059","unknown function"
"Wounded_1h vs Wounded_0h ∩ Wounded_2h vs Wounded_0h","pdam_00020289","DNAAF1: Dynein assembly factor 1%2C axonemal (Bos taurus)"
"Wounded_1h vs Wounded_0h ∩ Wounded_2h vs Wounded_0h","pdam_00003971","Mrps9: 28S ribosomal protein S9%2C mitochondrial (Mus musculus)"
"Wounded_1h vs Wounded_0h ∩ Wounded_2h vs Wounded_0h","pdam_00008722","TUSC2: Tumor suppressor candidate 2 (Homo sapiens)"
"Wounded_1h vs Wounded_0h ∩ Wounded_2h vs Wounded_0h","pdam_00022471","EIF2AK4: eIF-2-alpha kinase GCN2 (Homo sapiens)"
"Wounded_1h vs Wounded_0h ∩ Wounded_2h vs Wounded_0h","pdam_00005965","Ttll10: Protein polyglycylase TTLL10 (Rattus norvegicus)"
"Wounded_1h vs Wounded_0h ∩ Wounded_2h vs Wounded_0h","pdam_00002307","unknown function"
"Wounded_1h vs Wounded_0h ∩ Wounded_2h vs Wounded_0h","pdam_00016624","EFHB: EF-hand domain-containing family member B (Homo sapiens)"
"Wounded_1h vs Wounded_0h ∩ Wounded_2h vs Wounded_0h","pdam_00013359","MTNR1A: Melatonin receptor type 1A (Homo sapiens)"
"Wounded_1h vs Wounded_0h ∩ Wounded_2h vs Wounded_0h","pdam_00017518","SPATS1: Spermatogenesis-associated serine-rich protein 1 (Homo sapiens)"
"Wounded_1h vs Wounded_0h ∩ Wounded_2h vs Wounded_0h","pdam_00013247","elavl3: ELAV-like protein 3 (Xenopus tropicalis)"
"Wounded_1h vs Wounded_0h ∩ Wounded_2h vs Wounded_0h","pdam_00006425","ZC3H10: Zinc finger CCCH domain-containing protein 10 (Homo sapiens)"
"Wounded_1h vs Wounded_0h ∩ Wounded_2h vs Wounded_0h","pdam_00006463","wdr45: WD repeat domain phosphoinositide-interacting protein 4 (Xenopus laevis)"
"Wounded_1h vs Wounded_0h ∩ Wounded_2h vs Wounded_0h","pdam_00016197","AXDND1: Axonemal dynein light chain domain-containing protein 1 (Homo sapiens)"
"Wounded_1h vs Wounded_0h ∩ Wounded_2h vs Wounded_0h","pdam_00017964","unknown function"
"Wounded_1h vs Wounded_0h ∩ Wounded_2h vs Wounded_0h","pdam_00019337","unknown function"
"Wounded_1h vs Wounded_0h ∩ Wounded_2h vs Wounded_0h","pdam_00019340","LanB1: Laminin subunit beta-1 (Drosophila melanogaster)"
"Wounded_1h vs Wounded_0h ∩ Wounded_2h vs Wounded_0h","pdam_00012973","Trim23: E3 ubiquitin-protein ligase TRIM23 (Mus musculus)"
"Wounded_1h vs Wounded_0h ∩ Wounded_2h vs Wounded_0h","pdam_00023871","pcnx4: Pecanex-like protein 4 (Xenopus laevis)"
"Wounded_1h vs Wounded_0h ∩ Wounded_2h vs Wounded_0h","pdam_00007348","unknown function"
"Wounded_1h vs Wounded_0h ∩ Wounded_2h vs Wounded_0h","pdam_00005191","ZMYND12: Zinc finger MYND domain-containing protein 12 (Homo sapiens)"
"Wounded_1h vs Wounded_0h ∩ Wounded_2h vs Wounded_0h","pdam_00002554","KLHL4: Kelch-like protein 4 (Homo sapiens)"
"Wounded_1h vs Wounded_0h ∩ Wounded_2h vs Wounded_0h","pdam_00025487","unknown function"
"Wounded_1h vs Wounded_0h ∩ Wounded_2h vs Wounded_0h","pdam_00007826","egt-2: Hercynylcysteine sulfoxide lyase (Neurospora crassa (strain ATCC 24698 / 74-OR23-1A / CBS 708.71 / DSM 1257 / FGSC 987))"
"Wounded_1h vs Wounded_0h ∩ Wounded_2h vs Wounded_0h","pdam_00019096","RIBC2: RIB43A-like with coiled-coils protein 2 (Homo sapiens)"
"Wounded_1h vs Wounded_0h ∩ Wounded_2h vs Wounded_0h","pdam_00009441","ftt-2: 14-3-3-like protein 2 (Caenorhabditis elegans)"
"Wounded_1h vs Wounded_0h ∩ Wounded_2h vs Wounded_0h","pdam_00011708","unknown function"
"Wounded_1h vs Wounded_0h ∩ Wounded_2h vs Wounded_0h","pdam_00015455","TOMM20: Mitochondrial import receptor subunit TOM20 homolog (Pongo abelii)"
"Wounded_1h vs Wounded_0h ∩ Wounded_2h vs Wounded_0h","pdam_00013800","rsph9: Radial spoke head protein 9 homolog (Danio rerio)"
"Wounded_1h vs Wounded_0h ∩ Wounded_2h vs Wounded_0h","pdam_00003566","Ide: Insulin-degrading enzyme (Rattus norvegicus)"
"Wounded_1h vs Wounded_0h ∩ Wounded_2h vs Wounded_0h","pdam_00019803","Rpn1: Dolichyl-diphosphooligosaccharide--protein glycosyltransferase subunit 1 (Mus musculus)"
"Wounded_1h vs Wounded_0h ∩ Wounded_2h vs Wounded_0h","pdam_00002721","LIN54: Protein lin-54 homolog (Pongo abelii)"
"Wounded_1h vs Wounded_0h ∩ Wounded_2h vs Wounded_0h","pdam_00013011","TMEM245: Transmembrane protein 245 (Bos taurus)"
"Wounded_1h vs Wounded_0h ∩ Wounded_2h vs Wounded_0h","pdam_00020365","ttc25: Tetratricopeptide repeat protein 25 (Danio rerio)"
"Wounded_1h vs Wounded_0h ∩ Wounded_2h vs Wounded_0h","pdam_00001642","unknown function"
"Wounded_1h vs Wounded_0h ∩ Wounded_2h vs Wounded_0h","pdam_00001681","ATP7B: Copper-transporting ATPase 2 (Homo sapiens)"
"Wounded_1h vs Wounded_0h ∩ Wounded_2h vs Wounded_0h","pdam_00011570","TCTE1: T-complex-associated testis-expressed protein 1 (Homo sapiens)"
"Wounded_1h vs Wounded_0h ∩ Wounded_2h vs Wounded_0h","pdam_00004117","unknown function"
"Wounded_1h vs Wounded_0h ∩ Wounded_2h vs Wounded_0h","pdam_00018127","HSPA5: 78 kDa glucose-regulated protein (Bos taurus)"
"Wounded_1h vs Wounded_0h ∩ Wounded_2h vs Wounded_0h","pdam_00015787","TDG: G/T mismatch-specific thymine DNA glycosylase (Homo sapiens)"
"Wounded_1h vs Wounded_0h ∩ Wounded_2h vs Wounded_0h","pdam_00014552","unknown function"
"Wounded_1h vs Wounded_0h ∩ Wounded_2h vs Wounded_0h","pdam_00015679","EYS: Protein eyes shut homolog (Homo sapiens)"
"Wounded_1h vs Wounded_0h ∩ Wounded_2h vs Wounded_0h","pdam_00022090","ZFYVE1: Zinc finger FYVE domain-containing protein 1 (Homo sapiens)"
"Wounded_1h vs Wounded_0h ∩ Wounded_2h vs Wounded_0h","pdam_00011227","Csde1: Cold shock domain-containing protein E1 (Mus musculus)"
"Wounded_1h vs Wounded_0h ∩ Wounded_2h vs Wounded_0h","pdam_00015758","MYC: Myc proto-oncogene protein (Hylobates lar)"
"Wounded_1h vs Wounded_0h ∩ Wounded_2h vs Wounded_0h","pdam_00025139","licD: Lipopolysaccharide cholinephosphotransferase LicD (Haemophilus influenzae (strain ATCC 51907 / DSM 11121 / KW20 / Rd))"
"Wounded_1h vs Wounded_0h ∩ Wounded_2h vs Wounded_0h","pdam_00019195","CFAP77: Cilia- and flagella-associated protein 77 (Homo sapiens)"
"Wounded_1h vs Wounded_0h ∩ Wounded_2h vs Wounded_0h","pdam_00021219","C9orf172: Uncharacterized protein C9orf172 (Homo sapiens)"
"Wounded_1h vs Wounded_0h ∩ Wounded_2h vs Wounded_0h","pdam_00005047","AGRN: Agrin (Homo sapiens)"
"Wounded_1h vs Wounded_0h ∩ Wounded_2h vs Wounded_0h","pdam_00005027","Proser1: Proline and serine-rich protein 1 (Mus musculus)"
"Wounded_1h vs Wounded_0h ∩ Wounded_2h vs Wounded_0h","pdam_00010723","CCDC151: Coiled-coil domain-containing protein 151 (Bos taurus)"
"Wounded_1h vs Wounded_0h ∩ Wounded_2h vs Wounded_0h","pdam_00024567","unknown function"
"Wounded_1h vs Wounded_0h ∩ Wounded_2h vs Wounded_0h","pdam_00009953","unknown function"
"Wounded_1h vs Wounded_0h ∩ Wounded_2h vs Wounded_0h","pdam_00009027","unknown function"
"Wounded_1h vs Wounded_0h ∩ Wounded_2h vs Wounded_0h","pdam_00002860","drc7: Dynein regulatory complex subunit 7 (Xenopus tropicalis)"
"Wounded_1h vs Wounded_0h ∩ Wounded_2h vs Wounded_0h","pdam_00002942","DDX21: Nucleolar RNA helicase 2 (Homo sapiens)"
"Wounded_1h vs Wounded_0h ∩ Wounded_2h vs Wounded_0h","pdam_00009836","litaf: Lipopolysaccharide-induced tumor necrosis factor-alpha factor homolog (Danio rerio)"
"Wounded_1h vs Wounded_0h ∩ Wounded_4h vs Wounded_0h","pdam_00015539","Mlc-c: Myosin-2 essential light chain (Drosophila melanogaster)"
"Wounded_1h vs Wounded_0h ∩ Wounded_4h vs Wounded_0h","pdam_00011517","ADRB2: Beta-2 adrenergic receptor (Sus scrofa)"
"Wounded_1h vs Wounded_0h ∩ Wounded_4h vs Wounded_0h","pdam_00003609","Mcat: Malonyl-CoA-acyl carrier protein transacylase%2C mitochondrial (Mus musculus)"
"Wounded_1h vs Wounded_0h ∩ Wounded_4h vs Wounded_0h","pdam_00000078","unknown function"
"Wounded_1h vs Wounded_0h ∩ Wounded_4h vs Wounded_0h","pdam_00021456","pax3-b: Paired box protein Pax-3-B (Xenopus laevis)"
"Wounded_1h vs Wounded_0h ∩ Wounded_4h vs Wounded_0h","pdam_00014407","nas-15: Zinc metalloproteinase nas-15 (Caenorhabditis elegans)"
"Wounded_1h vs Wounded_0h ∩ Wounded_4h vs Wounded_0h","pdam_00006804","unknown function"
"Wounded_1h vs Wounded_0h ∩ Wounded_4h vs Wounded_0h","pdam_00008884","PDX2: Probable pyridoxal 5'-phosphate synthase subunit PDX2 (Arabidopsis thaliana)"
"Wounded_1h vs Wounded_0h ∩ Wounded_4h vs Wounded_0h","pdam_00015600","unknown function"
"Wounded_1h vs Wounded_0h ∩ Wounded_4h vs Wounded_0h","pdam_00006276","guaD: Guanine deaminase (Bacillus subtilis (strain 168))"
"Wounded_1h vs Wounded_0h ∩ Wounded_4h vs Wounded_0h","pdam_00002352","unknown function"
"Wounded_1h vs Wounded_0h ∩ Wounded_4h vs Wounded_0h","pdam_00002764","unknown function"
"Wounded_1h vs Wounded_0h ∩ Wounded_4h vs Wounded_0h","pdam_00017490","ADAT1: tRNA-specific adenosine deaminase 1 (Gallus gallus)"
"Wounded_1h vs Wounded_0h ∩ Wounded_4h vs Wounded_0h","pdam_00011252","oxt: Xylosyltransferase oxt (Drosophila pseudoobscura pseudoobscura)"
"Wounded_1h vs Wounded_0h ∩ Wounded_4h vs Wounded_0h","pdam_00022815","FUBP1: Far upstream element-binding protein 1 (Homo sapiens)"
"Wounded_1h vs Wounded_0h ∩ Wounded_4h vs Wounded_0h","pdam_00001857","CFAP45: Cilia- and flagella-associated protein 45 (Homo sapiens)"
"Wounded_2h vs Wounded_0h ∩ Wounded_4h vs Wounded_0h","pdam_00009300","CYP4B1: Cytochrome P450 4B1 (Homo sapiens)"
"Wounded_2h vs Wounded_0h ∩ Wounded_4h vs Wounded_0h","pdam_00018352","BAG3: BAG family molecular chaperone regulator 3 (Homo sapiens)"
"Wounded_2h vs Wounded_0h ∩ Wounded_4h vs Wounded_0h","pdam_00018223","DES1: Acyl-lipid (8-3)-desaturase (Mortierella alpina)"
"Wounded_2h vs Wounded_0h ∩ Wounded_4h vs Wounded_0h","pdam_00014806","Collagen alpha chain (Fragment) (Acropora millepora)"
"Wounded_2h vs Wounded_0h ∩ Wounded_4h vs Wounded_0h","pdam_00006657","btbd6: BTB/POZ domain-containing protein 6 (Xenopus laevis)"
"Wounded_2h vs Wounded_0h ∩ Wounded_4h vs Wounded_0h","pdam_00021474","STRADA: STE20-related kinase adapter protein alpha (Bos taurus)"
"Wounded_2h vs Wounded_0h ∩ Wounded_4h vs Wounded_0h","pdam_00008110","hgh1: Protein HGH1 homolog (Danio rerio)"
"Wounded_2h vs Wounded_0h ∩ Wounded_4h vs Wounded_0h","pdam_00018803","oxr1: Oxidation resistance protein 1 (Xenopus tropicalis)"
"Wounded_2h vs Wounded_0h ∩ Wounded_4h vs Wounded_0h","pdam_00018802","Uncharacterized skeletal organic matrix protein 7 (Acropora millepora)"
"Wounded_2h vs Wounded_0h ∩ Wounded_4h vs Wounded_0h","pdam_00025728","unknown function"
"Wounded_2h vs Wounded_0h ∩ Wounded_4h vs Wounded_0h","pdam_00019115","COMMD7: COMM domain-containing protein 7 (Bos taurus)"
"Wounded_2h vs Wounded_0h ∩ Wounded_4h vs Wounded_0h","pdam_00000381","NOS1: Nitric oxide synthase%2C brain (Oryctolagus cuniculus)"
"Wounded_2h vs Wounded_0h ∩ Wounded_4h vs Wounded_0h","pdam_00018686","unknown function"
"Wounded_2h vs Wounded_0h ∩ Wounded_4h vs Wounded_0h","pdam_00005746","unknown function"
"Wounded_2h vs Wounded_0h ∩ Wounded_4h vs Wounded_0h","pdam_00016509","CFAP70: Cilia- and flagella-associated protein 70 (Homo sapiens)"
"Wounded_2h vs Wounded_0h ∩ Wounded_4h vs Wounded_0h","pdam_00012035","L-asparaginase (Dirofilaria immitis)"
"Wounded_2h vs Wounded_0h ∩ Wounded_4h vs Wounded_0h","pdam_00025704","TTC28: Tetratricopeptide repeat protein 28 (Homo sapiens)"
"Wounded_2h vs Wounded_0h ∩ Wounded_4h vs Wounded_0h","pdam_00001532","unknown function"
"Wounded_2h vs Wounded_0h ∩ Wounded_4h vs Wounded_0h","pdam_00011897","Caltractin (Fragment) (Tetraselmis striata)"
"Wounded_2h vs Wounded_0h ∩ Wounded_4h vs Wounded_0h","pdam_00003436","unknown function"
"Wounded_2h vs Wounded_0h ∩ Wounded_4h vs Wounded_0h","pdam_00010667","unknown function"
"Wounded_2h vs Wounded_0h ∩ Wounded_4h vs Wounded_0h","pdam_00000720","unknown function"
"Wounded_2h vs Wounded_0h ∩ Wounded_4h vs Wounded_0h","pdam_00019791","DERL1: Derlin-1 (Homo sapiens)"
"Wounded_2h vs Wounded_0h ∩ Wounded_4h vs Wounded_0h","pdam_00015299","unknown function"
"Wounded_2h vs Wounded_0h ∩ Wounded_4h vs Wounded_0h","pdam_00003677","scra: Anillin (Drosophila melanogaster)"
"Wounded_2h vs Wounded_0h ∩ Wounded_4h vs Wounded_0h","pdam_00000687","unknown function"
"Wounded_2h vs Wounded_0h ∩ Wounded_4h vs Wounded_0h","pdam_00003826","Uncharacterized skeletal organic matrix protein 5 (Acropora millepora)"
"Wounded_2h vs Wounded_0h ∩ Wounded_4h vs Wounded_0h","pdam_00016363","Stk16: Serine/threonine-protein kinase 16 (Rattus norvegicus)"
"Wounded_2h vs Wounded_0h ∩ Wounded_4h vs Wounded_0h","pdam_00000051","unknown function"
"Wounded_2h vs Wounded_0h ∩ Wounded_4h vs Wounded_0h","pdam_00010096","surf1: Surfeit locus protein 1 (Xenopus tropicalis)"
"Wounded_2h vs Wounded_0h ∩ Wounded_4h vs Wounded_0h","pdam_00024838","TTC28: Tetratricopeptide repeat protein 28 (Homo sapiens)"
"Wounded_2h vs Wounded_0h ∩ Wounded_4h vs Wounded_0h","pdam_00011815","gghA: Gamma-glutamyl hydrolase A (Dictyostelium discoideum)"
"Wounded_2h vs Wounded_0h ∩ Wounded_4h vs Wounded_0h","pdam_00011080","March8: E3 ubiquitin-protein ligase MARCH8 (Mus musculus)"
"Wounded_2h vs Wounded_0h ∩ Wounded_4h vs Wounded_0h","pdam_00005634","Ta0103: Isopentenyl phosphate kinase (Thermoplasma acidophilum (strain ATCC 25905 / DSM 1728 / JCM 9062 / NBRC 15155 / AMRC-C165))"
"Wounded_2h vs Wounded_0h ∩ Wounded_4h vs Wounded_0h","pdam_00010183","MTMR10: Myotubularin-related protein 10 (Homo sapiens)"
"Wounded_2h vs Wounded_0h ∩ Wounded_4h vs Wounded_0h","pdam_00009553","KIAA0391: Mitochondrial ribonuclease P protein 3 (Homo sapiens)"
"Wounded_2h vs Wounded_0h ∩ Wounded_4h vs Wounded_0h","pdam_00020798","MAD2L2: Mitotic spindle assembly checkpoint protein MAD2B (Bos taurus)"
"Wounded_2h vs Wounded_0h ∩ Wounded_4h vs Wounded_0h","pdam_00019589","Pxdn: Peroxidasin homolog (Mus musculus)"
"Wounded_2h vs Wounded_0h ∩ Wounded_4h vs Wounded_0h","pdam_00006536","Slc25a29: Mitochondrial basic amino acids transporter (Rattus norvegicus)"
"Wounded_2h vs Wounded_0h ∩ Wounded_4h vs Wounded_0h","pdam_00006175","CACHD1: VWFA and cache domain-containing protein 1 (Homo sapiens)"
"Wounded_2h vs Wounded_0h ∩ Wounded_4h vs Wounded_0h","pdam_00025699","unknown function"
"Wounded_2h vs Wounded_0h ∩ Wounded_4h vs Wounded_0h","pdam_00004917","TCF15: Transcription factor 15 (Gallus gallus)"
"Wounded_2h vs Wounded_0h ∩ Wounded_4h vs Wounded_0h","pdam_00004901","DKK3: Dickkopf-related protein 3 (Gallus gallus)"
"Wounded_2h vs Wounded_0h ∩ Wounded_4h vs Wounded_0h","pdam_00004907","ADGRB3: Adhesion G protein-coupled receptor B3 (Homo sapiens)"
"Wounded_2h vs Wounded_0h ∩ Wounded_4h vs Wounded_0h","pdam_00024538","unknown function"
"Wounded_2h vs Wounded_0h ∩ Wounded_4h vs Wounded_0h","pdam_00009340","Asb13: Ankyrin repeat and SOCS box protein 13 (Mus musculus)"
"Wounded_2h vs Wounded_0h ∩ Wounded_4h vs Wounded_0h","pdam_00016190","Major yolk protein (Strongylocentrotus purpuratus)"
"Wounded_2h vs Wounded_0h ∩ Wounded_4h vs Wounded_0h","pdam_00010407","Sdhaf4: Succinate dehydrogenase assembly factor 4%2C mitochondrial (Mus musculus)"
"Wounded_2h vs Wounded_0h ∩ Wounded_4h vs Wounded_0h","pdam_00010329","unknown function"
"Wounded_2h vs Wounded_0h ∩ Wounded_4h vs Wounded_0h","pdam_00007745","Notch1: Neurogenic locus notch homolog protein 1 (Mus musculus)"
"Wounded_2h vs Wounded_0h ∩ Wounded_4h vs Wounded_0h","pdam_00014248","TADA2B: Transcriptional adapter 2-beta (Pongo abelii)"
"Wounded_2h vs Wounded_0h ∩ Wounded_4h vs Wounded_0h","pdam_00019561","chmp7: Charged multivesicular body protein 7 (Danio rerio)"
"Wounded_2h vs Wounded_0h ∩ Wounded_4h vs Wounded_0h","pdam_00002967","ptdss2: Phosphatidylserine synthase 2 (Danio rerio)"
"Wounded_2h vs Wounded_0h ∩ Wounded_4h vs Wounded_0h","pdam_00020504","unknown function"
"Wounded_2h vs Wounded_0h ∩ Wounded_4h vs Wounded_0h","pdam_00016070","Mfge8: Lactadherin (Mus musculus)"
"Wounded_2h vs Wounded_0h ∩ Wounded_4h vs Wounded_0h","pdam_00004183","unknown function"
"Wounded_2h vs Wounded_0h ∩ Wounded_4h vs Wounded_0h","pdam_00001021","unknown function"
"Wounded_2h vs Wounded_0h ∩ Wounded_4h vs Wounded_0h","pdam_00005161","unknown function"
"Wounded_2h vs Wounded_0h ∩ Wounded_4h vs Wounded_0h","pdam_00012280","ANGPTL7: Angiopoietin-related protein 7 (Homo sapiens)"
"Wounded_2h vs Wounded_0h ∩ Wounded_4h vs Wounded_0h","pdam_00007336","licD: Lipopolysaccharide cholinephosphotransferase LicD (Haemophilus influenzae (strain ATCC 51907 / DSM 11121 / KW20 / Rd))"
"Wounded_2h vs Wounded_0h ∩ Wounded_4h vs Wounded_0h","pdam_00012814","unknown function"
"Wounded_2h vs Wounded_0h ∩ Wounded_4h vs Wounded_0h","pdam_00002553","B4galnt3: Beta-1%2C4-N-acetylgalactosaminyltransferase 3 (Mus musculus)"
"Wounded_2h vs Wounded_0h ∩ Wounded_4h vs Wounded_0h","pdam_00020400","Ints10: Integrator complex subunit 10 (Mus musculus)"
"Wounded_2h vs Wounded_0h ∩ Wounded_4h vs Wounded_0h","pdam_00004953","unknown function"
"Wounded_2h vs Wounded_0h ∩ Wounded_4h vs Wounded_0h","pdam_00021972","Grm2: Metabotropic glutamate receptor 2 (Mus musculus)"
"Wounded_2h vs Wounded_0h ∩ Wounded_4h vs Wounded_0h","pdam_00006732","NEU1: Sialidase-1 (Bos taurus)"
"Wounded_2h vs Wounded_0h ∩ Wounded_4h vs Wounded_0h","pdam_00007846","NDOR1: NADPH-dependent diflavin oxidoreductase 1 (Bos taurus)"
"Wounded_2h vs Wounded_0h ∩ Wounded_4h vs Wounded_0h","pdam_00019447","MAEA: Macrophage erythroblast attacher (Pongo abelii)"
"Wounded_2h vs Wounded_0h ∩ Wounded_4h vs Wounded_0h","pdam_00011378","Pabp2: Polyadenylate-binding protein 2 (Drosophila melanogaster)"
"Wounded_2h vs Wounded_0h ∩ Wounded_4h vs Wounded_0h","pdam_00011382","Fam210b: Protein FAM210B (Mus musculus)"
"Wounded_2h vs Wounded_0h ∩ Wounded_4h vs Wounded_0h","pdam_00009453","ABHD3: Phospholipase ABHD3 (Homo sapiens)"
"Wounded_2h vs Wounded_0h ∩ Wounded_4h vs Wounded_0h","pdam_00009220","POMGNT1: Protein O-linked-mannose beta-1%2C2-N-acetylglucosaminyltransferase 1 (Bos taurus)"
"Wounded_2h vs Wounded_0h ∩ Wounded_4h vs Wounded_0h","pdam_00009245","unknown function"
"Wounded_2h vs Wounded_0h ∩ Wounded_4h vs Wounded_0h","pdam_00001052","unknown function"
"Wounded_2h vs Wounded_0h ∩ Wounded_4h vs Wounded_0h","pdam_00003563","TMEM127: Transmembrane protein 127 (Homo sapiens)"
"Wounded_2h vs Wounded_0h ∩ Wounded_4h vs Wounded_0h","pdam_00010796","MKNK2: MAP kinase-interacting serine/threonine-protein kinase 2 (Homo sapiens)"
"Wounded_2h vs Wounded_0h ∩ Wounded_4h vs Wounded_0h","pdam_00021859","UPF0602 protein C4orf47 homolog (Xenopus laevis)"
"Wounded_2h vs Wounded_0h ∩ Wounded_4h vs Wounded_0h","pdam_00020569","unknown function"
"Wounded_2h vs Wounded_0h ∩ Wounded_4h vs Wounded_0h","pdam_00009783","unknown function"
"Wounded_2h vs Wounded_0h ∩ Wounded_4h vs Wounded_0h","pdam_00019315","Chid1: Chitinase domain-containing protein 1 (Rattus norvegicus)"
"Wounded_2h vs Wounded_0h ∩ Wounded_4h vs Wounded_0h","pdam_00010344","wnt8b: Protein Wnt-8b (Danio rerio)"
"Wounded_2h vs Wounded_0h ∩ Wounded_4h vs Wounded_0h","pdam_00001187","unknown function"
"Wounded_2h vs Wounded_0h ∩ Wounded_4h vs Wounded_0h","pdam_00001315","Enox1: Ecto-NOX disulfide-thiol exchanger 1 (Mus musculus)"
"Wounded_2h vs Wounded_0h ∩ Wounded_4h vs Wounded_0h","pdam_00017670","IMPA1: Inositol monophosphatase 1 (Pongo abelii)"
"Wounded_2h vs Wounded_0h ∩ Wounded_4h vs Wounded_0h","pdam_00025436","HMCN1: Hemicentin-1 (Homo sapiens)"
"Wounded_2h vs Wounded_0h ∩ Wounded_4h vs Wounded_0h","pdam_00010937","THNSL1: Threonine synthase-like 1 (Pongo abelii)"
"Wounded_2h vs Wounded_0h ∩ Wounded_4h vs Wounded_0h","pdam_00010943","unknown function"
"Wounded_2h vs Wounded_0h ∩ Wounded_4h vs Wounded_0h","pdam_00023756","unknown function"
"Wounded_2h vs Wounded_0h ∩ Wounded_4h vs Wounded_0h","pdam_00014185","unknown function"
"Wounded_2h vs Wounded_0h ∩ Wounded_4h vs Wounded_0h","pdam_00012727","unknown function"
"Wounded_2h vs Wounded_0h ∩ Wounded_4h vs Wounded_0h","pdam_00022549","unknown function"
"Wounded_2h vs Wounded_0h ∩ Wounded_4h vs Wounded_0h","pdam_00023805","Uncharacterized skeletal organic matrix protein 5 (Acropora millepora)"
"Wounded_2h vs Wounded_0h ∩ Wounded_4h vs Wounded_0h","pdam_00020766","Brf1: Transcription factor IIIB 90 kDa subunit (Mus musculus)"
"Wounded_2h vs Wounded_0h ∩ Wounded_4h vs Wounded_0h","pdam_00014338","PPIH: Peptidyl-prolyl cis-trans isomerase H (Homo sapiens)"
"Wounded_2h vs Wounded_0h ∩ Wounded_4h vs Wounded_0h","pdam_00002009","C9orf135: Uncharacterized protein C9orf135 (Homo sapiens)"
"Wounded_2h vs Wounded_0h ∩ Wounded_4h vs Wounded_0h","pdam_00023282","ago2: Protein argonaute-2 (Xenopus laevis)"
"Wounded_2h vs Wounded_0h ∩ Wounded_4h vs Wounded_0h","pdam_00016711","Nedd9: Enhancer of filamentation 1 (Mus musculus)"
"Wounded_2h vs Wounded_0h ∩ Wounded_4h vs Wounded_0h","pdam_00016713","Rpusd2: RNA pseudouridylate synthase domain-containing protein 2 (Mus musculus)"
"Wounded_2h vs Wounded_0h ∩ Wounded_4h vs Wounded_0h","pdam_00009925","PPP1R32: Protein phosphatase 1 regulatory subunit 32 (Homo sapiens)"
"Wounded_2h vs Wounded_0h ∩ Wounded_4h vs Wounded_0h","pdam_00009058","thbs1: Thrombospondin-1 (Xenopus laevis)"
"Wounded_2h vs Wounded_0h ∩ Wounded_4h vs Wounded_0h","pdam_00020625","unknown function"
"Wounded_4h vs Control_4h ∩ Wounded_1h vs Wounded_0h ∩ Wounded_2h vs Wounded_0h","pdam_00025949","unknown function"
"Wounded_4h vs Control_4h ∩ Wounded_1h vs Wounded_0h ∩ Wounded_4h vs Wounded_0h","pdam_00015293","DYNLRB2: Dynein light chain roadblock-type 2 (Bos taurus)"
"Wounded_4h vs Control_4h ∩ Wounded_1h vs Wounded_0h ∩ Wounded_4h vs Wounded_0h","pdam_00004113","unknown function"
"Wounded_1h vs Wounded_0h ∩ Wounded_2h vs Wounded_0h ∩ Wounded_4h vs Wounded_0h","pdam_00004800","unknown function"
"Wounded_1h vs Wounded_0h ∩ Wounded_2h vs Wounded_0h ∩ Wounded_4h vs Wounded_0h","pdam_00017282","KIF9: Kinesin-like protein KIF9 (Homo sapiens)"
"Wounded_1h vs Wounded_0h ∩ Wounded_2h vs Wounded_0h ∩ Wounded_4h vs Wounded_0h","pdam_00026005","unknown function"
"Wounded_1h vs Wounded_0h ∩ Wounded_2h vs Wounded_0h ∩ Wounded_4h vs Wounded_0h","pdam_00014894","unknown function"
"Wounded_1h vs Wounded_0h ∩ Wounded_2h vs Wounded_0h ∩ Wounded_4h vs Wounded_0h","pdam_00018534","CFAP57: Cilia- and flagella-associated protein 57 (Homo sapiens)"
"Wounded_1h vs Wounded_0h ∩ Wounded_2h vs Wounded_0h ∩ Wounded_4h vs Wounded_0h","pdam_00016424","PLA2G15: Group XV phospholipase A2 (Homo sapiens)"
"Wounded_1h vs Wounded_0h ∩ Wounded_2h vs Wounded_0h ∩ Wounded_4h vs Wounded_0h","pdam_00003485","efhc2: EF-hand domain-containing family member C2 (Danio rerio)"
"Wounded_1h vs Wounded_0h ∩ Wounded_2h vs Wounded_0h ∩ Wounded_4h vs Wounded_0h","pdam_00010219","TEKT2: Tektin-2 (Homo sapiens)"
"Wounded_1h vs Wounded_0h ∩ Wounded_2h vs Wounded_0h ∩ Wounded_4h vs Wounded_0h","pdam_00011063","PLEKHG7: Pleckstrin homology domain-containing family G member 7 (Homo sapiens)"
"Wounded_1h vs Wounded_0h ∩ Wounded_2h vs Wounded_0h ∩ Wounded_4h vs Wounded_0h","pdam_00009504","Ctrc: Chymotrypsin-C (Mus musculus)"
"Wounded_1h vs Wounded_0h ∩ Wounded_2h vs Wounded_0h ∩ Wounded_4h vs Wounded_0h","pdam_00002668","Gp2: Pancreatic secretory granule membrane major glycoprotein GP2 (Rattus norvegicus)"
"Wounded_1h vs Wounded_0h ∩ Wounded_2h vs Wounded_0h ∩ Wounded_4h vs Wounded_0h","pdam_00003095","TNNI3K: Serine/threonine-protein kinase TNNI3K (Homo sapiens)"
"Wounded_1h vs Wounded_0h ∩ Wounded_2h vs Wounded_0h ∩ Wounded_4h vs Wounded_0h","pdam_00006235","unknown function"
"Wounded_1h vs Wounded_0h ∩ Wounded_2h vs Wounded_0h ∩ Wounded_4h vs Wounded_0h","pdam_00019569","FBXL20: F-box/LRR-repeat protein 20 (Homo sapiens)"
"Wounded_1h vs Wounded_0h ∩ Wounded_2h vs Wounded_0h ∩ Wounded_4h vs Wounded_0h","pdam_00019934","VWA3A: von Willebrand factor A domain-containing protein 3A (Homo sapiens)"
"Wounded_1h vs Wounded_0h ∩ Wounded_2h vs Wounded_0h ∩ Wounded_4h vs Wounded_0h","pdam_00011997","COX7A2L: Cytochrome c oxidase subunit 7A-related protein%2C mitochondrial (Bos taurus)"
"Wounded_1h vs Wounded_0h ∩ Wounded_2h vs Wounded_0h ∩ Wounded_4h vs Wounded_0h","pdam_00023199","GALK1: Galactokinase (Homo sapiens)"
"Wounded_1h vs Wounded_0h ∩ Wounded_2h vs Wounded_0h ∩ Wounded_4h vs Wounded_0h","pdam_00012821","METTL7A: Methyltransferase-like protein 7A (Homo sapiens)"
"Wounded_1h vs Wounded_0h ∩ Wounded_2h vs Wounded_0h ∩ Wounded_4h vs Wounded_0h","pdam_00002728","snrpe: Small nuclear ribonucleoprotein E (Danio rerio)"
"Wounded_1h vs Wounded_0h ∩ Wounded_2h vs Wounded_0h ∩ Wounded_4h vs Wounded_0h","pdam_00001240","unknown function"
"Wounded_1h vs Wounded_0h ∩ Wounded_2h vs Wounded_0h ∩ Wounded_4h vs Wounded_0h","pdam_00014538","v1g200856: Protein Flattop homolog (Nematostella vectensis)"
"Wounded_1h vs Wounded_0h ∩ Wounded_2h vs Wounded_0h ∩ Wounded_4h vs Wounded_0h","pdam_00007061","Atp6v1f: V-type proton ATPase subunit F (Rattus norvegicus)"
"Wounded_1h vs Wounded_0h ∩ Wounded_2h vs Wounded_0h ∩ Wounded_4h vs Wounded_0h","pdam_00013605","tmem205: Transmembrane protein 205 (Xenopus tropicalis)"
"Wounded_1h vs Wounded_0h ∩ Wounded_2h vs Wounded_0h ∩ Wounded_4h vs Wounded_0h","pdam_00013962","ATG26: Sterol 3-beta-glucosyltransferase (Cryptococcus neoformans var. neoformans serotype D (strain JEC21 / ATCC MYA-565))"
"Wounded_1h vs Wounded_0h ∩ Wounded_2h vs Wounded_0h ∩ Wounded_4h vs Wounded_0h","pdam_00026062","unknown function"
"Wounded_1h vs Wounded_0h ∩ Wounded_2h vs Wounded_0h ∩ Wounded_4h vs Wounded_0h","pdam_00019510","Cfap58: Cilia- and flagella-associated protein 58 (Mus musculus)"
"Wounded_1h vs Control_1h ∩ Wounded_2h vs Control_2h ∩ Wounded_1h vs Wounded_0h ∩ Wounded_2h vs Wounded_0h","pdam_00009111","unknown function"
"Wounded_4h vs Control_4h ∩ Wounded_1h vs Wounded_0h ∩ Wounded_2h vs Wounded_0h ∩ Wounded_4h vs Wounded_0h","pdam_00003431","Sdhd: Succinate dehydrogenase [ubiquinone] cytochrome b small subunit%2C mitochondrial (Mus musculus)"
