"Row.names","baseMean","log2FoldChange","lfcSE","stat","pvalue","padj","Gene_Function","contrast"
"pdam_00000041",75.1535966425171,-1.09294411217791,0.248702222076142,-4.39458925237629,1.10982399293452e-05,0.000613939584430455,"unknown function","Wounded 1h vs 0h (injury-filtered)"
"pdam_00000078",23.5570019449515,1.22828119747325,0.392292418052408,3.1310347611897,0.0017419154085932,0.0293660305297856,"unknown function","Wounded 1h vs 0h (injury-filtered)"
"pdam_00000150",29.8465925430644,-1.5045945490491,0.457465920841003,-3.28897625047798,0.00100552507978679,0.0199828256268546,"Matn4: Matrilin-4 (Mus musculus)","Wounded 1h vs 0h (injury-filtered)"
"pdam_00000286",733.913274086339,0.78748349434481,0.160950657724106,4.89270131281274,9.94612944194112e-07,8.49795216560404e-05,"TEKT1: Tektin-1 (Homo sapiens)","Wounded 1h vs 0h (injury-filtered)"
"pdam_00000419",30.762856629413,3.53516195901515,0.693343324551011,5.09871781242635,3.41961889065974e-07,3.50973337589159e-05,"unknown function","Wounded 1h vs 0h (injury-filtered)"
"pdam_00000529",68.8653819784266,-1.40373858102834,0.455414870825184,-3.08232925834164,0.00205387518943205,0.0333403303107963,"ttc34: Tetratricopeptide repeat protein 34 (Xenopus laevis)","Wounded 1h vs 0h (injury-filtered)"
"pdam_00000613",491.218072431958,0.48952544277618,0.149065866975679,3.28395395074615,0.00102361646266324,0.0202723265220891,"CFAP65: Cilia- and flagella-associated protein 65 (Gallus gallus)","Wounded 1h vs 0h (injury-filtered)"
"pdam_00000653",75.0771734141056,-0.814380446602715,0.275845689982786,-2.95230440850294,0.00315411820384418,0.0448881097685046,"HOP1: Hsp70-Hsp90 organizing protein 1 (Arabidopsis thaliana)","Wounded 1h vs 0h (injury-filtered)"
"pdam_00000675",229.675772716157,-0.754297020884605,0.233178893622112,-3.234842610185,0.00121709801422168,0.0227773193739491,"unknown function","Wounded 1h vs 0h (injury-filtered)"
"pdam_00000869",287.475195574066,1.14547187053961,0.386654375906678,2.96252141942931,0.00305130578872336,0.0438329746181131,"Pex11a: Peroxisomal membrane protein 11A (Rattus norvegicus)","Wounded 1h vs 0h (injury-filtered)"
"pdam_00000913",22.8470701147966,1.40636364994293,0.46431028502049,3.02893064253546,0.00245421019174556,0.0379983454640378,"Hcrtr1: Orexin receptor type 1 (Mus musculus)","Wounded 1h vs 0h (injury-filtered)"
"pdam_00001087",741.169688042443,-0.541211161651958,0.138383341186386,-3.91095602268347,9.19315115925796e-05,0.00341738117922393,"Tdrkh: Tudor and KH domain-containing protein (Mus musculus)","Wounded 1h vs 0h (injury-filtered)"
"pdam_00001089",256.856586104092,0.575991288527922,0.197950585449155,2.90977309928628,0.00361691235277287,0.0496003299873113,"unknown function","Wounded 1h vs 0h (injury-filtered)"
"pdam_00001101",44.0919161395023,1.25201431924218,0.393805938820132,3.17926723754673,0.00147647898374646,0.0262469069016977,"unknown function","Wounded 1h vs 0h (injury-filtered)"
"pdam_00001240",13.910515353053,-2.62207642353405,0.84775866558534,-3.09295148487055,0.00198176530266974,0.0324052384511698,"unknown function","Wounded 1h vs 0h (injury-filtered)"
"pdam_00001457",334.592129240939,0.467004728379053,0.158854553421067,2.93982588677323,0.00328396726747517,0.0462390524917405,"Med20: Mediator of RNA polymerase II transcription subunit 20 (Mus musculus)","Wounded 1h vs 0h (injury-filtered)"
"pdam_00001512",249.597698973611,0.846203884861565,0.28530637039342,2.96594809185193,0.00301751414503281,0.043434340095217,"unknown function","Wounded 1h vs 0h (injury-filtered)"
"pdam_00001518",82.3188910875692,1.00154492961002,0.276896990119346,3.61703075637746,0.00029800190560404,0.00832721420813756,"Gpn2: GPN-loop GTPase 2 (Rattus norvegicus)","Wounded 1h vs 0h (injury-filtered)"
"pdam_00001540",271.536551223142,-0.490459962505385,0.164909360732462,-2.97411839041129,0.00293831682940264,0.0428654479675856,"NUP43: Nucleoporin Nup43 (Homo sapiens)","Wounded 1h vs 0h (injury-filtered)"
"pdam_00001642",31.5086107507156,1.94996494016,0.411235298908162,4.74172558955225,2.11905522403373e-06,0.000156474489597314,"unknown function","Wounded 1h vs 0h (injury-filtered)"
"pdam_00001649",386.583332852762,0.572324879040214,0.187421733795932,3.05367401874198,0.00226057571408625,0.0356097631203904,"Ano7: Anoctamin-7 (Rattus norvegicus)","Wounded 1h vs 0h (injury-filtered)"
"pdam_00001681",1917.62015741742,-0.417770870282495,0.128175753182008,-3.25935958955719,0.0011166403822609,0.0215141138112345,"ATP7B: Copper-transporting ATPase 2 (Homo sapiens)","Wounded 1h vs 0h (injury-filtered)"
"pdam_00001857",620.61742641551,0.736394845678715,0.178204291683304,4.13230702090721,3.5914026135904e-05,0.00156706147730432,"CFAP45: Cilia- and flagella-associated protein 45 (Homo sapiens)","Wounded 1h vs 0h (injury-filtered)"
"pdam_00002144",105.719509686727,-0.797678096729351,0.241213876231574,-3.30693287298096,0.000943234920622904,0.0191689298501185,"SOX14: Transcription factor SOX-14 (Macaca fascicularis)","Wounded 1h vs 0h (injury-filtered)"
"pdam_00002307",355.165722689457,-0.724766788801992,0.209415544846452,-3.46090252914799,0.000538367700200788,0.0127936466938381,"unknown function","Wounded 1h vs 0h (injury-filtered)"
"pdam_00002320",96.668370303808,1.36022254274452,0.315014948035379,4.31796189745177,1.57476606935486e-05,0.00083437037291565,"tctex1d1-b: Tctex1 domain-containing protein 1-B (Fragment) (Xenopus laevis)","Wounded 1h vs 0h (injury-filtered)"
"pdam_00002352",375.494831007373,0.718623131392601,0.197266731633837,3.6429007843375,0.000269582768023576,0.00769112096394535,"unknown function","Wounded 1h vs 0h (injury-filtered)"
"pdam_00002495",2722.60910577772,0.26901219962882,0.0901346991631696,2.98455758022591,0.00283988745788478,0.0420545584620887,"usp10: Ubiquitin carboxyl-terminal hydrolase 10 (Xenopus tropicalis)","Wounded 1h vs 0h (injury-filtered)"
"pdam_00002532",269.911517409365,0.57761594927836,0.171501224728674,3.36799897605505,0.000757158773235484,0.0164091288451924,"MED10: Mediator of RNA polymerase II transcription subunit 10 (Pongo abelii)","Wounded 1h vs 0h (injury-filtered)"
"pdam_00002554",316.193693130608,-0.638088424762922,0.170921156575697,-3.73323254737237,0.000189037910563953,0.00595542405886709,"KLHL4: Kelch-like protein 4 (Homo sapiens)","Wounded 1h vs 0h (injury-filtered)"
"pdam_00002642",226.627616008499,-0.561222637629144,0.188549388185748,-2.97652855323115,0.00291531933545281,0.0427065495828136,"PARP14: Poly [ADP-ribose] polymerase 14 (Homo sapiens)","Wounded 1h vs 0h (injury-filtered)"
"pdam_00002668",19.4457043537844,2.14756158747757,0.629409872204871,3.41202399631023,0.000644824365629025,0.0146558340149026,"Gp2: Pancreatic secretory granule membrane major glycoprotein GP2 (Rattus norvegicus)","Wounded 1h vs 0h (injury-filtered)"
"pdam_00002721",733.98827888991,-0.49505708425624,0.129165528871894,-3.8327337686763,0.000126727078830858,0.00430845666550161,"LIN54: Protein lin-54 homolog (Pongo abelii)","Wounded 1h vs 0h (injury-filtered)"
"pdam_00002728",1191.18432144122,0.559976704693616,0.174707240217687,3.20522895328138,0.00134955085179495,0.0244703559449354,"snrpe: Small nuclear ribonucleoprotein E (Danio rerio)","Wounded 1h vs 0h (injury-filtered)"
"pdam_00002751",414.995705219321,0.524052420506725,0.16593982627434,3.15808707452986,0.00158808115170804,0.0276288873291296,"unknown function","Wounded 1h vs 0h (injury-filtered)"
"pdam_00002764",89.6171854989752,0.965276205323463,0.283256355196364,3.40778304745995,0.000654929441973147,0.0148648032872876,"unknown function","Wounded 1h vs 0h (injury-filtered)"
"pdam_00002860",271.685033147042,0.783178371701589,0.204294232710984,3.83358042617656,0.000126291483394914,0.00430845666550161,"drc7: Dynein regulatory complex subunit 7 (Xenopus tropicalis)","Wounded 1h vs 0h (injury-filtered)"
"pdam_00002942",555.542202333194,-0.581290367842409,0.18268987454985,-3.18184228477202,0.00146341485743306,0.0260999639983061,"DDX21: Nucleolar RNA helicase 2 (Homo sapiens)","Wounded 1h vs 0h (injury-filtered)"
"pdam_00003095",1066.54678540774,0.614646830821258,0.16586977540479,3.70559874046534,0.000210891949944872,0.00644609565072588,"TNNI3K: Serine/threonine-protein kinase TNNI3K (Homo sapiens)","Wounded 1h vs 0h (injury-filtered)"
"pdam_00003096",230.289120275725,0.517213812287239,0.168472244716977,3.07002386746924,0.00214041665289368,0.0342781740515917,"Lrrc34: Leucine-rich repeat-containing protein 34 (Rattus norvegicus)","Wounded 1h vs 0h (injury-filtered)"
"pdam_00003331",20.4277972363505,2.15359553796732,0.688869908863179,3.12627320522873,0.00177036998065174,0.029722909171045,"mthl1: Probable G-protein coupled receptor Mth-like 1 (Drosophila melanogaster)","Wounded 1h vs 0h (injury-filtered)"
"pdam_00003343",473.823514169365,0.697416397345869,0.187054736734724,3.72840810941305,0.000192693146112432,0.00602406025174095,"Anp32b: Acidic leucine-rich nuclear phosphoprotein 32 family member B (Mus musculus)","Wounded 1h vs 0h (injury-filtered)"
"pdam_00003431",567.910247857995,0.886117504368702,0.205665854283236,4.30853000590156,1.64343183163574e-05,0.00085977078437508,"Sdhd: Succinate dehydrogenase [ubiquinone] cytochrome b small subunit%2C mitochondrial (Mus musculus)","Wounded 1h vs 0h (injury-filtered)"
"pdam_00003485",622.142967334694,1.38605416320196,0.221370744313809,6.2612345976356,3.81941421756181e-10,9.30283889796884e-08,"efhc2: EF-hand domain-containing family member C2 (Danio rerio)","Wounded 1h vs 0h (injury-filtered)"
"pdam_00003506",197.361717970409,0.727892972088471,0.200631724265322,3.62800536532239,0.000285619326944044,0.00803624447655146,"Shaw: Potassium voltage-gated channel protein Shaw (Drosophila melanogaster)","Wounded 1h vs 0h (injury-filtered)"
"pdam_00003566",340.687425176456,0.572053646483143,0.16147739767515,3.54262364095045,0.000396167659486206,0.0101174648437487,"Ide: Insulin-degrading enzyme (Rattus norvegicus)","Wounded 1h vs 0h (injury-filtered)"
"pdam_00003609",736.471844941351,0.552967522349435,0.185496965028178,2.98100576613443,0.00287303383115491,0.042200755257081,"Mcat: Malonyl-CoA-acyl carrier protein transacylase%2C mitochondrial (Mus musculus)","Wounded 1h vs 0h (injury-filtered)"
"pdam_00003619",257.328804432672,0.561377382420771,0.191536946686043,2.93090911249071,0.00337971646364219,0.0470593796673865,"Tsnaxip1: Translin-associated factor X-interacting protein 1 (Mus musculus)","Wounded 1h vs 0h (injury-filtered)"
"pdam_00003701",135.31971021288,-0.628842874564824,0.179220361863322,-3.50876913776345,0.000450185491361792,0.0112332982164114,"unknown function","Wounded 1h vs 0h (injury-filtered)"
"pdam_00003728",864.013969003909,0.586946295770561,0.140396887259548,4.18062185869896,2.90712965851159e-05,0.00135371397463625,"Tango2: Transport and Golgi organization 2 homolog (Mus musculus)","Wounded 1h vs 0h (injury-filtered)"
"pdam_00003814",266.69823289454,0.560609159608412,0.143265602620983,3.91307577919826,9.11279218172272e-05,0.00340301271426849,"UPF0764 protein C16orf89 homolog (Danio rerio)","Wounded 1h vs 0h (injury-filtered)"
"pdam_00003971",254.460851617996,-0.562549966345958,0.183603608025944,-3.06393742690758,0.00218444594732349,0.0347107822924753,"Mrps9: 28S ribosomal protein S9%2C mitochondrial (Mus musculus)","Wounded 1h vs 0h (injury-filtered)"
"pdam_00003996",28.2095230142478,1.41022311367078,0.441545118992287,3.19383694443108,0.00140395391493299,0.025288216266878,"GPR83: Probable G-protein coupled receptor 83 (Homo sapiens)","Wounded 1h vs 0h (injury-filtered)"
"pdam_00004029",52.9377587856371,1.08075112434495,0.306973278964942,3.52066840471928,0.000430460554160866,0.0108077748021748,"Gabbr1: Gamma-aminobutyric acid type B receptor subunit 1 (Mus musculus)","Wounded 1h vs 0h (injury-filtered)"
"pdam_00004113",184.936372316011,-1.89664996218551,0.53072741199907,-3.57368004611156,0.000351999009336296,0.00934027940383579,"unknown function","Wounded 1h vs 0h (injury-filtered)"
"pdam_00004117",80.0988298752413,0.953135879742736,0.309398589539954,3.08060835429133,0.00206578175213655,0.0333860556163992,"unknown function","Wounded 1h vs 0h (injury-filtered)"
"pdam_00004610",87.1880539107315,1.05773623137387,0.338898466818231,3.12110066859993,0.00180176429677014,0.0300951807154472,"unknown function","Wounded 1h vs 0h (injury-filtered)"
"pdam_00004684",248.279309431243,-0.5694179562434,0.190670680904251,-2.98639493782133,0.00282287817507236,0.0419523025060469,"CTDP1: RNA polymerase II subunit A C-terminal domain phosphatase (Homo sapiens)","Wounded 1h vs 0h (injury-filtered)"
"pdam_00004733",72.4571873952058,1.2785974562042,0.430809193785982,2.96789733052769,0.00299844467081307,0.0433790944884739,"unknown function","Wounded 1h vs 0h (injury-filtered)"
"pdam_00004800",322.373505847512,-0.453255092168489,0.13820850251987,-3.27950222963545,0.00103990388464682,0.0204214097395324,"unknown function","Wounded 1h vs 0h (injury-filtered)"
"pdam_00005027",402.065617210982,-1.06109075064297,0.285835202784849,-3.71224656831952,0.000205427715929219,0.00632523565329985,"Proser1: Proline and serine-rich protein 1 (Mus musculus)","Wounded 1h vs 0h (injury-filtered)"
"pdam_00005047",1326.70291743589,0.590978535300639,0.170763964309922,3.46079184615358,0.000538589085033811,0.0127936466938381,"AGRN: Agrin (Homo sapiens)","Wounded 1h vs 0h (injury-filtered)"
"pdam_00005126",45.5206963390131,1.3556946947298,0.378783494540148,3.57907541978734,0.000344811956123711,0.00919442207840335,"unknown function","Wounded 1h vs 0h (injury-filtered)"
"pdam_00005191",195.123878118778,0.773737675560052,0.237083711132566,3.26356320248174,0.00110020641810219,0.0213233593076124,"ZMYND12: Zinc finger MYND domain-containing protein 12 (Homo sapiens)","Wounded 1h vs 0h (injury-filtered)"
"pdam_00005235",39.7655787960044,-1.82161862243629,0.547226341530809,-3.32882115532031,0.000872143888170919,0.0181305937720525,"unknown function","Wounded 1h vs 0h (injury-filtered)"
"pdam_00005427",195.648914157232,0.699495324737149,0.191950353997165,3.64414709413602,0.000268279964633181,0.00768278531119819,"FBXW10: F-box/WD repeat-containing protein 10 (Homo sapiens)","Wounded 1h vs 0h (injury-filtered)"
"pdam_00005439",130.48620662051,1.34191974759956,0.315064174252167,4.25919497443567,2.05164456819461e-05,0.00101765312183489,"unknown function","Wounded 1h vs 0h (injury-filtered)"
"pdam_00005487",637.948867229364,0.297747120685083,0.100270462257835,2.96943999240231,0.00298343075781215,0.0432385493221461,"PGM2: Phosphoglucomutase-2 (Pongo abelii)","Wounded 1h vs 0h (injury-filtered)"
"pdam_00005513",1602.91059652635,0.898419298737861,0.216636934352764,4.14711970247375,3.36684058718753e-05,0.00150685151656211,"Ccni: Cyclin-I (Mus musculus)","Wounded 1h vs 0h (injury-filtered)"
"pdam_00005768",25.2555278303696,2.2322058010515,0.565111617305016,3.95002638894022,7.81425773174055e-05,0.00301447304592617,"unknown function","Wounded 1h vs 0h (injury-filtered)"
"pdam_00005965",336.544853346443,0.706347958467468,0.210817741211058,3.35051478310032,0.000806615038114171,0.0171395192799286,"Ttll10: Protein polyglycylase TTLL10 (Rattus norvegicus)","Wounded 1h vs 0h (injury-filtered)"
"pdam_00006024",657.246685040922,-0.434308483786392,0.134100780242539,-3.23867231048833,0.00120087457861284,0.0225881419534281,"Sh2d4a: SH2 domain-containing protein 4A (Rattus norvegicus)","Wounded 1h vs 0h (injury-filtered)"
"pdam_00006154",1387.32349465248,-0.30748300653981,0.091463909322095,-3.36179602226483,0.000774373039632644,0.0166495304792689,"Celsr3: Cadherin EGF LAG seven-pass G-type receptor 3 (Rattus norvegicus)","Wounded 1h vs 0h (injury-filtered)"
"pdam_00006214",362.067736962127,0.590382205205282,0.163044454409499,3.62098917956751,0.000293478790169465,0.00822900408380669,"morn5: MORN repeat-containing protein 5 (Xenopus tropicalis)","Wounded 1h vs 0h (injury-filtered)"
"pdam_00006235",277.681343675125,0.795634492740038,0.179876860242638,4.4232175926731,9.72417158861373e-06,0.000554855790750306,"unknown function","Wounded 1h vs 0h (injury-filtered)"
"pdam_00006251",685.246909849686,-0.528347474259239,0.168301345053081,-3.13929442508378,0.00169355195647628,0.0288788655984706,"SCPEP1: Retinoid-inducible serine carboxypeptidase (Homo sapiens)","Wounded 1h vs 0h (injury-filtered)"
"pdam_00006276",27.1457921050944,-1.49447983690019,0.501582730412256,-2.97952809434221,0.00288692755048785,0.0423667002665568,"guaD: Guanine deaminase (Bacillus subtilis (strain 168))","Wounded 1h vs 0h (injury-filtered)"
"pdam_00006420",814.651974304255,0.65968352452265,0.224104919661875,2.94363696039322,0.00324380260309937,0.045871416533777,"unknown function","Wounded 1h vs 0h (injury-filtered)"
"pdam_00006425",158.427106713097,-0.582814813147447,0.186258613477911,-3.12906234114411,0.00175365098121776,0.0295333646671751,"ZC3H10: Zinc finger CCCH domain-containing protein 10 (Homo sapiens)","Wounded 1h vs 0h (injury-filtered)"
"pdam_00006463",232.708813201834,-0.745221817768732,0.178271306563235,-4.18026788570371,2.91165883385822e-05,0.00135371397463625,"wdr45: WD repeat domain phosphoinositide-interacting protein 4 (Xenopus laevis)","Wounded 1h vs 0h (injury-filtered)"
"pdam_00006567",89.9152318342974,-1.01932618517248,0.342561922464146,-2.97559687264766,0.00292418977482942,0.042750483340761,"unknown function","Wounded 1h vs 0h (injury-filtered)"
"pdam_00006624",37.0239345579518,1.35716017077511,0.416922912341801,3.25518250640656,0.0011331951934316,0.0217146767384681,"Htr4: 5-hydroxytryptamine receptor 4 (Rattus norvegicus)","Wounded 1h vs 0h (injury-filtered)"
"pdam_00006795",118.189143605752,0.812667038473882,0.225471014430504,3.60430825455112,0.000312985414489035,0.00859671646393204,"Akap14: A-kinase anchor protein 14 (Rattus norvegicus)","Wounded 1h vs 0h (injury-filtered)"
"pdam_00006804",688.527245454423,-0.367253570259092,0.122308635415533,-3.00267899328106,0.00267614547432894,0.0402878394793119,"unknown function","Wounded 1h vs 0h (injury-filtered)"
"pdam_00006961",105.655696112799,-1.03187084739876,0.239268751730322,-4.312601791653,1.61344558784041e-05,0.00084934898541831,"Fmo5: Dimethylaniline monooxygenase [N-oxide-forming] 5 (Rattus norvegicus)","Wounded 1h vs 0h (injury-filtered)"
"pdam_00007008",257.944633924071,-0.684023232590925,0.19000957872732,-3.59994078810393,0.000318289651785849,0.00865694804582212,"Zmat2: Zinc finger matrin-type protein 2 (Mus musculus)","Wounded 1h vs 0h (injury-filtered)"
"pdam_00007061",549.955640253908,0.69655417688179,0.231372927514726,3.010525839664,0.00260795756794934,0.0395532151964362,"Atp6v1f: V-type proton ATPase subunit F (Rattus norvegicus)","Wounded 1h vs 0h (injury-filtered)"
"pdam_00007159",76.7078924500474,0.818529069309787,0.269746170290631,3.03444185482924,0.00240981202613881,0.0374530690043421,"Chrac1: Chromatin accessibility complex protein 1 (Mus musculus)","Wounded 1h vs 0h (injury-filtered)"
"pdam_00007197",342.92494928924,0.476651613012206,0.154744997184641,3.08023924316898,0.00206834378504685,0.0333860556163992,"Gsg2: Serine/threonine-protein kinase haspin (Mus musculus)","Wounded 1h vs 0h (injury-filtered)"
"pdam_00007348",61.3085226833474,-2.03520526279336,0.401404556018863,-5.07020967319991,3.97377672010299e-07,3.95415013996101e-05,"unknown function","Wounded 1h vs 0h (injury-filtered)"
"pdam_00007460",245.510176360964,0.914565867504983,0.240922733787937,3.79609617210302,0.000146992494105067,0.00488547965641668,"C5orf49: Uncharacterized protein C5orf49 (Homo sapiens)","Wounded 1h vs 0h (injury-filtered)"
"pdam_00007511",74.9251963510798,-1.42339679258379,0.388361723703717,-3.66513151453026,0.000247211514297086,0.00727695362210258,"OPN4: Melanopsin (Phodopus sungorus)","Wounded 1h vs 0h (injury-filtered)"
"pdam_00007521",141.345653242746,0.580425508964151,0.190727015925619,3.04322649912642,0.0023405609242346,0.0365158830999851,"Efcab10: EF-hand calcium-binding domain-containing protein 10 (Mus musculus)","Wounded 1h vs 0h (injury-filtered)"
"pdam_00007552",850.422976809357,0.445370202621427,0.125651201558614,3.54449616953061,0.000393364220387193,0.0100976601463528,"COPE: Coatomer subunit epsilon (Bos taurus)","Wounded 1h vs 0h (injury-filtered)"
"pdam_00007826",364.435876861662,0.503563270513537,0.147562237107466,3.41254836186039,0.000643585062360809,0.0146558340149026,"egt-2: Hercynylcysteine sulfoxide lyase (Neurospora crassa (strain ATCC 24698 / 74-OR23-1A / CBS 708.71 / DSM 1257 / FGSC 987))","Wounded 1h vs 0h (injury-filtered)"
"pdam_00007932",729.339290024541,-0.349465215838653,0.0986295038617522,-3.54321173843168,0.000395285190245568,0.0101107508144474,"MFAP1: Microfibrillar-associated protein 1 (Bos taurus)","Wounded 1h vs 0h (injury-filtered)"
"pdam_00007997",328.465600770083,0.771185070517245,0.162413734626916,4.74827496756202,2.05158988831691e-06,0.000152525406450658,"NME7: Nucleoside diphosphate kinase 7 (Homo sapiens)","Wounded 1h vs 0h (injury-filtered)"
"pdam_00008041",484.474749950145,0.761437314362986,0.248297059765458,3.06663846556315,0.00216480517221029,0.0345331921850437,"Rcan3: Calcipressin-3 (Mus musculus)","Wounded 1h vs 0h (injury-filtered)"
"pdam_00008126",298.5084780583,0.666060444794711,0.205103935866194,3.24742888029821,0.00116452763911786,0.0221490985346904,"Kif12: Kinesin-like protein KIF12 (Mus musculus)","Wounded 1h vs 0h (injury-filtered)"
"pdam_00008334",25.7362017162162,1.45324290886376,0.398600307310705,3.64586499862121,0.000266493861683223,0.00765653755071922,"unknown function","Wounded 1h vs 0h (injury-filtered)"
"pdam_00008722",593.416403668364,0.556366426942781,0.170662977071185,3.26003001055535,0.00111400425840098,0.0214886944359876,"TUSC2: Tumor suppressor candidate 2 (Homo sapiens)","Wounded 1h vs 0h (injury-filtered)"
"pdam_00008884",197.223797606491,-0.756317165464057,0.210824423396744,-3.58742669980303,0.000333957571884743,0.00895555945710166,"PDX2: Probable pyridoxal 5'-phosphate synthase subunit PDX2 (Arabidopsis thaliana)","Wounded 1h vs 0h (injury-filtered)"
"pdam_00009027",309.97600477039,0.615911375019399,0.1563733552039,3.93872328323642,8.1916339867046e-05,0.00311852096321145,"unknown function","Wounded 1h vs 0h (injury-filtered)"
"pdam_00009111",39.1335803792326,-3.51508858235229,0.980761418217753,-3.58404043741844,0.000338319672574117,0.00903606994555976,"unknown function","Wounded 1h vs 0h (injury-filtered)"
"pdam_00009202",1065.60555341421,-0.548521167534876,0.188313393312013,-2.9128101718503,0.00358192273491548,0.049186388781294,"poxA: Peroxinectin A (Dictyostelium discoideum)","Wounded 1h vs 0h (injury-filtered)"
"pdam_00009314",23.656824676946,1.35982120779858,0.449228273608574,3.0270160799884,0.00246980819636814,0.0381336199463994,"Adora1: Adenosine receptor A1 (Rattus norvegicus)","Wounded 1h vs 0h (injury-filtered)"
"pdam_00009328",159.226544527017,-0.576175382761206,0.181395637788941,-3.176346409342,0.00149142741355519,0.0264837910356987,"Dhx40: Probable ATP-dependent RNA helicase DHX40 (Mus musculus)","Wounded 1h vs 0h (injury-filtered)"
"pdam_00009337",262.90405742515,0.926024430345638,0.278773919340774,3.32177569743769,0.000894465671956553,0.018383860580175,"Ccdc96: Coiled-coil domain-containing protein 96 (Mus musculus)","Wounded 1h vs 0h (injury-filtered)"
"pdam_00009441",4123.25042861616,0.337553809234434,0.110846178164817,3.04524535552796,0.00232490561115987,0.0363063489650889,"ftt-2: 14-3-3-like protein 2 (Caenorhabditis elegans)","Wounded 1h vs 0h (injury-filtered)"
"pdam_00009473",42.627850174787,1.52685005820847,0.41667153631992,3.664397313274,0.000247921679968584,0.00727695362210258,"RYa-R: RYamide receptor (Drosophila melanogaster)","Wounded 1h vs 0h (injury-filtered)"
"pdam_00009504",21.380928204532,2.54834178465102,0.708861319441228,3.59497932072212,0.000324417344539896,0.00880892952669976,"Ctrc: Chymotrypsin-C (Mus musculus)","Wounded 1h vs 0h (injury-filtered)"
"pdam_00009518",275.711155786998,-0.451895428638561,0.15507605026777,-2.91402462119891,0.00356801764872262,0.0490534793677376,"bap1: Ubiquitin carboxyl-terminal hydrolase BAP1 (Xenopus laevis)","Wounded 1h vs 0h (injury-filtered)"
"pdam_00009608",15.0671144162731,1.61879029975831,0.543748195815163,2.97709548687605,0.00290993364177098,0.0426659542677993,"SHL2: Probable RNA-dependent RNA polymerase SHL2 (Oryza sativa subsp. japonica)","Wounded 1h vs 0h (injury-filtered)"
"pdam_00009617",37.4399973361198,-1.20814484061685,0.371518217401692,-3.25191278389071,0.00114631190593176,0.0218794640912596,"PARPBP: PCNA-interacting partner (Bos taurus)","Wounded 1h vs 0h (injury-filtered)"
"pdam_00009836",1096.32278046497,-0.461462679411606,0.116993621684793,-3.94434049280814,8.00198945513655e-05,0.00306536304972708,"litaf: Lipopolysaccharide-induced tumor necrosis factor-alpha factor homolog (Danio rerio)","Wounded 1h vs 0h (injury-filtered)"
"pdam_00009952",50.6374747744032,-1.04450414306265,0.35481112956909,-2.94383139652688,0.00324176550366499,0.045871416533777,"unknown function","Wounded 1h vs 0h (injury-filtered)"
"pdam_00009953",90.8229133772128,-1.2006864763317,0.287391304911912,-4.1778803179161,2.94238402985453e-05,0.00136024829980725,"unknown function","Wounded 1h vs 0h (injury-filtered)"
"pdam_00010140",89.3631845157283,-0.660265631476926,0.215296909418912,-3.0667678103647,0.00216386870773951,0.0345331921850437,"Gart: Trifunctional purine biosynthetic protein adenosine-3 (Mus musculus)","Wounded 1h vs 0h (injury-filtered)"
"pdam_00010173",2078.49440427437,0.557771348323208,0.189326669979135,2.94607911492173,0.00321830072615522,0.0456294088185291,"foxo3: Forkhead box protein O3 (Xenopus laevis)","Wounded 1h vs 0h (injury-filtered)"
"pdam_00010198",214.234268843101,0.66852749025719,0.213457462458228,3.13190029787792,0.0017367884416699,0.0293402179913158,"SMIM15: Small integral membrane protein 15 (Gallus gallus)","Wounded 1h vs 0h (injury-filtered)"
"pdam_00010219",363.377887509847,1.40685687305329,0.235969474348866,5.96202910115968,2.49124764988125e-09,4.89815306004965e-07,"TEKT2: Tektin-2 (Homo sapiens)","Wounded 1h vs 0h (injury-filtered)"
"pdam_00010257",397.487537489754,-0.513057893682058,0.150881213434248,-3.40040938168648,0.000672850337273615,0.0151660837761991,"ACOT13: Acyl-coenzyme A thioesterase 13 (Pongo abelii)","Wounded 1h vs 0h (injury-filtered)"
"pdam_00010510",72.0306936142564,1.01292194670444,0.299132578741762,3.38619735424703,0.000708683978394744,0.0155443734454621,"unknown function","Wounded 1h vs 0h (injury-filtered)"
"pdam_00010525",500.629695001955,0.537850522716467,0.164835460097852,3.26295399301328,0.00110257417398584,0.0213292270754328,"LSM7: U6 snRNA-associated Sm-like protein LSm7 (Homo sapiens)","Wounded 1h vs 0h (injury-filtered)"
"pdam_00010723",456.709202776647,0.771082756968886,0.191890088834782,4.01835634998736,5.86055203180087e-05,0.00234983657510954,"CCDC151: Coiled-coil domain-containing protein 151 (Bos taurus)","Wounded 1h vs 0h (injury-filtered)"
"pdam_00010773",381.546056825806,0.609800284701267,0.192422453854458,3.16907030591398,0.00152927397918081,0.0269188306224222,"Lca5: Lebercilin (Mus musculus)","Wounded 1h vs 0h (injury-filtered)"
"pdam_00011018",532.749593856264,-0.43192449554761,0.13612237857773,-3.17306015410954,0.00150841267913035,0.0266861987142056,"otud5a: OTU domain-containing protein 5-A (Danio rerio)","Wounded 1h vs 0h (injury-filtered)"
"pdam_00011051",116.900459369387,1.00032872062977,0.324625479329044,3.08148554049826,0.0020597048012816,0.0333786719484751,"F5: Coagulation factor V (Bos taurus)","Wounded 1h vs 0h (injury-filtered)"
"pdam_00011063",313.468653381508,0.688234447710101,0.231424566159369,2.97390402035432,0.00294037032004459,0.0428654479675856,"PLEKHG7: Pleckstrin homology domain-containing family G member 7 (Homo sapiens)","Wounded 1h vs 0h (injury-filtered)"
"pdam_00011169",760.910400672102,0.673954855354768,0.204935285340423,3.28862281688215,0.00100678847553236,0.0199828256268546,"Pacrg: Parkin coregulated gene protein homolog (Mus musculus)","Wounded 1h vs 0h (injury-filtered)"
"pdam_00011227",3419.11218180493,-0.252452182097399,0.0795638906359733,-3.17294918686716,0.00150898931999566,0.0266861987142056,"Csde1: Cold shock domain-containing protein E1 (Mus musculus)","Wounded 1h vs 0h (injury-filtered)"
"pdam_00011252",80.1951325663832,1.20737261436492,0.381093318054496,3.16818101279925,0.0015339598021219,0.0269188306224222,"oxt: Xylosyltransferase oxt (Drosophila pseudoobscura pseudoobscura)","Wounded 1h vs 0h (injury-filtered)"
"pdam_00011333",44.5818455600697,-1.59434965034671,0.487803766400123,-3.26842423155655,0.00108148129463078,0.021136159577341,"unknown function","Wounded 1h vs 0h (injury-filtered)"
"pdam_00011337",171.68847441344,-0.84384214664528,0.234190860889613,-3.60322406877795,0.000314294368698834,0.00859671646393204,"POLH: DNA polymerase eta (Homo sapiens)","Wounded 1h vs 0h (injury-filtered)"
"pdam_00011391",126.63804642446,0.744481385880264,0.20429880888817,3.64408089274656,0.000268349018161834,0.00768278531119819,"Slc8a1: Sodium/calcium exchanger 1 (Rattus norvegicus)","Wounded 1h vs 0h (injury-filtered)"
"pdam_00011419",645.828335758119,-0.666812007878843,0.211165920958455,-3.15776335903194,0.00158984558205087,0.02763012785249,"unknown function","Wounded 1h vs 0h (injury-filtered)"
"pdam_00011517",17.2039246421979,2.33341584808501,0.74909191290025,3.11499271037482,0.00183949455785215,0.0306755437350477,"ADRB2: Beta-2 adrenergic receptor (Sus scrofa)","Wounded 1h vs 0h (injury-filtered)"
"pdam_00011570",176.424569386683,0.853397139417761,0.228817757117949,3.72959314944189,0.000191789196457902,0.00601886134037788,"TCTE1: T-complex-associated testis-expressed protein 1 (Homo sapiens)","Wounded 1h vs 0h (injury-filtered)"
"pdam_00011571",911.545651994757,0.705453100531119,0.182139495107169,3.87314733751754,0.000107438830755149,0.00382815344780193,"Cd63: CD63 antigen (Rattus norvegicus)","Wounded 1h vs 0h (injury-filtered)"
"pdam_00011620",107.101988247052,-1.02273083311716,0.313935851526526,-3.25777010858774,0.00112291335290679,0.0215840082521624,"yvdP: Uncharacterized FAD-linked oxidoreductase YvdP (Bacillus subtilis (strain 168))","Wounded 1h vs 0h (injury-filtered)"
"pdam_00011675",302.039528050245,0.684741562254232,0.203943610704267,3.35750436059091,0.000786495029058515,0.0168215103266132,"lamtor3: Ragulator complex protein LAMTOR3 (Danio rerio)","Wounded 1h vs 0h (injury-filtered)"
"pdam_00011684",95.123050678721,0.709174052945121,0.23213576449527,3.05499695183579,0.00225062809516991,0.035589147175463,"s1pr1: Sphingosine 1-phosphate receptor 1 (Danio rerio)","Wounded 1h vs 0h (injury-filtered)"
"pdam_00011708",902.683616518943,-0.462581885130185,0.12896772733626,-3.58680341729281,0.00033475649665004,0.00895555945710166,"unknown function","Wounded 1h vs 0h (injury-filtered)"
"pdam_00011834",197.621170898432,0.787389673723724,0.197993518858566,3.97684569809674,6.98354473754191e-05,0.00275943018334011,"C7orf62: Uncharacterized protein C7orf62 (Homo sapiens)","Wounded 1h vs 0h (injury-filtered)"
"pdam_00011870",71.4756460600171,-1.28658060311471,0.435840982779279,-2.95194957323752,0.00315774494845114,0.0448881097685046,"unknown function","Wounded 1h vs 0h (injury-filtered)"
"pdam_00011881",4737.37069112762,-0.468558336339722,0.141936490303143,-3.30118305263849,0.000962780451986982,0.0193529558401278,"unknown function","Wounded 1h vs 0h (injury-filtered)"
"pdam_00011918",794.245751081542,-0.371640473269097,0.116187173994507,-3.19863596378261,0.00138079405441884,0.0249536856855604,"Hcfc1: Host cell factor 1 (Mus musculus)","Wounded 1h vs 0h (injury-filtered)"
"pdam_00011921",63.9198992901502,-0.812548211861226,0.250490603859148,-3.24382711104855,0.00117935306570963,0.0223529183267312,"unknown function","Wounded 1h vs 0h (injury-filtered)"
"pdam_00011949",147.282166285442,0.938902142920031,0.289965273238613,3.23798133629405,0.00120378684325519,0.0226059810069983,"SPATA4: Spermatogenesis-associated protein 4 (Pan troglodytes)","Wounded 1h vs 0h (injury-filtered)"
"pdam_00011997",905.993885871207,-0.444968335694479,0.115911728152622,-3.83885515975212,0.000123609317812896,0.00425565497339378,"COX7A2L: Cytochrome c oxidase subunit 7A-related protein%2C mitochondrial (Bos taurus)","Wounded 1h vs 0h (injury-filtered)"
"pdam_00012073",1042.88995456228,-0.672764230385659,0.200955223759078,-3.34783151092517,0.000814465117288923,0.0172451645829656,"SLC7A2: Cationic amino acid transporter 2 (Homo sapiens)","Wounded 1h vs 0h (injury-filtered)"
"pdam_00012140",599.202522120755,0.768421263581053,0.196103596828,3.91844553598385,8.9121861015632e-05,0.0033434014940554,"Npffr2: Neuropeptide FF receptor 2 (Rattus norvegicus)","Wounded 1h vs 0h (injury-filtered)"
"pdam_00012189",381.47856460277,0.775061266524898,0.219342175061014,3.53357153638738,0.000409985122895608,0.0103568842423118,"TBATA: Protein TBATA (Bos taurus)","Wounded 1h vs 0h (injury-filtered)"
"pdam_00012303",75.6529353555029,0.820610746877129,0.277817266252358,2.95377878397132,0.00313908935245068,0.0447889519404714,"unknown function","Wounded 1h vs 0h (injury-filtered)"
"pdam_00012526",347.515819435759,0.550098712957677,0.178957830108005,3.07390133544691,0.00211279294303493,0.0339691310713173,"KCNC1: Potassium voltage-gated channel subfamily C member 1 (Homo sapiens)","Wounded 1h vs 0h (injury-filtered)"
"pdam_00012647",121.731407898469,0.732509746962697,0.235989480594404,3.10399321663691,0.00190927708356403,0.0315040371351682,"ZSWIM2: E3 ubiquitin-protein ligase ZSWIM2 (Homo sapiens)","Wounded 1h vs 0h (injury-filtered)"
"pdam_00012821",130.356937093183,0.910497324152176,0.311271641643515,2.92508922221359,0.00344357475693257,0.0475831468741598,"METTL7A: Methyltransferase-like protein 7A (Homo sapiens)","Wounded 1h vs 0h (injury-filtered)"
"pdam_00012822",374.915024518125,-0.516038729134669,0.166865834844032,-3.09253676534208,0.00198453649605876,0.0324180691483312,"v1g243165: UPF0518 protein v1g243165 (Nematostella vectensis)","Wounded 1h vs 0h (injury-filtered)"
"pdam_00012906",497.845801776783,0.628869529295177,0.1232619450705,5.10189522756187,3.36268905608017e-07,3.47314700671976e-05,"Ift52: Intraflagellar transport protein 52 homolog (Mus musculus)","Wounded 1h vs 0h (injury-filtered)"
"pdam_00012914",91.9247425628754,0.985601551912337,0.237935369277131,4.1423078666559,3.43828375091498e-05,0.00151646898732923,"ppp1r42: Protein phosphatase 1 regulatory subunit 42 (Xenopus laevis)","Wounded 1h vs 0h (injury-filtered)"
"pdam_00012925",60.8215494650147,1.00786228941436,0.279414870150826,3.60704599891311,0.000309702773562589,0.00855167438539406,"zgc:110063: UPF0454 protein C12orf49 homolog (Danio rerio)","Wounded 1h vs 0h (injury-filtered)"
"pdam_00012973",1452.84677142326,0.461695423155283,0.156886638112512,2.9428600721508,0.00325195367494714,0.0459071211258325,"Trim23: E3 ubiquitin-protein ligase TRIM23 (Mus musculus)","Wounded 1h vs 0h (injury-filtered)"
"pdam_00013011",270.661423651412,0.659116793186319,0.180661713438217,3.64834795730931,0.000263932023287798,0.0076049717541743,"TMEM245: Transmembrane protein 245 (Bos taurus)","Wounded 1h vs 0h (injury-filtered)"
"pdam_00013247",650.23663482377,-0.577651429047495,0.173461569586855,-3.33014067855679,0.000868021166451541,0.018067904866483,"elavl3: ELAV-like protein 3 (Xenopus tropicalis)","Wounded 1h vs 0h (injury-filtered)"
"pdam_00013359",29.8612566238203,2.04630561026613,0.502362454569981,4.07336494129076,4.63387278953325e-05,0.00195400956207734,"MTNR1A: Melatonin receptor type 1A (Homo sapiens)","Wounded 1h vs 0h (injury-filtered)"
"pdam_00013407",366.533077017867,-0.542062971730564,0.179753750609758,-3.01558643361703,0.00256482826004578,0.0390807024983073,"Cpsf2: Cleavage and polyadenylation specificity factor subunit 2 (Mus musculus)","Wounded 1h vs 0h (injury-filtered)"
"pdam_00013434",266.322380637647,0.590106881231937,0.169363209667686,3.48426840982649,0.000493484326717472,0.012005003591835,"RSPH10B2: Radial spoke head 10 homolog B2 (Homo sapiens)","Wounded 1h vs 0h (injury-filtered)"
"pdam_00013605",13.2809148284589,3.63322829261108,1.23016903689303,2.95343825413403,0.00314255468912554,0.0447889519404714,"tmem205: Transmembrane protein 205 (Xenopus tropicalis)","Wounded 1h vs 0h (injury-filtered)"
"pdam_00013683",56.8984977841312,0.994380841541872,0.320159901600458,3.10588814080411,0.00189708464791907,0.0313345388354163,"Melatonin receptor type 1C (Gallus gallus)","Wounded 1h vs 0h (injury-filtered)"
"pdam_00013755",181.753382900153,-0.642890389774448,0.20321396193384,-3.16361328550719,0.00155823694199745,0.0272319705640444,"Acsm3: Acyl-coenzyme A synthetase ACSM3%2C mitochondrial (Rattus norvegicus)","Wounded 1h vs 0h (injury-filtered)"
"pdam_00013800",372.065718480445,0.791136518110919,0.214704436241676,3.68477024489796,0.000228909034748357,0.00687949638684795,"rsph9: Radial spoke head protein 9 homolog (Danio rerio)","Wounded 1h vs 0h (injury-filtered)"
"pdam_00013825",463.945438384751,0.655892741747078,0.16322241946731,4.01839859920983,5.85950151102219e-05,0.00234983657510954,"TMEM26: Transmembrane protein 26 (Homo sapiens)","Wounded 1h vs 0h (injury-filtered)"
"pdam_00013962",235.361771792631,-0.659537735680066,0.202815584429259,-3.251908562826,0.00114632892934781,0.0218794640912596,"ATG26: Sterol 3-beta-glucosyltransferase (Cryptococcus neoformans var. neoformans serotype D (strain JEC21 / ATCC MYA-565))","Wounded 1h vs 0h (injury-filtered)"
"pdam_00013982",184.839725797067,-0.682202535152484,0.213861435109041,-3.18992779041556,0.0014230834645367,0.0254920955628698,"DDX55: ATP-dependent RNA helicase DDX55 (Gallus gallus)","Wounded 1h vs 0h (injury-filtered)"
"pdam_00014057",364.66623708465,0.881206865242103,0.214326503122242,4.11151608599476,3.93069482962285e-05,0.00168802655064777,"Ccdc113: Coiled-coil domain-containing protein 113 (Mus musculus)","Wounded 1h vs 0h (injury-filtered)"
"pdam_00014195",273.354890534856,0.605936596747096,0.173277175879549,3.49692100919457,0.000470661173970231,0.0116374540879094,"mif-2: MIF-like protein mif-2 (Caenorhabditis elegans)","Wounded 1h vs 0h (injury-filtered)"
"pdam_00014407",727.156675167899,0.945306866241742,0.301397873352947,3.13640854769654,0.0017103076815414,0.0290431956868618,"nas-15: Zinc metalloproteinase nas-15 (Caenorhabditis elegans)","Wounded 1h vs 0h (injury-filtered)"
"pdam_00014501",945.190543265743,0.36493195085138,0.120305848846765,3.03336832206884,0.00241840228725051,0.0375151206517501,"MAN2A2: Alpha-mannosidase 2x (Homo sapiens)","Wounded 1h vs 0h (injury-filtered)"
"pdam_00014538",163.054072725198,0.619807800614638,0.196255785106076,3.15816321174753,0.00158766642327551,0.0276288873291296,"v1g200856: Protein Flattop homolog (Nematostella vectensis)","Wounded 1h vs 0h (injury-filtered)"
"pdam_00014552",38.3293285457538,2.04261655001336,0.620221741439277,3.293364958915,0.000989958834283862,0.0197737309873664,"unknown function","Wounded 1h vs 0h (injury-filtered)"
"pdam_00014586",6651.0644992027,-0.233705544627224,0.0654767201693874,-3.56929217014278,0.000357947051531825,0.00945200312936546,"Guanine nucleotide-binding protein subunit beta (Pinctada fucata)","Wounded 1h vs 0h (injury-filtered)"
"pdam_00014637",427.370910034074,-0.586025794106078,0.168579802888199,-3.47625150857916,0.00050847519090246,0.0123112858165241,"TRIM71: E3 ubiquitin-protein ligase TRIM71 (Gallus gallus)","Wounded 1h vs 0h (injury-filtered)"
"pdam_00014726",278.947244219389,0.596433932612793,0.153260665740895,3.89163083514941,9.95726704900231e-05,0.00364333275723473,"unknown function","Wounded 1h vs 0h (injury-filtered)"
"pdam_00014894",94.2734341591428,1.28084525015179,0.291762100077024,4.39003300913192,1.13333455651171e-05,0.000622723455478609,"unknown function","Wounded 1h vs 0h (injury-filtered)"
"pdam_00014896",233.03713256387,0.823781227836629,0.214237669734898,3.84517451508874,0.000120466672136069,0.00420063167219768,"unknown function","Wounded 1h vs 0h (injury-filtered)"
"pdam_00014916",317.25820832301,0.582759475823631,0.179945399308929,3.23853501151843,0.00120145273702896,0.0225881419534281,"unknown function","Wounded 1h vs 0h (injury-filtered)"
"pdam_00014917",518.071982065797,0.604722273389746,0.167846983191616,3.60281884065434,0.000314784921236375,0.00859671646393204,"Rubcn: Run domain Beclin-1-interacting and cysteine-rich domain-containing protein (Mus musculus)","Wounded 1h vs 0h (injury-filtered)"
"pdam_00014990",603.250032783284,-0.466001020026707,0.137452079939633,-3.39027987231164,0.000698213028723335,0.0154430931218093,"Lrrk1: Leucine-rich repeat serine/threonine-protein kinase 1 (Mus musculus)","Wounded 1h vs 0h (injury-filtered)"
"pdam_00015278",564.547940371068,1.01852623668413,0.224415933695735,4.5385647084447,5.66384161662295e-06,0.000350106936900265,"cfap20: Cilia- and flagella-associated protein 20 (Xenopus tropicalis)","Wounded 1h vs 0h (injury-filtered)"
"pdam_00015287",65.5515074672945,1.34481268677724,0.406956077358746,3.30456469775665,0.000951240177546547,0.0192687072182497,"Taar7f: Trace amine-associated receptor 7f (Mus musculus)","Wounded 1h vs 0h (injury-filtered)"
"pdam_00015293",708.92235402519,0.485779282236302,0.114763675586665,4.23286619004687,2.3073179683063e-05,0.00112528890866593,"DYNLRB2: Dynein light chain roadblock-type 2 (Bos taurus)","Wounded 1h vs 0h (injury-filtered)"
"pdam_00015394",291.023331551226,0.495861518684388,0.159922741706526,3.10063167622741,0.00193108332107931,0.0317354971970727,"FBXW7: F-box/WD repeat-containing protein 7 (Homo sapiens)","Wounded 1h vs 0h (injury-filtered)"
"pdam_00015409",643.526873843956,-0.359729697072072,0.11776667122044,-3.0545968001313,0.0022536327432889,0.0356021614111632,"PLEKHG4: Puratrophin-1 (Homo sapiens)","Wounded 1h vs 0h (injury-filtered)"
"pdam_00015455",137.088151421069,0.662108041934095,0.223351919896547,2.96441616548796,0.00303257860258945,0.0436023349917685,"TOMM20: Mitochondrial import receptor subunit TOM20 homolog (Pongo abelii)","Wounded 1h vs 0h (injury-filtered)"
"pdam_00015539",842.901147814078,-0.488829859950914,0.164765871552596,-2.96681500449485,0.00300901948817617,0.0434302784336416,"Mlc-c: Myosin-2 essential light chain (Drosophila melanogaster)","Wounded 1h vs 0h (injury-filtered)"
"pdam_00015591",31.2823654644105,-1.22641050340702,0.382083391607505,-3.20979799265092,0.00132828285074361,0.0242192713310447,"unknown function","Wounded 1h vs 0h (injury-filtered)"
"pdam_00015592",144.500958510142,-0.841853084965688,0.259558478903104,-3.24340429379678,0.00118110483686091,0.0223601506180199,"Klhl2: Kelch-like protein 2 (Mus musculus)","Wounded 1h vs 0h (injury-filtered)"
"pdam_00015600",103.177397419125,2.16103020864196,0.560297762675219,3.85693171131689,0.000114819222554664,0.00405570323131941,"unknown function","Wounded 1h vs 0h (injury-filtered)"
"pdam_00015679",737.216380432206,0.528482414629633,0.166562553741962,3.17287651249845,0.00150936708212585,0.0266861987142056,"EYS: Protein eyes shut homolog (Homo sapiens)","Wounded 1h vs 0h (injury-filtered)"
"pdam_00015758",115.746319920721,1.52771329716826,0.34422643264719,4.43810571262572,9.07540467759395e-06,0.000528934031905913,"MYC: Myc proto-oncogene protein (Hylobates lar)","Wounded 1h vs 0h (injury-filtered)"
"pdam_00015759",100.648453037525,1.4607504638967,0.39159707809912,3.73023841492239,0.000191298664657731,0.00601503450587574,"unknown function","Wounded 1h vs 0h (injury-filtered)"
"pdam_00015787",43.6403425534384,-1.01797968740871,0.346405154598413,-2.93869670787335,0.00329595431359297,0.0462927100010425,"TDG: G/T mismatch-specific thymine DNA glycosylase (Homo sapiens)","Wounded 1h vs 0h (injury-filtered)"
"pdam_00015992",531.717177375024,0.760058012056599,0.19610957813465,3.87568021555143,0.00010632725030149,0.00381367231915778,"unknown function","Wounded 1h vs 0h (injury-filtered)"
"pdam_00016097",75.1800451882128,-1.14949639913109,0.329321687193816,-3.49049711522512,0.000482122818006382,0.0118134568574267,"MIIP: Migration and invasion-inhibitory protein (Homo sapiens)","Wounded 1h vs 0h (injury-filtered)"
"pdam_00016165",1000.18519070368,-0.418009881035131,0.124822519032064,-3.34883388251246,0.000811524359764914,0.0172214122587823,"Baz1a: Bromodomain adjacent to zinc finger domain protein 1A (Mus musculus)","Wounded 1h vs 0h (injury-filtered)"
"pdam_00016197",351.823701304086,0.506614473727467,0.166342105291452,3.04561778173851,0.00232202811392318,0.0363063489650889,"AXDND1: Axonemal dynein light chain domain-containing protein 1 (Homo sapiens)","Wounded 1h vs 0h (injury-filtered)"
"pdam_00016267",56.2942874144221,1.88298395966209,0.516885172258507,3.64294443083843,0.000269537043056139,0.00769112096394535,"DELTA-alicitoxin-Pse2b (Phyllodiscus semoni)","Wounded 1h vs 0h (injury-filtered)"
"pdam_00016424",891.787196422588,-0.615843080123075,0.206405379966351,-2.98365808208813,0.00284824860910151,0.0420579395977285,"PLA2G15: Group XV phospholipase A2 (Homo sapiens)","Wounded 1h vs 0h (injury-filtered)"
"pdam_00016472",550.850568583521,0.704998393723736,0.214247924637377,3.2905728021262,0.000999836259838478,0.0198979608832977,"CCDC173: Coiled-coil domain-containing protein 173 (Homo sapiens)","Wounded 1h vs 0h (injury-filtered)"
"pdam_00016495",30.8485737072976,1.50761656744429,0.472432313420035,3.19118003705196,0.00141692956079551,0.025465719716544,"unknown function","Wounded 1h vs 0h (injury-filtered)"
"pdam_00016624",291.926384933652,0.673826660955955,0.180950942272595,3.72380852231686,0.000196239784531055,0.00609988008335674,"EFHB: EF-hand domain-containing family member B (Homo sapiens)","Wounded 1h vs 0h (injury-filtered)"
"pdam_00016695",58.6177859717592,-1.16153933140182,0.381028154188816,-3.04843439686145,0.00230037133492097,0.0360959228986301,"unknown function","Wounded 1h vs 0h (injury-filtered)"
"pdam_00016714",779.236410345259,0.437270178824321,0.132321692898846,3.30459933851205,0.00095112262756006,0.0192687072182497,"BRAFLDRAFT_58504: Anamorsin homolog (Branchiostoma floridae)","Wounded 1h vs 0h (injury-filtered)"
"pdam_00017009",240.016337828415,0.618787673176293,0.20088667660639,3.08028229462288,0.00206804481101266,0.0333860556163992,"unknown function","Wounded 1h vs 0h (injury-filtered)"
"pdam_00017029",382.499235801816,-0.552361357011481,0.175925542562399,-3.13974508173288,0.00169094906659482,0.0288646420687876,"CG4766: Protein mab-21-like (Drosophila melanogaster)","Wounded 1h vs 0h (injury-filtered)"
"pdam_00017136",232.80284778625,2.17643600933949,0.603738170777433,3.60493358658588,0.000312232764050068,0.00859245611557009,"Lrp6: Low-density lipoprotein receptor-related protein 6 (Mus musculus)","Wounded 1h vs 0h (injury-filtered)"
"pdam_00017282",92.7531875343177,1.25223526162726,0.320431546519241,3.90796497794909,9.30767940393086e-05,0.00344426349643419,"KIF9: Kinesin-like protein KIF9 (Homo sapiens)","Wounded 1h vs 0h (injury-filtered)"
"pdam_00017397",1160.77902189061,-0.609617344016614,0.20176175136678,-3.02147131399746,0.00251549474026315,0.0386902532199381,"NMT1: Phosphoethanolamine N-methyltransferase 1 (Arabidopsis thaliana)","Wounded 1h vs 0h (injury-filtered)"
"pdam_00017398",3465.39392399483,-0.390959185030973,0.12358254375059,-3.16354699592519,0.0015585918565364,0.0272319705640444,"metB: Cystathionine gamma-synthase (Helicobacter pylori)","Wounded 1h vs 0h (injury-filtered)"
"pdam_00017422",54.0406300717816,1.34033622506466,0.395063631857935,3.39270972314314,0.000692049324709946,0.0154026492258301,"TSHR: Thyrotropin receptor (Homo sapiens)","Wounded 1h vs 0h (injury-filtered)"
"pdam_00017449",14.2713353069446,1.94350342701759,0.660052078314793,2.94446982422906,0.00323508491700113,0.0458275614240811,"G-protein coupled receptor GRL101 (Lymnaea stagnalis)","Wounded 1h vs 0h (injury-filtered)"
"pdam_00017490",534.924467978959,0.743768907450087,0.246301720174244,3.01974710904948,0.00252985825040808,0.0388259455961995,"ADAT1: tRNA-specific adenosine deaminase 1 (Gallus gallus)","Wounded 1h vs 0h (injury-filtered)"
"pdam_00017518",34.737543073763,1.43056137289731,0.405399733442642,3.52876742357235,0.000417499877697915,0.0105141674446794,"SPATS1: Spermatogenesis-associated serine-rich protein 1 (Homo sapiens)","Wounded 1h vs 0h (injury-filtered)"
"pdam_00017838",743.655836197644,0.410570605561567,0.138065325005072,2.97374163676856,0.0029419266942641,0.0428654479675856,"ANXA6: Annexin A6 (Bos taurus)","Wounded 1h vs 0h (injury-filtered)"
"pdam_00017840",84.340486564526,1.23886491757307,0.274508379359879,4.51303133427822,6.39075759651269e-06,0.000387698041700709,"xkr8: XK-related protein 8 (Tetraodon nigroviridis)","Wounded 1h vs 0h (injury-filtered)"
"pdam_00017871",43.7336921730596,-1.5499181210903,0.435592173226797,-3.55818634115657,0.000373424366751073,0.00973197099533732,"SIRT5: NAD-dependent protein deacylase sirtuin-5%2C mitochondrial (Canis lupus familiaris)","Wounded 1h vs 0h (injury-filtered)"
"pdam_00017964",22.7125085638224,2.39883831753641,0.62267827036932,3.85245227220412,0.000116940775151843,0.00410399249398479,"unknown function","Wounded 1h vs 0h (injury-filtered)"
"pdam_00018127",126.769976963576,1.04551664115607,0.356407854928249,2.93348372292904,0.0033518122879126,0.0468306718548337,"HSPA5: 78 kDa glucose-regulated protein (Bos taurus)","Wounded 1h vs 0h (injury-filtered)"
"pdam_00018228",32.0424017218014,-1.43074410283406,0.47143679005708,-3.03485882521139,0.00240648302414669,0.0374369842431362,"trim71: E3 ubiquitin-protein ligase TRIM71 (Danio rerio)","Wounded 1h vs 0h (injury-filtered)"
"pdam_00018243",1124.72221904114,-0.475378912552711,0.11993510309656,-3.96363450131846,7.38172425603604e-05,0.00288187459651321,"fkbp1a: Peptidyl-prolyl cis-trans isomerase FKBP1A (Xenopus laevis)","Wounded 1h vs 0h (injury-filtered)"
"pdam_00018527",929.730478649671,-0.475189190197107,0.160611009931216,-2.95863397161013,0.00309005891865149,0.0443116621208029,"BRD1: Bromodomain-containing protein 1 (Homo sapiens)","Wounded 1h vs 0h (injury-filtered)"
"pdam_00018534",92.8300300514297,0.906747405654636,0.267766899250548,3.38633120147609,0.000708338382512415,0.0155443734454621,"CFAP57: Cilia- and flagella-associated protein 57 (Homo sapiens)","Wounded 1h vs 0h (injury-filtered)"
"pdam_00018539",143.128678209102,-0.874807178815041,0.193781394480325,-4.51440233032207,6.3495575899143e-06,0.000386635933991834,"Asnsd1: Asparagine synthetase domain-containing protein 1 (Mus musculus)","Wounded 1h vs 0h (injury-filtered)"
"pdam_00018562",451.970438265868,0.756205919054932,0.224426971658702,3.36949660491314,0.000753056188691835,0.0163419201373166,"unknown function","Wounded 1h vs 0h (injury-filtered)"
"pdam_00018573",1552.38606400102,-0.328935232111286,0.110072553664807,-2.9883492402017,0.00280488841916965,0.0417636625113408,"Srsf3: Serine/arginine-rich splicing factor 3 (Mus musculus)","Wounded 1h vs 0h (injury-filtered)"
"pdam_00018734",191.982505512588,-0.853311386290291,0.249627034828206,-3.41834524003998,0.000630031357085077,0.0143998343365145,"RPGR: X-linked retinitis pigmentosa GTPase regulator (Homo sapiens)","Wounded 1h vs 0h (injury-filtered)"
"pdam_00018793",340.795968070866,0.517689350339814,0.175372127292747,2.9519477144486,0.00315776395699757,0.0448881097685046,"IQCG: IQ domain-containing protein G (Homo sapiens)","Wounded 1h vs 0h (injury-filtered)"
"pdam_00018795",696.018148379126,-0.886629952248284,0.236005271963227,-3.75682265431102,0.000172084356700521,0.00554989054742255,"unknown function","Wounded 1h vs 0h (injury-filtered)"
"pdam_00018845",66.5650190290973,0.968025050419648,0.297391286483966,3.25505518962756,0.00113370332625619,0.0217146767384681,"unknown function","Wounded 1h vs 0h (injury-filtered)"
"pdam_00019096",388.577053030287,1.19329221248061,0.234617660579545,5.08611418907247,3.65474060049342e-07,3.68158715181804e-05,"RIBC2: RIB43A-like with coiled-coils protein 2 (Homo sapiens)","Wounded 1h vs 0h (injury-filtered)"
"pdam_00019195",154.387901065451,0.723154421921528,0.246712165442414,2.93116644906724,0.00337691791120581,0.0470593796673865,"CFAP77: Cilia- and flagella-associated protein 77 (Homo sapiens)","Wounded 1h vs 0h (injury-filtered)"
"pdam_00019337",72.4349429191183,-0.978812601963532,0.293559115288419,-3.33429469904846,0.000855160024848766,0.0179357401486032,"unknown function","Wounded 1h vs 0h (injury-filtered)"
"pdam_00019340",691.510963599283,0.740560099771433,0.17812299781047,4.15757711735472,3.21640714456971e-05,0.00145801522756203,"LanB1: Laminin subunit beta-1 (Drosophila melanogaster)","Wounded 1h vs 0h (injury-filtered)"
"pdam_00019365",98.0602754836141,0.913603288521621,0.292183945128979,3.12680865513787,0.00176714899632851,0.0296993866849484,"trim71: E3 ubiquitin-protein ligase TRIM71 (Xenopus tropicalis)","Wounded 1h vs 0h (injury-filtered)"
"pdam_00019510",633.952138181243,0.762363326152213,0.193514857069977,3.93955966841623,8.16312980732091e-05,0.00311852096321145,"Cfap58: Cilia- and flagella-associated protein 58 (Mus musculus)","Wounded 1h vs 0h (injury-filtered)"
"pdam_00019542",45.9610099522172,1.43528193019254,0.403404111738764,3.55792588232713,0.000373794745866179,0.00973197099533732,"Shal: Potassium voltage-gated channel protein Shal (Drosophila melanogaster)","Wounded 1h vs 0h (injury-filtered)"
"pdam_00019569",20.3243880299354,2.33729390171688,0.626848040037577,3.72864514592207,0.000192512014714069,0.00602406025174095,"FBXL20: F-box/LRR-repeat protein 20 (Homo sapiens)","Wounded 1h vs 0h (injury-filtered)"
"pdam_00019576",18.0021883225608,1.62790043380937,0.548153948375338,2.96978693418933,0.00298006361810966,0.0432281406079391,"IGFALS: Insulin-like growth factor-binding protein complex acid labile subunit (Homo sapiens)","Wounded 1h vs 0h (injury-filtered)"
"pdam_00019602",28.8579819913579,-1.69728147456614,0.529173117353312,-3.20742195494583,0.0013393039483646,0.0243657760684078,"unknown function","Wounded 1h vs 0h (injury-filtered)"
"pdam_00019665",239.063134568669,0.902078431086286,0.223799276775229,4.03074774898528,5.5599689061729e-05,0.00225849352049495,"ccdc176: Basal body-orientation factor 1 (Xenopus laevis)","Wounded 1h vs 0h (injury-filtered)"
"pdam_00019714",49.144097187244,1.68928986845755,0.495066830209712,3.41224611582634,0.00064429913013311,0.0146558340149026,"MC1R: Melanocyte-stimulating hormone receptor (Saimiri oerstedii)","Wounded 1h vs 0h (injury-filtered)"
"pdam_00019803",3648.8341321282,0.400214149730058,0.137020813531219,2.92082742333794,0.00349103148460146,0.0480760698710643,"Rpn1: Dolichyl-diphosphooligosaccharide--protein glycosyltransferase subunit 1 (Mus musculus)","Wounded 1h vs 0h (injury-filtered)"
"pdam_00019934",170.030406269223,1.57687929551636,0.25630739227531,6.1522973704269,7.63685118838757e-10,1.70720239100407e-07,"VWA3A: von Willebrand factor A domain-containing protein 3A (Homo sapiens)","Wounded 1h vs 0h (injury-filtered)"
"pdam_00020065",538.96874875213,-0.354160630747095,0.115261203606292,-3.07267857410924,0.0021214685958204,0.0340750452905444,"rad54l2: Helicase ARIP4 (Xenopus tropicalis)","Wounded 1h vs 0h (injury-filtered)"
"pdam_00020164",148.463851824854,-0.655922002144466,0.194291384350158,-3.37597060383462,0.000735557778140242,0.0159834452482964,"HINFP: Histone H4 transcription factor (Bos taurus)","Wounded 1h vs 0h (injury-filtered)"
"pdam_00020191",60.7481125931278,1.66422287149216,0.401680720295623,4.14314849432492,3.42569970570588e-05,0.00151646898732923,"Crebbp: CREB-binding protein (Mus musculus)","Wounded 1h vs 0h (injury-filtered)"
"pdam_00020289",275.59333426197,0.748493252895563,0.177773808409832,4.21036855536119,2.54954426544219e-05,0.00122011767940619,"DNAAF1: Dynein assembly factor 1%2C axonemal (Bos taurus)","Wounded 1h vs 0h (injury-filtered)"
"pdam_00020365",542.05565900424,0.47901840458047,0.138303426877932,3.4635324329545,0.000533132320255483,0.0127631599794664,"ttc25: Tetratricopeptide repeat protein 25 (Danio rerio)","Wounded 1h vs 0h (injury-filtered)"
"pdam_00020418",1024.45008216218,0.814252659632603,0.212804434046648,3.8262955529118,0.000130086093592745,0.00439518625536234,"LRP8: Low-density lipoprotein receptor-related protein 8 (Gallus gallus)","Wounded 1h vs 0h (injury-filtered)"
"pdam_00020577",36.8672036922709,-1.1992481357187,0.408478792901,-2.93588836571341,0.00332593990680755,0.0465888526516672,"Hmcn1: Hemicentin-1 (Mus musculus)","Wounded 1h vs 0h (injury-filtered)"
"pdam_00020614",631.279885723449,0.638269949753373,0.158230748405113,4.03379214335278,5.4883870574032e-05,0.00223912470974407,"LACTBL1: Putative beta-lactamase-like 1 (Homo sapiens)","Wounded 1h vs 0h (injury-filtered)"
"pdam_00021085",112.477749845901,1.11662299391467,0.340280998997679,3.28147324477053,0.00103266321049824,0.0203277224502573,"unknown function","Wounded 1h vs 0h (injury-filtered)"
"pdam_00021219",165.523685542629,1.0415685610814,0.243471150942739,4.27799579970098,1.88583578757923e-05,0.000953927111638877,"C9orf172: Uncharacterized protein C9orf172 (Homo sapiens)","Wounded 1h vs 0h (injury-filtered)"
"pdam_00021370",184.612602980616,-0.634752507905995,0.216593914212444,-2.93061100176344,0.00338296107768731,0.0470644005343386,"apex1: DNA-(apurinic or apyrimidinic site) lyase (Danio rerio)","Wounded 1h vs 0h (injury-filtered)"
"pdam_00021456",62.8068804850203,1.15369180755833,0.38120341546766,3.02644667058657,0.00247446466350306,0.0381670972057717,"pax3-b: Paired box protein Pax-3-B (Xenopus laevis)","Wounded 1h vs 0h (injury-filtered)"
"pdam_00021868",740.752105031085,-0.386668676872018,0.125412874271783,-3.08316573651015,0.00204811054629422,0.0332899561802543,"STARD9: StAR-related lipid transfer protein 9 (Homo sapiens)","Wounded 1h vs 0h (injury-filtered)"
"pdam_00022019",3227.09080015049,-0.400839724935632,0.13138192069111,-3.05095041103897,0.00228118246901395,0.0358983767713006,"tth-1: Thymosin beta (Caenorhabditis elegans)","Wounded 1h vs 0h (injury-filtered)"
"pdam_00022033",406.4752895108,0.48984872661744,0.149255657673619,3.28194411020992,0.00103094036862795,0.0203277224502573,"TXNDC11: Thioredoxin domain-containing protein 11 (Bos taurus)","Wounded 1h vs 0h (injury-filtered)"
"pdam_00022061",111.481746542804,-0.838477723626458,0.238159614684082,-3.52065451877177,0.000430483094638985,0.0108077748021748,"HNRNPUL1: Heterogeneous nuclear ribonucleoprotein U-like protein 1 (Homo sapiens)","Wounded 1h vs 0h (injury-filtered)"
"pdam_00022090",146.683359210828,-0.72179686504289,0.207814012884859,-3.47328293709822,0.000514133048025333,0.0124298329047784,"ZFYVE1: Zinc finger FYVE domain-containing protein 1 (Homo sapiens)","Wounded 1h vs 0h (injury-filtered)"
"pdam_00022134",16.4573234258585,-1.61424824227106,0.545663407778423,-2.95832232702427,0.00309318498541528,0.0443175467752344,"unknown function","Wounded 1h vs 0h (injury-filtered)"
"pdam_00022471",225.59914999957,-0.578317892078604,0.190871444227129,-3.02988167989356,0.00244649561629303,0.0379148736583912,"EIF2AK4: eIF-2-alpha kinase GCN2 (Homo sapiens)","Wounded 1h vs 0h (injury-filtered)"
"pdam_00022815",2063.53249837497,-0.395862895229084,0.112694841428079,-3.51269756638968,0.000443582080060791,0.0110854762090537,"FUBP1: Far upstream element-binding protein 1 (Homo sapiens)","Wounded 1h vs 0h (injury-filtered)"
"pdam_00023036",664.835525243067,-0.368579911286107,0.121505449438867,-3.03344346272759,0.00241780011105782,0.0375151206517501,"Ppp4r4: Serine/threonine-protein phosphatase 4 regulatory subunit 4 (Mus musculus)","Wounded 1h vs 0h (injury-filtered)"
"pdam_00023059",72.2147210395796,-1.26054242368949,0.371375293094014,-3.39425494137647,0.00068815597866165,0.0153727452719212,"unknown function","Wounded 1h vs 0h (injury-filtered)"
"pdam_00023092",47.4341225742951,-1.07948230290369,0.312285480118456,-3.45671627926543,0.000546800223082569,0.0129698151751227,"GEMIN6: Gem-associated protein 6 (Homo sapiens)","Wounded 1h vs 0h (injury-filtered)"
"pdam_00023199",149.719730113591,-0.630594835637247,0.170433421585337,-3.69994822477646,0.000215643457355129,0.00655323199362821,"GALK1: Galactokinase (Homo sapiens)","Wounded 1h vs 0h (injury-filtered)"
"pdam_00023622",133.479983775274,-0.729961080157449,0.244472818205406,-2.98585783694011,0.00282784072287834,0.0419523025060469,"TTC28: Tetratricopeptide repeat protein 28 (Homo sapiens)","Wounded 1h vs 0h (injury-filtered)"
"pdam_00023857",99.400128749506,-0.810539899425542,0.228340275197446,-3.54970185931794,0.00038566766010838,0.00997418469937979,"ywrD: Putative gamma-glutamyltransferase YwrD (Bacillus subtilis (strain 168))","Wounded 1h vs 0h (injury-filtered)"
"pdam_00023871",505.38610231948,0.599264311010554,0.141842883184239,4.2248458121947,2.39104428615372e-05,0.00115784723162441,"pcnx4: Pecanex-like protein 4 (Xenopus laevis)","Wounded 1h vs 0h (injury-filtered)"
"pdam_00024072",832.922852094798,-0.413889353658858,0.129022046197288,-3.20789637009771,0.00133709668628553,0.0243527687762205,"GLG1: Golgi apparatus protein 1 (Gallus gallus)","Wounded 1h vs 0h (injury-filtered)"
"pdam_00024229",291.600839524201,-0.717903902247031,0.17282390050484,-4.15396192395811,3.26767572876798e-05,0.00147307182922002,"unknown function","Wounded 1h vs 0h (injury-filtered)"
"pdam_00024567",21.6543540376491,4.78488261731591,1.22331656354365,3.91140180711299,9.17619630477761e-05,0.00341738117922393,"unknown function","Wounded 1h vs 0h (injury-filtered)"
"pdam_00024751",33.9885051807107,1.8464011040275,0.47078456388035,3.92196610867803,8.78293482871176e-05,0.00330250491865777,"PKD1L2: Polycystic kidney disease protein 1-like 2 (Homo sapiens)","Wounded 1h vs 0h (injury-filtered)"
"pdam_00024761",45.0056270988429,2.28889410959093,0.526233264582284,4.34958081072246,1.36398013897762e-05,0.000732197101578151,"unknown function","Wounded 1h vs 0h (injury-filtered)"
"pdam_00025139",84.7174458131792,-0.838457827395048,0.269657359162438,-3.10934524464423,0.00187502480967661,0.0311277007824137,"licD: Lipopolysaccharide cholinephosphotransferase LicD (Haemophilus influenzae (strain ATCC 51907 / DSM 11121 / KW20 / Rd))","Wounded 1h vs 0h (injury-filtered)"
"pdam_00025255",39.1405770239442,1.31772137954467,0.403514040553093,3.26561469270929,0.00109226762238533,0.0212451910961934,"unknown function","Wounded 1h vs 0h (injury-filtered)"
"pdam_00025487",76.7680800469187,1.93339109215601,0.384883000109297,5.02332161100121,5.07853954803716e-07,4.93313612407252e-05,"unknown function","Wounded 1h vs 0h (injury-filtered)"
"pdam_00025545",63.6456111876723,1.03231489170704,0.328294527932606,3.14447791197713,0.00166383471241833,0.028521133058776,"RAB18: Ras-related protein Rab-18 (Gallus gallus)","Wounded 1h vs 0h (injury-filtered)"
"pdam_00025762",82.27021662346,-1.03861365377015,0.338858408498516,-3.06503727728716,0.0021764286839718,0.0346508679938885,"TTC28: Tetratricopeptide repeat protein 28 (Homo sapiens)","Wounded 1h vs 0h (injury-filtered)"
"pdam_00025814",18.7049843335683,1.81029449612842,0.607155754838914,2.9815981841574,0.00286748081886876,0.0421571346694768,"TTC4: Tetratricopeptide repeat protein 4 (Bos taurus)","Wounded 1h vs 0h (injury-filtered)"
"pdam_00025947",60.8578631006157,2.27542127143991,0.643337964670389,3.5368987940976,0.000404854773077456,0.0102590450960419,"Mfsd6: Major facilitator superfamily domain-containing protein 6 (Mus musculus)","Wounded 1h vs 0h (injury-filtered)"
"pdam_00025949",281.441032724306,0.788119157977705,0.197350970459948,3.99349015685561,6.51077827293077e-05,0.00257886870475625,"unknown function","Wounded 1h vs 0h (injury-filtered)"
"pdam_00026005",140.44289431024,-0.758686453566183,0.223989527691418,-3.38715145027404,0.000706223903942514,0.0155321669655497,"unknown function","Wounded 1h vs 0h (injury-filtered)"
"pdam_00026062",371.178503350998,-0.754720339409401,0.151303617819846,-4.98811826368903,6.09702430445422e-07,5.68556226425076e-05,"unknown function","Wounded 1h vs 0h (injury-filtered)"
"pdam_00000041",75.1535966425171,-1.13636322802518,0.238454850493083,-4.76552783755659,1.88359887930847e-06,7.20812928278222e-05,"unknown function","Wounded 2h vs 0h (injury-filtered)"
"pdam_00000042",204.590668506133,-0.974505302867963,0.1702641045678,-5.72349236700039,1.04356258316381e-08,1.05862940389115e-06,"NDUFA6: NADH dehydrogenase [ubiquinone] 1 alpha subcomplex subunit 6 (Pan troglodytes)","Wounded 2h vs 0h (injury-filtered)"
"pdam_00000051",59.4922581947465,1.15466453982707,0.40751067845869,2.83345836284415,0.00460473063227253,0.0312153032659866,"unknown function","Wounded 2h vs 0h (injury-filtered)"
"pdam_00000064",320.820864574198,0.445869779590243,0.165392402460278,2.69582987463603,0.00702135169538593,0.0423703109699741,"v1g174619: MAU2 chromatid cohesion factor homolog (Nematostella vectensis)","Wounded 2h vs 0h (injury-filtered)"
"pdam_00000163",937.207729177505,0.570915227819404,0.203351026266569,2.80753551285747,0.00499221751071849,0.0330837193151104,"Pias1: E3 SUMO-protein ligase PIAS1 (Mus musculus)","Wounded 2h vs 0h (injury-filtered)"
"pdam_00000286",733.913274086339,0.479260368694042,0.160414401668758,2.98763928742304,0.00281141153671286,0.0217897103912321,"TEKT1: Tektin-1 (Homo sapiens)","Wounded 2h vs 0h (injury-filtered)"
"pdam_00000345",2955.20525268245,-5.59712716607675,1.3998393429767,-3.99840681300947,6.37702783007076e-05,0.0011743046736706,"PXDN: Peroxidasin homolog (Homo sapiens)","Wounded 2h vs 0h (injury-filtered)"
"pdam_00000381",479.42018148473,0.524487411556051,0.181143866639853,2.89541910132032,0.00378652615730715,0.0273216348656876,"NOS1: Nitric oxide synthase%2C brain (Oryctolagus cuniculus)","Wounded 2h vs 0h (injury-filtered)"
"pdam_00000410",356.202262363759,0.428409925634418,0.134407221920298,3.18740257787979,0.00143556810050265,0.0130772473512314,"KCTD10: BTB/POZ domain-containing adapter for CUL3-mediated RhoA degradation protein 3 (Homo sapiens)","Wounded 2h vs 0h (injury-filtered)"
"pdam_00000419",30.762856629413,3.20812409547215,0.691291547924046,4.64076858035683,3.47115691577466e-06,0.000117375767581935,"unknown function","Wounded 2h vs 0h (injury-filtered)"
"pdam_00000501",16.9956905133643,-1.53685276848123,0.545982844550041,-2.8148371030738,0.00488019641668063,0.0325371939985208,"ALK: ALK tyrosine kinase receptor (Homo sapiens)","Wounded 2h vs 0h (injury-filtered)"
"pdam_00000586",134.252317140579,-1.50763439727877,0.363503297587233,-4.14751229847365,3.36107420415492e-05,0.000714916329479304,"TPMT: Thiopurine S-methyltransferase (Gorilla gorilla gorilla)","Wounded 2h vs 0h (injury-filtered)"
"pdam_00000597",207.864309297925,0.528416959620318,0.194889101357421,2.71137254951583,0.00670052947628391,0.0409678592515732,"KLHL5: Kelch-like protein 5 (Homo sapiens)","Wounded 2h vs 0h (injury-filtered)"
"pdam_00000613",491.218072431958,0.467354758121169,0.14722253569466,3.17447839025448,0.00150106067506327,0.013572881969032,"CFAP65: Cilia- and flagella-associated protein 65 (Gallus gallus)","Wounded 2h vs 0h (injury-filtered)"
"pdam_00000638",141.034851463887,0.89442100202879,0.303034388710301,2.95154951170856,0.00316183850586659,0.0238900658195579,"WNT-1: Protein Wnt-1 (Ambystoma mexicanum)","Wounded 2h vs 0h (injury-filtered)"
"pdam_00000646",291.170423129142,-0.616795227086014,0.157213806768579,-3.92328918028137,8.73482014771897e-05,0.00148654940907217,"phf10: PHD finger protein 10 (Xenopus laevis)","Wounded 2h vs 0h (injury-filtered)"
"pdam_00000680",336.056217155818,0.6441849738274,0.215873035442296,2.9840918876577,0.00284421343203268,0.0219819985202196,"unknown function","Wounded 2h vs 0h (injury-filtered)"
"pdam_00000687",16.5965962106678,-1.68200918310324,0.54082902964803,-3.1100571361672,0.00187051157721857,0.0160581124085304,"unknown function","Wounded 2h vs 0h (injury-filtered)"
"pdam_00000696",181.76097805517,0.546443237492306,0.187666339445423,2.91178076530459,0.00359374771529916,0.0262175365238676,"Ube2e3: Ubiquitin-conjugating enzyme E2 E3 (Mus musculus)","Wounded 2h vs 0h (injury-filtered)"
"pdam_00000717",33.4690221726167,1.33254686225433,0.477715640011902,2.78941435164469,0.00528034608049496,0.0344730591028201,"unknown function","Wounded 2h vs 0h (injury-filtered)"
"pdam_00000720",18.5387014076763,1.85721853521573,0.674186560951658,2.75475460767736,0.00587361701501201,0.037102907186944,"unknown function","Wounded 2h vs 0h (injury-filtered)"
"pdam_00000728",238.50496864261,-0.493734529000803,0.180365565029068,-2.73741015321429,0.0061925032852931,0.0386192347482957,"unknown function","Wounded 2h vs 0h (injury-filtered)"
"pdam_00000731",193.906855590355,-0.714599740691973,0.232001499598443,-3.08015138664547,0.00206895403425355,0.0173958548127724,"GCAT: 2-amino-3-ketobutyrate coenzyme A ligase%2C mitochondrial (Homo sapiens)","Wounded 2h vs 0h (injury-filtered)"
"pdam_00000949",62.6205507556463,1.09583948709429,0.414907392521245,2.64116645508594,0.00826211156723168,0.0477079264164135,"Aadacl4: Arylacetamide deacetylase-like 4 (Mus musculus)","Wounded 2h vs 0h (injury-filtered)"
"pdam_00000964",158.673611442702,-0.508741870930779,0.193760540886739,-2.62562164929216,0.00864908967079409,0.0492134063445383,"Wrap53: Telomerase Cajal body protein 1 (Mus musculus)","Wounded 2h vs 0h (injury-filtered)"
"pdam_00001021",28.4523171986207,-1.33054018172945,0.454427608339148,-2.92794750431722,0.00341207649343087,0.0252576163227024,"unknown function","Wounded 2h vs 0h (injury-filtered)"
"pdam_00001052",180.034762165667,-0.805451129585365,0.307493182668993,-2.61941133977077,0.00880816656976813,0.0499032411342052,"unknown function","Wounded 2h vs 0h (injury-filtered)"
"pdam_00001053",449.483819680139,-0.528254553457264,0.175495622575079,-3.01007253460849,0.00261185307335677,0.0206160953062324,"ANO5: Anoctamin-5 (Homo sapiens)","Wounded 2h vs 0h (injury-filtered)"
"pdam_00001107",731.571255498243,0.583316003363202,0.178763599678902,3.263058052148,0.00110216940393927,0.0106875521838998,"Gabpb2: GA-binding protein subunit beta-2 (Mus musculus)","Wounded 2h vs 0h (injury-filtered)"
"pdam_00001122",964.096639021438,0.566717649713153,0.198563103290194,2.85409343590341,0.00431598354360398,0.0297879315102845,"nek8: Serine/threonine-protein kinase Nek8 (Danio rerio)","Wounded 2h vs 0h (injury-filtered)"
"pdam_00001152",473.653035324512,-0.810177756812967,0.261296325380562,-3.10060907145553,0.00193123072868893,0.0164476004036975,"unknown function","Wounded 2h vs 0h (injury-filtered)"
"pdam_00001166",847.486174228989,-0.443566233814294,0.126345773366073,-3.5107326663719,0.000446873554369312,0.00530554031586391,"OAZ: Ornithine decarboxylase antizyme 1 (Gallus gallus)","Wounded 2h vs 0h (injury-filtered)"
"pdam_00001187",127.310510728448,-0.882627780552275,0.334209675111429,-2.64094024285203,0.00826763003868202,0.0477079264164135,"unknown function","Wounded 2h vs 0h (injury-filtered)"
"pdam_00001240",13.910515353053,-2.5456981835036,0.807694826469629,-3.15180696975694,0.00162263503526001,0.0143616185051614,"unknown function","Wounded 2h vs 0h (injury-filtered)"
"pdam_00001252",452.324811841317,0.531366044303781,0.183132352695239,2.90154107935291,0.0037133208941636,0.026906666698876,"unknown function","Wounded 2h vs 0h (injury-filtered)"
"pdam_00001288",512.62365391684,-0.815138381296626,0.268095302296881,-3.04047991260199,0.0023620144699732,0.0191462771031776,"Parg: Poly(ADP-ribose) glycohydrolase (Drosophila melanogaster)","Wounded 2h vs 0h (injury-filtered)"
"pdam_00001304",1481.6514488896,0.494338354903895,0.157307614800454,3.14249475799991,0.00167514712642951,0.0147049269511047,"CAB39: Calcium-binding protein 39 (Homo sapiens)","Wounded 2h vs 0h (injury-filtered)"
"pdam_00001315",95.4782078433327,-1.0821570435821,0.335871589498695,-3.22193682769441,0.00127327205229041,0.0119676403862208,"Enox1: Ecto-NOX disulfide-thiol exchanger 1 (Mus musculus)","Wounded 2h vs 0h (injury-filtered)"
"pdam_00001405",30.6735333843375,1.21611696886763,0.461472291324827,2.63529791870344,0.00840634646533799,0.0482808722953951,"unknown function","Wounded 2h vs 0h (injury-filtered)"
"pdam_00001428",365.175713637221,-0.618628624209465,0.182589201662107,-3.38808986828409,0.000703811997099994,0.00760791480345668,"BTN1: Protein BTN1 (Yarrowia lipolytica (strain CLIB 122 / E 150))","Wounded 2h vs 0h (injury-filtered)"
"pdam_00001435",17.5567268335238,2.04497401435342,0.729293195211328,2.80404921886163,0.00504652006610067,0.0332631833960899,"CCR4: C-C chemokine receptor type 4 (Canis lupus familiaris)","Wounded 2h vs 0h (injury-filtered)"
"pdam_00001459",562.309572737254,0.564866641010696,0.163546965873979,3.45384971217352,0.00055264525794862,0.00629538226064527,"Dnm1l: Dynamin-1-like protein (Rattus norvegicus)","Wounded 2h vs 0h (injury-filtered)"
"pdam_00001532",81.6794802967195,-0.819018146980096,0.270428007585225,-3.02859956811974,0.00245690100325387,0.0197288575174634,"unknown function","Wounded 2h vs 0h (injury-filtered)"
"pdam_00001595",998.381586418215,0.349274479408162,0.123872805863709,2.81962192567472,0.00480802612955976,0.0321634278700554,"Igf2r: Cation-independent mannose-6-phosphate receptor (Mus musculus)","Wounded 2h vs 0h (injury-filtered)"
"pdam_00001600",331.709693799595,-0.517355640251011,0.143169188273358,-3.61359623876058,0.000301979194877269,0.00391317559862124,"ARMC2: Armadillo repeat-containing protein 2 (Homo sapiens)","Wounded 2h vs 0h (injury-filtered)"
"pdam_00001610",1107.87394422217,-0.424784446223692,0.127888507408382,-3.32152165062997,0.000895280361839295,0.00913068799724739,"UTP14A: U3 small nucleolar RNA-associated protein 14 homolog A (Bos taurus)","Wounded 2h vs 0h (injury-filtered)"
"pdam_00001642",31.5086107507156,1.30069775367496,0.411615565921025,3.15998193791466,0.00157778919685872,0.0140810088448443,"unknown function","Wounded 2h vs 0h (injury-filtered)"
"pdam_00001681",1917.62015741742,-0.430524538929108,0.127367266228932,-3.38018198612566,0.000724378489678554,0.00775287433288426,"ATP7B: Copper-transporting ATPase 2 (Homo sapiens)","Wounded 2h vs 0h (injury-filtered)"
"pdam_00001755",568.709049964989,0.380305056306086,0.132605319339645,2.86794721508872,0.0041314445486124,0.028945437409649,"NGFR: Tumor necrosis factor receptor superfamily member 16 (Gallus gallus)","Wounded 2h vs 0h (injury-filtered)"
"pdam_00001792",757.01373664719,-0.806238105312576,0.243621191148849,-3.30939234600482,0.000934987144391907,0.00941246013121248,"exog: Nuclease EXOG%2C mitochondrial (Danio rerio)","Wounded 2h vs 0h (injury-filtered)"
"pdam_00001873",779.991128598168,-0.386151516294547,0.140323742763944,-2.75186157872186,0.00592575623914659,0.0373771762192528,"PDE3A: cGMP-inhibited 3'%2C5'-cyclic phosphodiesterase A (Homo sapiens)","Wounded 2h vs 0h (injury-filtered)"
"pdam_00001876",145.830968629822,-0.847301878684286,0.191432572005992,-4.42611134461363,9.59470125554599e-06,0.000265308965040452,"unknown function","Wounded 2h vs 0h (injury-filtered)"
"pdam_00001911",28.9783273501118,-1.11795294149808,0.404917415282471,-2.76094062469058,0.00576351535220833,0.0366776938375128,"unknown function","Wounded 2h vs 0h (injury-filtered)"
"pdam_00001939",254.022790755426,-0.428163495028632,0.15108568306219,-2.83391176682433,0.0045982025925618,0.0311957203193033,"FKBP62: Peptidyl-prolyl cis-trans isomerase FKBP62 (Arabidopsis thaliana)","Wounded 2h vs 0h (injury-filtered)"
"pdam_00001971",1108.9888135833,0.36275756944784,0.137336840307952,2.64137116184138,0.00825712056522643,0.0477079264164135,"CNOT6: CCR4-NOT transcription complex subunit 6 (Homo sapiens)","Wounded 2h vs 0h (injury-filtered)"
"pdam_00002009",162.88843529894,1.17027961995602,0.308084669758879,3.79856492331128,0.000145536308920268,0.00220412939940731,"C9orf135: Uncharacterized protein C9orf135 (Homo sapiens)","Wounded 2h vs 0h (injury-filtered)"
"pdam_00002081",126.118567400589,-0.704939869983242,0.227072390471895,-3.10447196384491,0.0019061899239441,0.0162747609841124,"NGR_a03790: Uncharacterized protein y4fB (Sinorhizobium fredii (strain NBRC 101917 / NGR234))","Wounded 2h vs 0h (injury-filtered)"
"pdam_00002115",685.343145317738,-0.33480716801689,0.127532055844333,-2.62527852938839,0.00865781119965116,0.0492466871953615,"Nsd2: Histone-lysine N-methyltransferase NSD2 (Mus musculus)","Wounded 2h vs 0h (injury-filtered)"
"pdam_00002117",75.5999383034601,1.15589558585002,0.398529714014413,2.90040000833718,0.00372686723672693,0.0269719358835721,"Bnip1: Vesicle transport protein SEC20 (Mus musculus)","Wounded 2h vs 0h (injury-filtered)"
"pdam_00002138",172.134183540333,1.09178228170265,0.344369454112585,3.17038073111361,0.00152239316966828,0.0137151384659974,"KLKB1: Plasma kallikrein (Homo sapiens)","Wounded 2h vs 0h (injury-filtered)"
"pdam_00002150",532.087034487097,-0.621310388765063,0.222097590454043,-2.79746568837102,0.00515052374575801,0.0338053939364617,"SH3PXD2A: ","Wounded 2h vs 0h (injury-filtered)"
"pdam_00002222",121.541307546826,-1.0868371198424,0.300054086548414,-3.62213736978062,0.000292178885031944,0.00381792286965522,"unknown function","Wounded 2h vs 0h (injury-filtered)"
"pdam_00002237",40.0279508079734,-1.37612123648152,0.351594017397184,-3.91394952243161,9.07986247455428e-05,0.00152612904180156,"unknown function","Wounded 2h vs 0h (injury-filtered)"
"pdam_00002307",355.165722689457,-0.549187142921628,0.205887366271595,-2.6674154556777,0.00764371178604956,0.0449858547408286,"unknown function","Wounded 2h vs 0h (injury-filtered)"
"pdam_00002322",134.502831039599,-0.894305376151184,0.268182582486239,-3.33468850907599,0.000853949976624791,0.00877704940003323,"Mpdz: Multiple PDZ domain protein (Mus musculus)","Wounded 2h vs 0h (injury-filtered)"
"pdam_00002335",6746.1517263975,-0.597319160247862,0.180084608352623,-3.31688069131512,0.00091028479652464,0.0092342736991825,"rps28: 40S ribosomal protein S28 (Ictalurus punctatus)","Wounded 2h vs 0h (injury-filtered)"
"pdam_00002402",1135.92010920456,-0.413436383922953,0.123375995351529,-3.35102774850951,0.000805122343226078,0.00840110617910401,"COX4I2: Cytochrome c oxidase subunit 4 isoform 2%2C mitochondrial (Homo sapiens)","Wounded 2h vs 0h (injury-filtered)"
"pdam_00002424",918.333022831062,-0.710030571393423,0.268576359071238,-2.64368231756799,0.00820095863176569,0.0475472555911366,"GLIPR2: Golgi-associated plant pathogenesis-related protein 1 (Homo sapiens)","Wounded 2h vs 0h (injury-filtered)"
"pdam_00002445",96.7809988305732,0.903203588576929,0.300868733246605,3.00198554642308,0.00268224910561418,0.0210455279938899,"ANKRD60: Ankyrin repeat domain-containing protein 60 (Homo sapiens)","Wounded 2h vs 0h (injury-filtered)"
"pdam_00002553",11.3557484099611,2.02859875703347,0.715694309488238,2.83444863280251,0.0045904837184143,0.0311556820540359,"B4galnt3: Beta-1%2C4-N-acetylgalactosaminyltransferase 3 (Mus musculus)","Wounded 2h vs 0h (injury-filtered)"
"pdam_00002554",316.193693130608,-0.582129039574162,0.166608413345296,-3.49399545848684,0.000475849113101626,0.00557237513320647,"KLHL4: Kelch-like protein 4 (Homo sapiens)","Wounded 2h vs 0h (injury-filtered)"
"pdam_00002668",19.4457043537844,2.26418879129607,0.618306086591374,3.66192221037027,0.000250329879409682,0.00341149082082638,"Gp2: Pancreatic secretory granule membrane major glycoprotein GP2 (Rattus norvegicus)","Wounded 2h vs 0h (injury-filtered)"
"pdam_00002721",733.98827888991,-0.434915099222686,0.127040382224743,-3.4234397882501,0.000618339487496997,0.00686581099329567,"LIN54: Protein lin-54 homolog (Pongo abelii)","Wounded 2h vs 0h (injury-filtered)"
"pdam_00002728",1191.18432144122,0.47561763785748,0.174151425541998,2.73105796508558,0.00631313668713929,0.0390871850358671,"snrpe: Small nuclear ribonucleoprotein E (Danio rerio)","Wounded 2h vs 0h (injury-filtered)"
"pdam_00002860",271.685033147042,0.617169486150346,0.202697300020484,3.04478395167561,0.00232847511032252,0.0189857425260056,"drc7: Dynein regulatory complex subunit 7 (Xenopus tropicalis)","Wounded 2h vs 0h (injury-filtered)"
"pdam_00002875",277.099579638491,0.629100215695067,0.178611945876732,3.52216204020999,0.000428042421834126,0.00511740535559571,"VASH2: Vasohibin-2 (Homo sapiens)","Wounded 2h vs 0h (injury-filtered)"
"pdam_00002880",4638.05823907391,-0.426916994522675,0.159878453021113,-2.67025972828432,0.00757925942873583,0.0447293713067976,"Actn: Alpha-actinin%2C sarcomeric (Anopheles gambiae)","Wounded 2h vs 0h (injury-filtered)"
"pdam_00002942",555.542202333194,-0.540860007679682,0.180661094214877,-2.99378241912111,0.0027554236490913,0.0214918030209378,"DDX21: Nucleolar RNA helicase 2 (Homo sapiens)","Wounded 2h vs 0h (injury-filtered)"
"pdam_00002967",123.845873113618,1.04105596668886,0.327374298101076,3.1800174073758,0.00147266205604941,0.0133583694650323,"ptdss2: Phosphatidylserine synthase 2 (Danio rerio)","Wounded 2h vs 0h (injury-filtered)"
"pdam_00002977",41.4196751421881,-1.02849880517642,0.390424677923388,-2.63430787891497,0.00843090012382338,0.0483570932495243,"tmem53-b: Transmembrane protein 53-B (Xenopus laevis)","Wounded 2h vs 0h (injury-filtered)"
"pdam_00003038",206.319226255847,0.500513132553245,0.167740188115027,2.98385937310395,0.00284637558874967,0.0219819985202196,"Elac2: Zinc phosphodiesterase ELAC protein 2 (Rattus norvegicus)","Wounded 2h vs 0h (injury-filtered)"
"pdam_00003095",1066.54678540774,0.456379807385043,0.165289134756214,2.76109986332834,0.00576070588122372,0.0366776938375128,"TNNI3K: Serine/threonine-protein kinase TNNI3K (Homo sapiens)","Wounded 2h vs 0h (injury-filtered)"
"pdam_00003145",98.1521532056756,-1.39045293454559,0.465324122942901,-2.98813851676504,0.00280682312341572,0.0217639871677246,"ARRDC3: Arrestin domain-containing protein 3 (Bos taurus)","Wounded 2h vs 0h (injury-filtered)"
"pdam_00003180",1613.65426579695,-0.389087640260242,0.121027722935163,-3.21486375868349,0.00130506446555217,0.0121929292629026,"Psmc3: 26S protease regulatory subunit 6A (Mus musculus)","Wounded 2h vs 0h (injury-filtered)"
"pdam_00003200",136.611987005683,0.857826801833842,0.277664138886766,3.08944037668355,0.00200533952616098,0.0169607996233369,"H6PD: GDH/6PGL endoplasmic bifunctional protein (Homo sapiens)","Wounded 2h vs 0h (injury-filtered)"
"pdam_00003219",856.71294309265,-0.413816180631108,0.154407978180311,-2.68001812800031,0.00736181732309381,0.04391475163087,"","Wounded 2h vs 0h (injury-filtered)"
"pdam_00003296",496.64355161746,1.54375347663843,0.510497282545903,3.02401898975755,0.00249440780899879,0.0199443307902794,"Elk1: ETS domain-containing protein Elk-1 (Mus musculus)","Wounded 2h vs 0h (injury-filtered)"
"pdam_00003351",302.931158340006,0.602284709193778,0.227527174950439,2.64708911946439,0.00811879539029064,0.0471346522760388,"ARMC3: Armadillo repeat-containing protein 3 (Homo sapiens)","Wounded 2h vs 0h (injury-filtered)"
"pdam_00003377",1301.15062322152,0.611107222552498,0.180579532949063,3.3841444408037,0.000714004305228497,0.00767548166728582,"M6pr: Cation-dependent mannose-6-phosphate receptor (Rattus norvegicus)","Wounded 2h vs 0h (injury-filtered)"
"pdam_00003402",584.602862982609,-0.49500380339638,0.161859785979412,-3.05822598492341,0.00222651600322138,0.0183251994043339,"DYNLT1: Dynein light chain Tctex-type 1 (Homo sapiens)","Wounded 2h vs 0h (injury-filtered)"
"pdam_00003408",205.337819450961,-0.649431387440217,0.171523883323919,-3.78624466083117,0.000152941096571565,0.00228598270237394,"DNAJC16: DnaJ homolog subfamily C member 16 (Homo sapiens)","Wounded 2h vs 0h (injury-filtered)"
"pdam_00003431",567.910247857995,0.830417371286102,0.204698157989824,4.05678966259865,4.97518493415547e-05,0.000965963425947468,"Sdhd: Succinate dehydrogenase [ubiquinone] cytochrome b small subunit%2C mitochondrial (Mus musculus)","Wounded 2h vs 0h (injury-filtered)"
"pdam_00003436",54.3108381620101,-1.25222973276622,0.325711873815568,-3.84459343804974,0.000120752468936105,0.00191022562484444,"unknown function","Wounded 2h vs 0h (injury-filtered)"
"pdam_00003481",219.438181393249,-0.513107796885014,0.172984736552536,-2.9662027246501,0.00301501679669301,0.0230345133522749,"Amotl1: Angiomotin-like protein 1 (Mus musculus)","Wounded 2h vs 0h (injury-filtered)"
"pdam_00003485",622.142967334694,1.20061527065664,0.220813799742341,5.43722934009377,5.41154648986027e-08,4.08702876749623e-06,"efhc2: EF-hand domain-containing family member C2 (Danio rerio)","Wounded 2h vs 0h (injury-filtered)"
"pdam_00003491",1229.75839993907,-0.375237951827853,0.136842554289416,-2.74211449630091,0.00610450588509518,0.0382653195225125,"dcaf8: DDB1- and CUL4-associated factor 8 (Xenopus laevis)","Wounded 2h vs 0h (injury-filtered)"
"pdam_00003505",141.691952599279,0.783258087694861,0.281455327410655,2.78288599082743,0.00538777349821118,0.0349349428340895,"KCNC1: Potassium voltage-gated channel subfamily C member 1 (Homo sapiens)","Wounded 2h vs 0h (injury-filtered)"
"pdam_00003512",26.320872444865,1.55735912900487,0.513774371074551,3.03121217539068,0.00243574020916517,0.0196140583118496,"aup1: Ancient ubiquitous protein 1 (Xenopus laevis)","Wounded 2h vs 0h (injury-filtered)"
"pdam_00003533",361.711007956058,0.491720703862171,0.174812750998654,2.8128423187274,0.00491057245430097,0.0326939239442857,"SNX11: Sorting nexin-11 (Homo sapiens)","Wounded 2h vs 0h (injury-filtered)"
"pdam_00003563",226.356953267404,0.539544916502063,0.1818308248578,2.96729070510466,0.00300436749352573,0.0229785995463019,"TMEM127: Transmembrane protein 127 (Homo sapiens)","Wounded 2h vs 0h (injury-filtered)"
"pdam_00003566",340.687425176456,0.458866408274275,0.15929111147887,2.88067804922777,0.00396820751370858,0.0281935141380108,"Ide: Insulin-degrading enzyme (Rattus norvegicus)","Wounded 2h vs 0h (injury-filtered)"
"pdam_00003677",162.21988604002,-0.613747274943116,0.191107895334789,-3.21152233856134,0.00132033705043309,0.0122887396268322,"scra: Anillin (Drosophila melanogaster)","Wounded 2h vs 0h (injury-filtered)"
"pdam_00003697",253.963546487814,0.60643642334244,0.185335803871665,3.27209535704371,0.00106753563814846,0.0104402914891142,"Lrrc43: Leucine-rich repeat-containing protein 43 (Mus musculus)","Wounded 2h vs 0h (injury-filtered)"
"pdam_00003711",1184.21686323085,0.483628951454519,0.157978510284474,3.0613591088031,0.00220334659764496,0.0182259496899382,"mapre1: Microtubule-associated protein RP/EB family member 1 (Xenopus tropicalis)","Wounded 2h vs 0h (injury-filtered)"
"pdam_00003714",1611.28309485223,-0.555828846206981,0.184104998981364,-3.01908611543592,0.00253538452896689,0.0201888677959166,"HDAC1: Histone deacetylase 1 (Gallus gallus)","Wounded 2h vs 0h (injury-filtered)"
"pdam_00003718",7690.36082127951,-0.516317440168845,0.120897670625806,-4.27069800018658,1.94862131496659e-05,0.000464633711040156,"rps21: 40S ribosomal protein S21 (Ictalurus punctatus)","Wounded 2h vs 0h (injury-filtered)"
"pdam_00003734",86.7811817600199,0.852913751396358,0.295006107438517,2.89117319909764,0.00383806534743898,0.0275774485819337,"KLHL2: Kelch-like protein 2 (Homo sapiens)","Wounded 2h vs 0h (injury-filtered)"
"pdam_00003809",738.227673580222,0.423194010992075,0.155764512338676,2.71688335576676,0.00658998282138335,0.0404217050052938,"STX5: Syntaxin-5 (Bos taurus)","Wounded 2h vs 0h (injury-filtered)"
"pdam_00003814",266.69823289454,0.599607539264589,0.139531936980688,4.29727811595978,1.72908197818574e-05,0.000424690278424302,"UPF0764 protein C16orf89 homolog (Danio rerio)","Wounded 2h vs 0h (injury-filtered)"
"pdam_00003826",18.2504512456671,-1.67058062534849,0.539806894089784,-3.09477452703787,0.0019696256449632,0.0167330337250987,"Uncharacterized skeletal organic matrix protein 5 (Acropora millepora)","Wounded 2h vs 0h (injury-filtered)"
"pdam_00003872",372.30165247771,-0.546600712256608,0.199778327272467,-2.7360360841901,0.0062184206747533,0.0387385949148361,"unknown function","Wounded 2h vs 0h (injury-filtered)"
"pdam_00003938",1306.98623190646,-0.373566491533379,0.122281825491412,-3.05496331962771,0.00225088049041549,0.0184725204057842,"PSMB4: Proteasome subunit beta type-4 (Bos taurus)","Wounded 2h vs 0h (injury-filtered)"
"pdam_00003945",122.400977552052,0.748333868613324,0.259283921738322,2.88615608556156,0.0038997869934886,0.0278342831874974,"Fbxl17: F-box/LRR-repeat protein 17 (Mus musculus)","Wounded 2h vs 0h (injury-filtered)"
"pdam_00003959",63.7030450014027,1.0124110536509,0.276492134332059,3.66162696127557,0.000250618607910075,0.00341236660957341,"unknown function","Wounded 2h vs 0h (injury-filtered)"
"pdam_00003971",254.460851617996,-0.551494836848316,0.179513953774733,-3.07215581436289,0.00212518760401454,0.0177381773530795,"Mrps9: 28S ribosomal protein S9%2C mitochondrial (Mus musculus)","Wounded 2h vs 0h (injury-filtered)"
"pdam_00003993",571.41219890203,-0.547400493367353,0.185645373678381,-2.948635252908,0.00319180439293004,0.0240212004005236,"unknown function","Wounded 2h vs 0h (injury-filtered)"
"pdam_00004033",1197.9659440542,-0.32516183181442,0.115923401144242,-2.80497146050629,0.0050321035133259,0.033218638171264,"SF3A2: Splicing factor 3A subunit 2 (Homo sapiens)","Wounded 2h vs 0h (injury-filtered)"
"pdam_00004048",1422.15755035498,0.32890472468112,0.0962742069248949,3.416332735285,0.000634706421508662,0.00700219233612902,"Bmpr1b: Bone morphogenetic protein receptor type-1B (Mus musculus)","Wounded 2h vs 0h (injury-filtered)"
"pdam_00004111",74.6207506397867,-1.12125346456065,0.400641748369604,-2.79864359898476,0.00513177453554971,0.0336955735876921,"Ppp1r12c: Protein phosphatase 1 regulatory subunit 12C (Mus musculus)","Wounded 2h vs 0h (injury-filtered)"
"pdam_00004117",80.0988298752413,0.872803336879121,0.304536709610874,2.86600370114446,0.00415689385706824,0.0290880768512563,"unknown function","Wounded 2h vs 0h (injury-filtered)"
"pdam_00004119",250.021136475818,-0.865823154795655,0.292632091760457,-2.95874300589152,0.0030889658902373,0.0234438212435322,"unknown function","Wounded 2h vs 0h (injury-filtered)"
"pdam_00004183",366.683166531946,0.447172916113969,0.15343563530542,2.91440065551822,0.00356372213372444,0.0260539242049346,"unknown function","Wounded 2h vs 0h (injury-filtered)"
"pdam_00004195",63.1146595802748,-1.09466656575665,0.348988202230825,-3.1366864517461,0.00170868753034596,0.0149153457333254,"SLC7A3: Cationic amino acid transporter 3 (Homo sapiens)","Wounded 2h vs 0h (injury-filtered)"
"pdam_00004236",555.294557865911,-0.366254720913402,0.122061678431804,-3.00057090496284,0.00269474006600595,0.0210856338163423,"wipi2: WD repeat domain phosphoinositide-interacting protein 2 (Xenopus laevis)","Wounded 2h vs 0h (injury-filtered)"
"pdam_00004277",667.132931293531,0.796651216605113,0.223178591377126,3.56956826230226,0.000357570037407974,0.00444860719979848,"GAB1: GRB2-associated-binding protein 1 (Homo sapiens)","Wounded 2h vs 0h (injury-filtered)"
"pdam_00004305",15.8386000241718,1.92248045196621,0.572790569727168,3.3563409622507,0.000789811313307035,0.00828673510118471,"unknown function","Wounded 2h vs 0h (injury-filtered)"
"pdam_00004349",61.9888537942452,-0.810281129484497,0.289265147083258,-2.801170959083,0.00509175368109558,0.0335097985062198,"hddc2: HD domain-containing protein 2 (Danio rerio)","Wounded 2h vs 0h (injury-filtered)"
"pdam_00004503",838.834409566927,-0.589095026724346,0.224270373573479,-2.6267179981815,0.00862127494131731,0.0491040324232372,"Slc5a8: Sodium-coupled monocarboxylate transporter 1 (Mus musculus)","Wounded 2h vs 0h (injury-filtered)"
"pdam_00004515",166.822093512303,-0.7550881968305,0.217672759482155,-3.4689145239251,0.000522565683365856,0.00599255255894598,"unknown function","Wounded 2h vs 0h (injury-filtered)"
"pdam_00004553",247.25234722418,1.00691487513509,0.38247779314807,2.63261003167649,0.00847315723801603,0.0485345164345295,"tnaA: Tryptophanase (Salinibacter ruber (strain DSM 13855 / M31))","Wounded 2h vs 0h (injury-filtered)"
"pdam_00004655",83.3401710134183,-1.09150419482913,0.306641829196905,-3.55954110268575,0.000371503388103499,0.00457398738250001,"unknown function","Wounded 2h vs 0h (injury-filtered)"
"pdam_00004659",1021.90477656322,-0.767976976096052,0.280526378670083,-2.73762838181875,0.00618839606715266,0.0386076645470397,"Rbl1: Retinoblastoma-like protein 1 (Mus musculus)","Wounded 2h vs 0h (injury-filtered)"
"pdam_00004664",398.701962354519,0.411441046987017,0.134469839604684,3.0597273574251,0.00221538565707891,0.0182686732587594,"unknown function","Wounded 2h vs 0h (injury-filtered)"
"pdam_00004749",1229.50874360179,-0.457362760973642,0.154213554477128,-2.96577536601347,0.00301920925285061,0.0230562687888066,"unknown function","Wounded 2h vs 0h (injury-filtered)"
"pdam_00004770",289.955044442909,0.522568342971767,0.160710949163504,3.25160386203754,0.00114755839509788,0.0110340668118665,"CECR5: Cat eye syndrome critical region protein 5 (Homo sapiens)","Wounded 2h vs 0h (injury-filtered)"
"pdam_00004800",322.373505847512,-0.381610670062773,0.133674488407905,-2.85477561655816,0.00430672446013693,0.0297599694254686,"unknown function","Wounded 2h vs 0h (injury-filtered)"
"pdam_00004803",46.635492804512,1.20597874481276,0.452472670804656,2.66530737131174,0.00769179836506406,0.0451912923819939,"unknown function","Wounded 2h vs 0h (injury-filtered)"
"pdam_00004804",119.804038082874,-1.0746781218806,0.373281761283424,-2.87899981554315,0.00398938567464338,0.0282948850261341,"Sowahc: Ankyrin repeat domain-containing protein SOWAHC (Mus musculus)","Wounded 2h vs 0h (injury-filtered)"
"pdam_00004842",25.9042821173964,-1.30891393865102,0.482110312468327,-2.71496772585011,0.00662822295706777,0.040598161620568,"unknown function","Wounded 2h vs 0h (injury-filtered)"
"pdam_00004870",92.7996039783745,0.916905264933282,0.267348155524462,3.42963003853373,0.000604404735843678,0.00672851609824936,"rft1: Protein RFT1 homolog (Xenopus tropicalis)","Wounded 2h vs 0h (injury-filtered)"
"pdam_00004897",783.217131872506,0.364353962894376,0.1344994283956,2.70896290966167,0.00674938845671043,0.0412224851093137,"SNX4: Sorting nexin-4 (Pongo abelii)","Wounded 2h vs 0h (injury-filtered)"
"pdam_00004901",98.8316900227043,-1.25250686164469,0.359640589536526,-3.48266268626357,0.000496453470086685,0.00574304877946432,"DKK3: Dickkopf-related protein 3 (Gallus gallus)","Wounded 2h vs 0h (injury-filtered)"
"pdam_00004907",905.029762603683,0.448769154699628,0.164578846061968,2.72677300538767,0.00639570204055313,0.0394275137659989,"ADGRB3: Adhesion G protein-coupled receptor B3 (Homo sapiens)","Wounded 2h vs 0h (injury-filtered)"
"pdam_00004917",18.327822787233,1.94669619801792,0.577278216883719,3.37219756623875,0.000745709352318166,0.00791503553125258,"TCF15: Transcription factor 15 (Gallus gallus)","Wounded 2h vs 0h (injury-filtered)"
"pdam_00004922",141.99072573328,0.737186084685791,0.262593748715539,2.80732533920434,0.00499547615084811,0.0330837193151104,"TCF15: Transcription factor 15 (Gallus gallus)","Wounded 2h vs 0h (injury-filtered)"
"pdam_00004932",1166.10087086985,0.36305136190772,0.131292658521183,2.76520687445099,0.0056886706110427,0.0363129854064868,"Grb14: Growth factor receptor-bound protein 14 (Rattus norvegicus)","Wounded 2h vs 0h (injury-filtered)"
"pdam_00004953",98.8212699489441,-1.1011619343032,0.351669457005053,-3.1312413187119,0.00174069061187993,0.0151484263198323,"unknown function","Wounded 2h vs 0h (injury-filtered)"
"pdam_00004969",25.2991901893921,-1.42381560683895,0.512960748312655,-2.77568139769462,0.00550861602913055,0.0354769771613126,"unknown function","Wounded 2h vs 0h (injury-filtered)"
"pdam_00005027",402.065617210982,-0.791155387225996,0.282893484761609,-2.79665467691027,0.00516346885675081,0.0338130290604033,"Proser1: Proline and serine-rich protein 1 (Mus musculus)","Wounded 2h vs 0h (injury-filtered)"
"pdam_00005047",1326.70291743589,0.560942374239094,0.170219640579634,3.29540335256828,0.000982805030434369,0.00976826082194183,"AGRN: Agrin (Homo sapiens)","Wounded 2h vs 0h (injury-filtered)"
"pdam_00005093",265.64660143412,-0.546664754496152,0.166332945488708,-3.28656931367372,0.00101415811600379,0.0100211681502991,"unknown function","Wounded 2h vs 0h (injury-filtered)"
"pdam_00005102",179.576501489812,1.38050209008919,0.341625242539293,4.04098385654394,5.3227422847764e-05,0.00102072811778755,"unknown function","Wounded 2h vs 0h (injury-filtered)"
"pdam_00005130",96.5574089964399,0.640835442516885,0.228015979369819,2.81048479272373,0.00494669265611518,0.0328705809676119,"Telo2: Telomere length regulation protein TEL2 homolog (Mus musculus)","Wounded 2h vs 0h (injury-filtered)"
"pdam_00005154",38.6436969040053,-1.22861701426165,0.449177001608439,-2.73526251313435,0.00623305453143377,0.0387733987252905,"unknown function","Wounded 2h vs 0h (injury-filtered)"
"pdam_00005161",68.4473211605726,-0.943133040537025,0.355393227615671,-2.65377324960437,0.00795972950476511,0.0463997288778283,"unknown function","Wounded 2h vs 0h (injury-filtered)"
"pdam_00005191",195.123878118778,0.684345729729432,0.234765570626773,2.91501742739525,0.0035566868107847,0.0260246857379825,"ZMYND12: Zinc finger MYND domain-containing protein 12 (Homo sapiens)","Wounded 2h vs 0h (injury-filtered)"
"pdam_00005301",330.517688110181,-0.778396357609555,0.2959341452536,-2.63030262000524,0.00853088917095505,0.0487999879702547,"unknown function","Wounded 2h vs 0h (injury-filtered)"
"pdam_00005368",1301.7877421416,0.554389089090121,0.153692176593116,3.60713929218276,0.000309591482025044,0.00397500425229563,"Mlxipl: Carbohydrate-responsive element-binding protein (Mus musculus)","Wounded 2h vs 0h (injury-filtered)"
"pdam_00005427",195.648914157232,0.590115209675831,0.189047016718828,3.12152616803002,0.00179916257461206,0.0155311395665404,"FBXW10: F-box/WD repeat-containing protein 10 (Homo sapiens)","Wounded 2h vs 0h (injury-filtered)"
"pdam_00005465",280.016699751934,-0.543294706669592,0.180648896276726,-3.00746208732629,0.00263438982597186,0.0207269294063614,"Lrriq1: Leucine-rich repeat and IQ domain-containing protein 1 (Mus musculus)","Wounded 2h vs 0h (injury-filtered)"
"pdam_00005585",136.392014991846,-0.777050523000333,0.238050858331733,-3.26422063102786,0.00109765652947628,0.0106618830262557,"CXorf57: Uncharacterized protein CXorf57 (Homo sapiens)","Wounded 2h vs 0h (injury-filtered)"
"pdam_00005591",274.291692539757,-0.964834193230339,0.338200169109583,-2.85284952923165,0.00433291327964275,0.0298566982581171,"unknown function","Wounded 2h vs 0h (injury-filtered)"
"pdam_00005595",4575.16952507832,-0.398076830984418,0.150668000275548,-2.64207947444978,0.00823987184454023,0.0476922224519911,"GTPBP4: Nucleolar GTP-binding protein 1 (Homo sapiens)","Wounded 2h vs 0h (injury-filtered)"
"pdam_00005626",145.764345842099,-0.836386328289129,0.314367234841766,-2.66053912619143,0.00780156624131567,0.0457421517240478,"Skeletal aspartic acid-rich protein 1 (Acropora millepora)","Wounded 2h vs 0h (injury-filtered)"
"pdam_00005634",83.2487529391574,-1.04276582944391,0.269143850704499,-3.87438102975198,0.000106896049112382,0.00173216055385887,"Ta0103: Isopentenyl phosphate kinase (Thermoplasma acidophilum (strain ATCC 25905 / DSM 1728 / JCM 9062 / NBRC 15155 / AMRC-C165))","Wounded 2h vs 0h (injury-filtered)"
"pdam_00005746",34.9898749835099,-1.41433466030438,0.382643946782694,-3.69621595270546,0.000218836846876211,0.00304030705254923,"unknown function","Wounded 2h vs 0h (injury-filtered)"
"pdam_00005768",25.2555278303696,2.88840264235087,0.549779424152487,5.25374816782837,1.49034628241627e-07,9.29108969663435e-06,"unknown function","Wounded 2h vs 0h (injury-filtered)"
"pdam_00005815",264.538701167608,0.584331538748017,0.163866861759842,3.56589204475273,0.000362620630550903,0.00449513238623621,"Sec22a: Vesicle-trafficking protein SEC22a (Rattus norvegicus)","Wounded 2h vs 0h (injury-filtered)"
"pdam_00005824",191.999516531943,-0.637556305754387,0.241890422647119,-2.63572364204135,0.00839580791653095,0.0482526754679875,"Mfn2: Mitofusin-2 (Mus musculus)","Wounded 2h vs 0h (injury-filtered)"
"pdam_00005830",182.577263755714,-0.764179457007262,0.265796031143971,-2.87505969791301,0.00403951113658462,0.0285358256117831,"mcmbp: Mini-chromosome maintenance complex-binding protein (Danio rerio)","Wounded 2h vs 0h (injury-filtered)"
"pdam_00005848",218.635122589875,-0.670787857724499,0.227900104905601,-2.94334159259096,0.00324689939121264,0.0243609816905687,"unknown function","Wounded 2h vs 0h (injury-filtered)"
"pdam_00005854",616.870696821333,0.516881477336156,0.176234702244708,2.93291542898542,0.00335795347257136,0.0249431344600361,"rxrg: Retinoic acid receptor RXR-gamma (Xenopus laevis)","Wounded 2h vs 0h (injury-filtered)"
"pdam_00005858",187.08933306236,0.721888830379985,0.210458269112112,3.43008062085425,0.000603401936193051,0.00672171721513558,"unknown function","Wounded 2h vs 0h (injury-filtered)"
"pdam_00005865",136.302709861852,-0.760796169665315,0.271039162993514,-2.80696029777631,0.00500114051208727,0.0330837193151104,"UOX: Uricase (Oryctolagus cuniculus)","Wounded 2h vs 0h (injury-filtered)"
"pdam_00005904",59.4134429469449,-1.35976152422777,0.433875565626685,-3.13398963194377,0.0017244694902854,0.0150225126735025,"Acot11: Acyl-coenzyme A thioesterase 11 (Mus musculus)","Wounded 2h vs 0h (injury-filtered)"
"pdam_00005930",36.8193114508781,-1.08173801819942,0.35901464084141,-3.0130749421923,0.00258615044490331,0.0205073835464488,"tctex1d1-b: Tctex1 domain-containing protein 1-B (Fragment) (Xenopus laevis)","Wounded 2h vs 0h (injury-filtered)"
"pdam_00005965",336.544853346443,0.79418522685129,0.208661313379323,3.80609713410339,0.000141176955667838,0.00215809755715529,"Ttll10: Protein polyglycylase TTLL10 (Rattus norvegicus)","Wounded 2h vs 0h (injury-filtered)"
"pdam_00005966",235.925049776855,-0.475750249217155,0.177761550385263,-2.67633944565662,0.00744312181199181,0.0442599296373608,"unknown function","Wounded 2h vs 0h (injury-filtered)"
"pdam_00005978",198.169286555757,-0.608314710918083,0.184552835760949,-3.29615477545971,0.000980179986434691,0.00975853988817441,"Gstk1: Glutathione S-transferase kappa 1 (Mus musculus)","Wounded 2h vs 0h (injury-filtered)"
"pdam_00006084",732.71425175021,0.526331595998835,0.149356266135456,3.52400076419618,0.00042508302316322,0.0050962401042729,"Usp4: Ubiquitin carboxyl-terminal hydrolase 4 (Rattus norvegicus)","Wounded 2h vs 0h (injury-filtered)"
"pdam_00006110",18.2209367995866,-1.94221042070598,0.726545290537468,-2.67321314445409,0.00751284987760165,0.044475241126244,"Sdk2: Protein sidekick-2 (Mus musculus)","Wounded 2h vs 0h (injury-filtered)"
"pdam_00006175",388.360321036947,1.29138434957084,0.346987500308358,3.72170279454801,0.000197883850785661,0.0028014209230961,"CACHD1: VWFA and cache domain-containing protein 1 (Homo sapiens)","Wounded 2h vs 0h (injury-filtered)"
"pdam_00006188",135.909138922611,-0.507980575668394,0.189183158052214,-2.68512578444321,0.00725025145198473,0.0433699619305046,"Mrps25: 28S ribosomal protein S25%2C mitochondrial (Mus musculus)","Wounded 2h vs 0h (injury-filtered)"
"pdam_00006209",289.395329480968,0.81065944955156,0.304971487500357,2.65814832788463,0.0078571303893073,0.0459579131334986,"aah2: Alpha-amylase 2 (Schizosaccharomyces pombe (strain 972 / ATCC 24843))","Wounded 2h vs 0h (injury-filtered)"
"pdam_00006235",277.681343675125,0.734148921727145,0.177381702223038,4.13880863993532,3.49113984588994e-05,0.000736188210552731,"unknown function","Wounded 2h vs 0h (injury-filtered)"
"pdam_00006284",23.5047241220997,-1.35372124232788,0.431264693397094,-3.13895680090237,0.00169550441091943,0.0148344324449981,"unknown function","Wounded 2h vs 0h (injury-filtered)"
"pdam_00006303",36.5490106638786,1.35039942287392,0.348013745478094,3.88030484548467,0.000104325624488728,0.00170015067132582,"unknown function","Wounded 2h vs 0h (injury-filtered)"
"pdam_00006314",775.233723898432,-0.553836512175462,0.200114981367061,-2.76759145363328,0.00564721986000758,0.0361658338737281,"sox3: Transcription factor Sox-3 (Danio rerio)","Wounded 2h vs 0h (injury-filtered)"
"pdam_00006393",126.136820715913,0.704776588170398,0.247596818469986,2.8464686764779,0.00442070781453498,0.0302670186790686,"cptp: Ceramide-1-phosphate transfer protein (Danio rerio)","Wounded 2h vs 0h (injury-filtered)"
"pdam_00006408",250.617269820189,0.517116916033696,0.184258817414058,2.80647039469299,0.00500875148325564,0.0331160954218799,"unknown function","Wounded 2h vs 0h (injury-filtered)"
"pdam_00006425",158.427106713097,-0.740474034513041,0.181266100231343,-4.0850111166291,4.40747064065255e-05,0.000877603677855369,"ZC3H10: Zinc finger CCCH domain-containing protein 10 (Homo sapiens)","Wounded 2h vs 0h (injury-filtered)"
"pdam_00006463",232.708813201834,-0.495375265696234,0.171575070496827,-2.88722169404789,0.00388660273097245,0.0277748717047902,"wdr45: WD repeat domain phosphoinositide-interacting protein 4 (Xenopus laevis)","Wounded 2h vs 0h (injury-filtered)"
"pdam_00006525",111.966190889977,-0.63176101742208,0.198868181722458,-3.17678279124496,0.00148918524125291,0.013486841931347,"Fibp: Acidic fibroblast growth factor intracellular-binding protein (Mus musculus)","Wounded 2h vs 0h (injury-filtered)"
"pdam_00006536",58.1407397949753,-0.991277093907711,0.321190146959465,-3.08626246256805,0.00202689822440599,0.0171058139289655,"Slc25a29: Mitochondrial basic amino acids transporter (Rattus norvegicus)","Wounded 2h vs 0h (injury-filtered)"
"pdam_00006566",1912.63426420334,0.63199915975639,0.23082025821144,2.73805758928428,0.0061803252317609,0.0385713490255948,"unknown function","Wounded 2h vs 0h (injury-filtered)"
"pdam_00006567",89.9152318342974,-1.18015364587264,0.337348902399625,-3.49831772825699,0.000468202996586042,0.00550539929593354,"unknown function","Wounded 2h vs 0h (injury-filtered)"
"pdam_00006624",37.0239345579518,1.13612178797838,0.411782864480676,2.759031241893,0.00579729923346341,0.0367970744385401,"Htr4: 5-hydroxytryptamine receptor 4 (Rattus norvegicus)","Wounded 2h vs 0h (injury-filtered)"
"pdam_00006642",229.097609656411,-0.723389504220424,0.223254764198259,-3.24019738982155,0.00119446981388113,0.0113703445248074,"Gmcl1: Germ cell-less protein-like 1 (Mus musculus)","Wounded 2h vs 0h (injury-filtered)"
"pdam_00006654",1155.44700358473,-0.523912653666156,0.16072263220553,-3.25973166614259,0.00111517664993596,0.0107710357670434,"Taldo: Probable transaldolase (Drosophila melanogaster)","Wounded 2h vs 0h (injury-filtered)"
"pdam_00006657",43.1890102452687,-1.17650505742402,0.313638821642201,-3.75114614722718,0.000176028051921862,0.00255848747895656,"btbd6: BTB/POZ domain-containing protein 6 (Xenopus laevis)","Wounded 2h vs 0h (injury-filtered)"
"pdam_00006682",404.333859299526,-0.530272497531138,0.172899292568382,-3.06694428678135,0.00216259160644309,0.0179716289388562,"PWP1: Periodic tryptophan protein 1 homolog (Bos taurus)","Wounded 2h vs 0h (injury-filtered)"
"pdam_00006732",68.4374603658148,-0.856980073388141,0.308092856887499,-2.78156424022862,0.00540976229725777,0.0350232074999567,"NEU1: Sialidase-1 (Bos taurus)","Wounded 2h vs 0h (injury-filtered)"
"pdam_00006748",9.08519929330047,-2.96611731843347,0.877959585521852,-3.37842124779631,0.000729033102765296,0.00778240567484946,"unknown function","Wounded 2h vs 0h (injury-filtered)"
"pdam_00006836",196.912432005858,-0.649730735759642,0.233291288955955,-2.78506213698494,0.00535174663145899,0.0347670876277882,"LIG4: DNA ligase 4 (Gallus gallus)","Wounded 2h vs 0h (injury-filtered)"
"pdam_00006855",107.777103237021,-1.6663313289802,0.487380152174516,-3.41895606857527,0.000628618747228538,0.00695292890482971,"unknown function","Wounded 2h vs 0h (injury-filtered)"
"pdam_00006952",345.340092633521,0.973117038599317,0.246494607509466,3.94782282838356,7.88651325492205e-05,0.00137971219020392,"unknown function","Wounded 2h vs 0h (injury-filtered)"
"pdam_00006984",127.249611802745,-0.859317170068708,0.276728665329078,-3.10526981021946,0.00190105526548017,0.0162623424978841,"unknown function","Wounded 2h vs 0h (injury-filtered)"
"pdam_00007060",15.691452898509,-1.9083502894479,0.549989678004348,-3.46979291751875,0.00052085977768649,0.00597698797098874,"Histone H2B (Acropora formosa)","Wounded 2h vs 0h (injury-filtered)"
"pdam_00007061",549.955640253908,0.770735608931034,0.230200812563103,3.34810116588863,0.000813673032942322,0.00848000636885299,"Atp6v1f: V-type proton ATPase subunit F (Rattus norvegicus)","Wounded 2h vs 0h (injury-filtered)"
"pdam_00007144",74.8712194639125,0.797199672834611,0.287042088267728,2.77729192135424,0.00548139241000605,0.0353281922846405,"DPAGT1: UDP-N-acetylglucosamine--dolichyl-phosphate N-acetylglucosaminephosphotransferase (Cricetulus griseus)","Wounded 2h vs 0h (injury-filtered)"
"pdam_00007157",239.999340789528,0.623225189741717,0.227872313491708,2.73497547899515,0.00623849231676029,0.0387931491761112,"CRBN: Protein cereblon (Gallus gallus)","Wounded 2h vs 0h (injury-filtered)"
"pdam_00007213",866.716631469808,0.886361236213394,0.251507883318948,3.52418868353864,0.000424781648272763,0.00509619074736756,"PEAMT: Phosphoethanolamine N-methyltransferase (Spinacia oleracea)","Wounded 2h vs 0h (injury-filtered)"
"pdam_00007220",71.659044817421,-0.962924191737673,0.294159783181438,-3.27347328490428,0.0010623443238117,0.0104013883994448,"ddaC: Dapdiamide synthesis protein DdaC (Enterobacter agglomerans)","Wounded 2h vs 0h (injury-filtered)"
"pdam_00007274",210.044336810811,0.885651596867165,0.335162502375119,2.64245430378107,0.00823075710956964,0.0476922224519911,"unknown function","Wounded 2h vs 0h (injury-filtered)"
"pdam_00007336",147.349447320315,0.663327748149413,0.231120933411485,2.87004616309866,0.00410411877010614,0.0288128633065928,"licD: Lipopolysaccharide cholinephosphotransferase LicD (Haemophilus influenzae (strain ATCC 51907 / DSM 11121 / KW20 / Rd))","Wounded 2h vs 0h (injury-filtered)"
"pdam_00007348",61.3085226833474,-1.16654382225481,0.368963571349348,-3.16167750108392,0.00156863183908516,0.0140211805262127,"unknown function","Wounded 2h vs 0h (injury-filtered)"
"pdam_00007357",572.744744318672,0.357402400444592,0.13041229826704,2.7405574872452,0.00613350512975642,0.0383909499614984,"chuk: Inhibitor of nuclear factor kappa-B kinase subunit alpha (Xenopus tropicalis)","Wounded 2h vs 0h (injury-filtered)"
"pdam_00007394",632.588523511765,0.598933928689707,0.1616702389385,3.7046640904486,0.000211671048172384,0.00296477814531646,"efnb2a: Ephrin-B2a (Danio rerio)","Wounded 2h vs 0h (injury-filtered)"
"pdam_00007397",583.587303671248,0.460998936472041,0.162690063678509,2.83360228675686,0.00460265752956291,0.0312135920438396,"bcpC: Phosphonopyruvate decarboxylase (Streptomyces hygroscopicus)","Wounded 2h vs 0h (injury-filtered)"
"pdam_00007425",556.556291663643,0.447249912031891,0.139462537234049,3.20695378774952,0.00134148543633736,0.0124177493283363,"HSPA12A: Heat shock 70 kDa protein 12A (Homo sapiens)","Wounded 2h vs 0h (injury-filtered)"
"pdam_00007460",245.510176360964,0.839951810704177,0.239122513737346,3.51264210791454,0.000443674669378947,0.00527486722041101,"C5orf49: Uncharacterized protein C5orf49 (Homo sapiens)","Wounded 2h vs 0h (injury-filtered)"
"pdam_00007461",7112.25634132143,-0.366608361813596,0.134073429027683,-2.73438491483574,0.00624969383284927,0.0388487132234836,"RPL44: 60S ribosomal protein L44 (Gossypium hirsutum)","Wounded 2h vs 0h (injury-filtered)"
"pdam_00007567",85.40192931585,1.17072825920957,0.438376171224127,2.67060195343285,0.00757153740023375,0.0447293713067976,"tld: Dorsal-ventral patterning protein tolloid (Drosophila melanogaster)","Wounded 2h vs 0h (injury-filtered)"
"pdam_00007571",119.691977832459,0.957481467130339,0.319092510761334,3.00063910884606,0.00269413662382721,0.0210856338163423,"MAM and LDL-receptor class A domain-containing protein 1 (Fragment) (Acropora millepora)","Wounded 2h vs 0h (injury-filtered)"
"pdam_00007663",282.76435497156,2.35608327491376,0.65136160784636,3.61716632747796,0.000297845920699902,0.00387131953334278,"MFSD12: Major facilitator superfamily domain-containing protein 12 (Homo sapiens)","Wounded 2h vs 0h (injury-filtered)"
"pdam_00007690",296.472145943891,-0.891492469074766,0.246029253638688,-3.6235222270925,0.000290618216724963,0.00380623277886384,"SIX6: Homeobox protein SIX6 (Homo sapiens)","Wounded 2h vs 0h (injury-filtered)"
"pdam_00007745",116.125804369259,0.742501038142293,0.259277644683156,2.86372949372341,0.00418685396539496,0.0292380547383834,"Notch1: Neurogenic locus notch homolog protein 1 (Mus musculus)","Wounded 2h vs 0h (injury-filtered)"
"pdam_00007774",369.916403968379,1.24107244287896,0.306523021556095,4.04887188106957,5.14651070371464e-05,0.000994721302192601,"Pkd1l2: Polycystic kidney disease protein 1-like 2 (Mus musculus)","Wounded 2h vs 0h (injury-filtered)"
"pdam_00007826",364.435876861662,0.462769419595109,0.145089683389392,3.18954048823118,0.00142499176300638,0.0130085510037175,"egt-2: Hercynylcysteine sulfoxide lyase (Neurospora crassa (strain ATCC 24698 / 74-OR23-1A / CBS 708.71 / DSM 1257 / FGSC 987))","Wounded 2h vs 0h (injury-filtered)"
"pdam_00007836",8.07415501815137,1.97394015071306,0.701281390536804,2.81476191632874,0.00488133825036138,0.0325371939985208,"unknown function","Wounded 2h vs 0h (injury-filtered)"
"pdam_00007846",151.858832385523,-0.488578669145435,0.180386762644699,-2.70850622286387,0.00675868446451031,0.0412498705801227,"NDOR1: NADPH-dependent diflavin oxidoreductase 1 (Bos taurus)","Wounded 2h vs 0h (injury-filtered)"
"pdam_00007895",412.168944069647,0.865939625377574,0.312868978122036,2.76773884894338,0.00564466667495435,0.036162991582742,"unknown function","Wounded 2h vs 0h (injury-filtered)"
"pdam_00007956",1145.9169333396,-0.546780293056433,0.139681768584005,-3.91447143459955,9.06024626046124e-05,0.00152432641697103,"Sgce: Epsilon-sarcoglycan (Mus musculus)","Wounded 2h vs 0h (injury-filtered)"
"pdam_00007961",260.249418459483,-0.526926794547861,0.16384133980503,-3.21607962419559,0.00129954770086421,0.0121480075156031,"GRHPR: Glyoxylate reductase/hydroxypyruvate reductase (Homo sapiens)","Wounded 2h vs 0h (injury-filtered)"
"pdam_00007990",59.1584624353567,-0.941865218209793,0.327800478485318,-2.87328811282373,0.00406223468434776,0.0286008014079909,"Profilin-2 (Acanthamoeba castellanii)","Wounded 2h vs 0h (injury-filtered)"
"pdam_00007997",328.465600770083,0.643844720743325,0.160469910433758,4.012245778682,6.01438333887763e-05,0.00112689167171277,"NME7: Nucleoside diphosphate kinase 7 (Homo sapiens)","Wounded 2h vs 0h (injury-filtered)"
"pdam_00008076",312.886253548145,0.704258294960055,0.208937802658731,3.37066000502722,0.000749883442656225,0.00793580354376439,"chordc1: Cysteine and histidine-rich domain-containing protein 1 (Xenopus laevis)","Wounded 2h vs 0h (injury-filtered)"
"pdam_00008090",62.3286290536178,-0.96867559400213,0.357601511070583,-2.70881292168515,0.00675244024248107,0.0412264371499628,"unknown function","Wounded 2h vs 0h (injury-filtered)"
"pdam_00008110",79.4084993556372,-0.795316319030215,0.2509799895621,-3.16884354174153,0.00153046758074839,0.01377340483168,"hgh1: Protein HGH1 homolog (Danio rerio)","Wounded 2h vs 0h (injury-filtered)"
"pdam_00008152",360.878297606876,0.762238193534382,0.283704361849016,2.68673413607943,0.0072154358873467,0.0432506037784204,"Crhr1: Corticotropin-releasing factor receptor 1 (Rattus norvegicus)","Wounded 2h vs 0h (injury-filtered)"
"pdam_00008160",3377.64236263315,-0.685957763001802,0.227856041111071,-3.01048749753105,0.00260828685770995,0.0206160953062324,"unknown function","Wounded 2h vs 0h (injury-filtered)"
"pdam_00008204",128.399050868211,3.02479018755922,0.723385015163067,4.18143882463111,2.89670192096101e-05,0.000628620983961464,"unknown function","Wounded 2h vs 0h (injury-filtered)"
"pdam_00008221",4726.12185702947,0.406394245986004,0.139999003493802,2.90283670486265,0.00369799401859691,0.0268069384586999,"Ndfip1: NEDD4 family-interacting protein 1 (Rattus norvegicus)","Wounded 2h vs 0h (injury-filtered)"
"pdam_00008395",295.660394583977,-0.716131896412899,0.256984845682408,-2.78666975288466,0.00532527185635704,0.0346657686952094,"Dlgap5: Disks large-associated protein 5 (Mus musculus)","Wounded 2h vs 0h (injury-filtered)"
"pdam_00008407",55.8140989756778,-0.886709931951107,0.310061884325783,-2.85978372955845,0.00423930005505612,0.0294961688895626,"unknown function","Wounded 2h vs 0h (injury-filtered)"
"pdam_00008429",1069.92091444641,-0.856378287149293,0.315289975253959,-2.7161608498954,0.00660438224479515,0.0404810615676683,"COL9A1: Collagen alpha-1(IX) chain (Homo sapiens)","Wounded 2h vs 0h (injury-filtered)"
"pdam_00008452",316.293420605257,0.684543346999798,0.212482072235429,3.2216522542256,0.00127453723950315,0.0119729679090641,"ISCW010018: Uncharacterized protein NCBP2-AS2 homolog (Ixodes scapularis)","Wounded 2h vs 0h (injury-filtered)"
"pdam_00008551",479.785688172233,0.435951040453681,0.162181546117144,2.68804343583451,0.00718720469202811,0.0431584718879614,"nop16: Nucleolar protein 16 (Tetraodon nigroviridis)","Wounded 2h vs 0h (injury-filtered)"
"pdam_00008561",369.989166414408,-0.513687222343116,0.194596720403134,-2.63975272182873,0.00829665387587165,0.0478271129952736,"Pan2: PAB-dependent poly(A)-specific ribonuclease subunit PAN2 (Mus musculus)","Wounded 2h vs 0h (injury-filtered)"
"pdam_00008596",107.945437745587,0.708024166985186,0.256061823751926,2.76505164499306,0.00569137842902648,0.0363129854064868,"yugO: Putative potassium channel protein YugO (Bacillus subtilis (strain 168))","Wounded 2h vs 0h (injury-filtered)"
"pdam_00008609",21.8202943140104,1.50750684983288,0.51222458507952,2.943058364914,0.003249871425614,0.0243718051756359,"unknown function","Wounded 2h vs 0h (injury-filtered)"
"pdam_00008670",58.8296250312623,0.900619505283318,0.336786058038632,2.67415911017317,0.00749168979620833,0.0444113173811188,"unknown function","Wounded 2h vs 0h (injury-filtered)"
"pdam_00008677",26.2585292365754,1.25371318232143,0.413710121801038,3.03041457352685,0.0024421826247744,0.0196382640333641,"zmynd10: Zinc finger MYND domain-containing protein 10 (Danio rerio)","Wounded 2h vs 0h (injury-filtered)"
"pdam_00008722",593.416403668364,0.546649460576412,0.169328678837544,3.22833358370955,0.00124513682597086,0.0117685218022383,"TUSC2: Tumor suppressor candidate 2 (Homo sapiens)","Wounded 2h vs 0h (injury-filtered)"
"pdam_00008818",149.939987649423,-0.640202188620328,0.240899593377187,-2.65754781751722,0.00787114233816846,0.0460084774106922,"Ttn: Titin (Mus musculus)","Wounded 2h vs 0h (injury-filtered)"
"pdam_00008857",18.1032085934353,-1.98967835527174,0.753807866142324,-2.63950330666366,0.0083027613267032,0.0478462319949579,"unknown function","Wounded 2h vs 0h (injury-filtered)"
"pdam_00008920",757.030782173224,-0.785764575656983,0.249936533597624,-3.1438564196541,0.0016673722778721,0.0146516813592205,"Sox4: Transcription factor SOX-4 (Mus musculus)","Wounded 2h vs 0h (injury-filtered)"
"pdam_00008960",58.8376257695573,1.16690842631069,0.362785477458804,3.21652463732702,0.00129753392234657,0.0121358000898579,"unknown function","Wounded 2h vs 0h (injury-filtered)"
"pdam_00008961",467.229424826196,-0.587053218679097,0.184599377217244,-3.1801473413869,0.00147200186537531,0.0133583694650323,"RPL13A: 60S ribosomal protein L13a (Pongo abelii)","Wounded 2h vs 0h (injury-filtered)"
"pdam_00008969",327.670981487843,0.709251723864263,0.220942682545937,3.21011637810996,0.00132681241481815,0.0123356139043614,"Park2: E3 ubiquitin-protein ligase parkin (Mus musculus)","Wounded 2h vs 0h (injury-filtered)"
"pdam_00008986",177.122627750051,-0.701941339860232,0.198545185105937,-3.53542363409972,0.000407121900007917,0.00491874408297092,"COX19: Cytochrome c oxidase assembly protein COX19 (Bos taurus)","Wounded 2h vs 0h (injury-filtered)"
"pdam_00009016",138.798941556883,-0.631862828611889,0.189155857161884,-3.34043490956311,0.000836472859165584,0.00864927062577489,"Ryncolin-4 (Cerberus rynchops)","Wounded 2h vs 0h (injury-filtered)"
"pdam_00009027",309.97600477039,0.68368324214878,0.153014241676033,4.46810201887154,7.89166697183448e-06,0.000226624352705411,"unknown function","Wounded 2h vs 0h (injury-filtered)"
"pdam_00009058",886.172254093413,1.45435147168812,0.514185603941437,2.82845622386146,0.00467730975090028,0.0316073308511764,"thbs1: Thrombospondin-1 (Xenopus laevis)","Wounded 2h vs 0h (injury-filtered)"
"pdam_00009070",92.476341413947,0.593369294691461,0.225968488360013,2.62589398636019,0.0086421729130451,0.0492067128599286,"Ubox5: RING finger protein 37 (Mus musculus)","Wounded 2h vs 0h (injury-filtered)"
"pdam_00009092",304.687055948389,-0.600786873464343,0.172807146584831,-3.47663210311396,0.000507754020988471,0.00584713325056299,"Mogs: Mannosyl-oligosaccharide glucosidase (Mus musculus)","Wounded 2h vs 0h (injury-filtered)"
"pdam_00009097",19.9084937142845,1.3908392420154,0.502883137328786,2.76573052221091,0.00567954468473968,0.0362915072960034,"unknown function","Wounded 2h vs 0h (injury-filtered)"
"pdam_00009105",1518.97558169703,0.588559595664713,0.19367098312024,3.03896632413595,0.00237391389038198,0.0192154767406557,"DAD1: Dolichyl-diphosphooligosaccharide--protein glycosyltransferase subunit DAD1 (Sus scrofa)","Wounded 2h vs 0h (injury-filtered)"
"pdam_00009110",1225.77570346516,0.472642661760749,0.151780166695874,3.11399487857854,0.00184572693566681,0.0158851117394939,"Amfr: E3 ubiquitin-protein ligase AMFR (Mus musculus)","Wounded 2h vs 0h (injury-filtered)"
"pdam_00009111",39.1335803792326,-2.83149723303694,0.809674106187729,-3.49708260570264,0.000470376155024226,0.00551971827105508,"unknown function","Wounded 2h vs 0h (injury-filtered)"
"pdam_00009116",207.612934843315,-0.622011107108475,0.204965493058426,-3.0347113449539,0.00240765999341506,0.019442733361803,"TrpA1: Transient receptor potential cation channel subfamily A member 1 (Drosophila melanogaster)","Wounded 2h vs 0h (injury-filtered)"
"pdam_00009119",420.627917917569,-0.478717957572626,0.172297898303963,-2.77843178753164,0.00546219804174931,0.0352442315497743,"Sowaha: Ankyrin repeat domain-containing protein SOWAHA (Mus musculus)","Wounded 2h vs 0h (injury-filtered)"
"pdam_00009216",418.323560588857,-0.418816881278769,0.154718940047488,-2.7069528859894,0.00679038933562862,0.0413922605328751,"POMGNT1: Protein O-linked-mannose beta-1%2C2-N-acetylglucosaminyltransferase 1 (Bos taurus)","Wounded 2h vs 0h (injury-filtered)"
"pdam_00009220",25.9015399717119,-1.42245980380113,0.437499660497626,-3.25133921745946,0.00114862722318155,0.011038153090933,"POMGNT1: Protein O-linked-mannose beta-1%2C2-N-acetylglucosaminyltransferase 1 (Bos taurus)","Wounded 2h vs 0h (injury-filtered)"
"pdam_00009245",44.4886369607424,-1.17877607034452,0.381909001443881,-3.0865364940023,0.00202503087381944,0.0171020341383056,"unknown function","Wounded 2h vs 0h (injury-filtered)"
"pdam_00009291",811.582931277864,-0.353896256227438,0.101554875735755,-3.48477858560208,0.000492544432467912,0.00571420169482184,"IPO13: Importin-13 (Gallus gallus)","Wounded 2h vs 0h (injury-filtered)"
"pdam_00009300",121.002044697284,-0.822147478658575,0.270206521773061,-3.0426633423344,0.00234494513640225,0.0190628796454681,"CYP4B1: Cytochrome P450 4B1 (Homo sapiens)","Wounded 2h vs 0h (injury-filtered)"
"pdam_00009301",57.3193521802114,-0.857708165405739,0.324726442026057,-2.64132529539098,0.00825823861102325,0.0477079264164135,"unknown function","Wounded 2h vs 0h (injury-filtered)"
"pdam_00009340",154.605717072229,-0.887966705180228,0.246017905605852,-3.60935803836509,0.000306955701295594,0.003953813927956,"Asb13: Ankyrin repeat and SOCS box protein 13 (Mus musculus)","Wounded 2h vs 0h (injury-filtered)"
"pdam_00009424",181.578288712851,-0.918644090052487,0.275738535885703,-3.33157673120189,0.00086355489886192,0.00885737881182597,"HGSNAT: Heparan-alpha-glucosaminide N-acetyltransferase (Homo sapiens)","Wounded 2h vs 0h (injury-filtered)"
"pdam_00009441",4123.25042861616,0.355647632837876,0.110518740539914,3.2179848512609,0.00129094635809566,0.0120939805263344,"ftt-2: 14-3-3-like protein 2 (Caenorhabditis elegans)","Wounded 2h vs 0h (injury-filtered)"
"pdam_00009449",487.350734368892,-0.3915690308404,0.147634333087871,-2.65228976655003,0.00799478979390832,0.0465096053817688,"CRIP1: Cysteine-rich protein 1 (Homo sapiens)","Wounded 2h vs 0h (injury-filtered)"
"pdam_00009453",168.09679958939,-0.754637424658816,0.234261948002862,-3.22134017535617,0.00127592604732496,0.0119794502493643,"ABHD3: Phospholipase ABHD3 (Homo sapiens)","Wounded 2h vs 0h (injury-filtered)"
"pdam_00009468",24.2791158113976,-1.67250538925873,0.472672361139015,-3.5384031874181,0.000402554868914884,0.00487731496302245,"TTC28: Tetratricopeptide repeat protein 28 (Homo sapiens)","Wounded 2h vs 0h (injury-filtered)"
"pdam_00009504",21.380928204532,1.96277818647625,0.708219888378984,2.77142483384471,0.00558115563949864,0.035836143244493,"Ctrc: Chymotrypsin-C (Mus musculus)","Wounded 2h vs 0h (injury-filtered)"
"pdam_00009542",157.513192266284,-0.780972319229414,0.200740525208777,-3.8904566898845,0.000100055734748641,0.00163991923186491,"SCLT1: Sodium channel and clathrin linker 1 (Homo sapiens)","Wounded 2h vs 0h (injury-filtered)"
"pdam_00009553",173.084588667281,-0.585180881236478,0.201292136305415,-2.90712241410464,0.00364770420444846,0.0265433959597047,"KIAA0391: Mitochondrial ribonuclease P protein 3 (Homo sapiens)","Wounded 2h vs 0h (injury-filtered)"
"pdam_00009563",235.387088508279,1.22259191292827,0.370339577258535,3.30127263734163,0.000962473068574511,0.00962136343302707,"unknown function","Wounded 2h vs 0h (injury-filtered)"
"pdam_00009588",11.5688022933834,-1.8961255529388,0.659806976331049,-2.8737579640071,0.00405619677751263,0.0285817663599164,"TTC28: Tetratricopeptide repeat protein 28 (Homo sapiens)","Wounded 2h vs 0h (injury-filtered)"
"pdam_00009649",3965.36497696166,-0.537712880983193,0.189007390881752,-2.84493044676544,0.0044421121575583,0.0303797968459583,"unknown function","Wounded 2h vs 0h (injury-filtered)"
"pdam_00009659",299.010678248063,-0.795677986259957,0.22678419489903,-3.50852486265286,0.000450599115284207,0.00533190809472163,"selenoo: Selenoprotein O (Danio rerio)","Wounded 2h vs 0h (injury-filtered)"
"pdam_00009677",25.071152110987,-1.41819837364927,0.494652593854254,-2.86705940951182,0.00414305231088338,0.0290149055628205,"Slc12a2: Solute carrier family 12 member 2 (Mus musculus)","Wounded 2h vs 0h (injury-filtered)"
"pdam_00009678",96.6443810747536,-0.758736095437586,0.257197202387898,-2.9500169068452,0.00317756540739807,0.023945574217333,"SLC12A2: Solute carrier family 12 member 2 (Squalus acanthias)","Wounded 2h vs 0h (injury-filtered)"
"pdam_00009783",167.143593804087,-0.730584944623808,0.237723367599272,-3.07325675217317,0.00211736228290121,0.0176987123247481,"unknown function","Wounded 2h vs 0h (injury-filtered)"
"pdam_00009836",1096.32278046497,-0.542514031191533,0.115666033052847,-4.69034872963667,2.72739804281358e-06,9.52311854297272e-05,"litaf: Lipopolysaccharide-induced tumor necrosis factor-alpha factor homolog (Danio rerio)","Wounded 2h vs 0h (injury-filtered)"
"pdam_00009925",336.61500510485,0.640335243949123,0.210861107258822,3.03676316734476,0.00239133261440271,0.0193473366405475,"PPP1R32: Protein phosphatase 1 regulatory subunit 32 (Homo sapiens)","Wounded 2h vs 0h (injury-filtered)"
"pdam_00009953",90.8229133772128,-0.769650736275846,0.27296467493264,-2.81959831053514,0.00480837993647643,0.0321634278700554,"unknown function","Wounded 2h vs 0h (injury-filtered)"
"pdam_00010000",102.931798070522,1.10957550449418,0.379680953779182,2.92238916240054,0.00347357227696458,0.0255364164306522,"Adora2a: Adenosine receptor A2a (Mus musculus)","Wounded 2h vs 0h (injury-filtered)"
"pdam_00010096",94.6622362853262,-0.69523943152527,0.233239318000066,-2.98079859556558,0.00287497805377044,0.0221721204470717,"surf1: Surfeit locus protein 1 (Xenopus tropicalis)","Wounded 2h vs 0h (injury-filtered)"
"pdam_00010097",120.852029562536,-1.41704017066283,0.358063102773027,-3.95751519687041,7.57334706369211e-05,0.00134407310621053,"Aequorin-2 (Aequorea victoria)","Wounded 2h vs 0h (injury-filtered)"
"pdam_00010141",83.1035988139699,-0.670667785140944,0.2481335348904,-2.70285024326589,0.00687477128019891,0.0417502935982041,"GART: Trifunctional purine biosynthetic protein adenosine-3 (Gallus gallus)","Wounded 2h vs 0h (injury-filtered)"
"pdam_00010155",1606.98426015021,0.363617531705128,0.128979938340449,2.81917898538098,0.00481466627736916,0.0321929167937663,"TFG: Protein TFG (Homo sapiens)","Wounded 2h vs 0h (injury-filtered)"
"pdam_00010183",219.428820814283,0.586540546122299,0.17750302827442,3.30439740563472,0.000951808056306312,0.00955934230657024,"MTMR10: Myotubularin-related protein 10 (Homo sapiens)","Wounded 2h vs 0h (injury-filtered)"
"pdam_00010191",101.90373382953,-0.969086817537098,0.368732549405533,-2.62815642150239,0.00858490295443814,0.0489945327066869,"Hlx: H2.0-like homeobox protein (Mus musculus)","Wounded 2h vs 0h (injury-filtered)"
"pdam_00010218",100.370461943824,0.818677119320721,0.30796513552779,2.65834350994853,0.00785258094198344,0.0459469787267454,"TMEM244: Transmembrane protein 244 (Homo sapiens)","Wounded 2h vs 0h (injury-filtered)"
"pdam_00010219",363.377887509847,0.888510837519282,0.235743573950767,3.76897161024987,0.000163921528728082,0.00241847735672482,"TEKT2: Tektin-2 (Homo sapiens)","Wounded 2h vs 0h (injury-filtered)"
"pdam_00010329",40.2647087550975,1.37076255883096,0.513086808560933,2.671599690266,0.00754906453371766,0.0446433812921889,"unknown function","Wounded 2h vs 0h (injury-filtered)"
"pdam_00010344",56.2543253759657,3.11487667294175,1.05007713751092,2.96633129288499,0.00301375656140096,0.0230345133522749,"wnt8b: Protein Wnt-8b (Danio rerio)","Wounded 2h vs 0h (injury-filtered)"
"pdam_00010345",52.2810092405116,2.40062335852915,0.614705914624864,3.90532009114338,9.41007447647602e-05,0.0015662749206282,"wnt8b: Protein Wnt-8b (Danio rerio)","Wounded 2h vs 0h (injury-filtered)"
"pdam_00010350",793.472066733201,0.464699686853945,0.16919837624829,2.74647840693235,0.00602388512460035,0.0378985271839077,"Antxr2: Anthrax toxin receptor 2 (Mus musculus)","Wounded 2h vs 0h (injury-filtered)"
"pdam_00010392",1696.22834765688,-0.623270980484032,0.211597686886858,-2.9455472300002,0.00322383925141858,0.0242410088273334,"LWamide neuropeptides (Anthopleura elegantissima)","Wounded 2h vs 0h (injury-filtered)"
"pdam_00010393",194.321271820024,-0.534255526318406,0.196175169841891,-2.72335957067855,0.00646216820011544,0.0397514932266879,"unknown function","Wounded 2h vs 0h (injury-filtered)"
"pdam_00010407",205.543603951988,-0.835904678786504,0.176348983823345,-4.74005951530663,2.13655452088704e-06,7.98019405361381e-05,"Sdhaf4: Succinate dehydrogenase assembly factor 4%2C mitochondrial (Mus musculus)","Wounded 2h vs 0h (injury-filtered)"
"pdam_00010420",1086.57281790447,-0.632239495849438,0.22743638861286,-2.77985198281366,0.00543836807091669,0.0351499702165192,"PF13_0198: Reticulocyte-binding protein 2 homolog a (Plasmodium falciparum (isolate 3D7))","Wounded 2h vs 0h (injury-filtered)"
"pdam_00010473",128.414170937997,0.810910206277365,0.264078312646836,3.07071867488729,0.00213544250709915,0.0178118369328388,"Slc35b3: Adenosine 3'-phospho 5'-phosphosulfate transporter 2 (Mus musculus)","Wounded 2h vs 0h (injury-filtered)"
"pdam_00010489",107.817759789046,-0.657523037654437,0.245253688006153,-2.6809914378859,0.00734043940633714,0.0438177204673551,"Ester hydrolase C11orf54 homolog (Bos taurus)","Wounded 2h vs 0h (injury-filtered)"
"pdam_00010551",144.509241116403,-0.707548239752814,0.23840746072292,-2.96781081266217,0.00299928874126417,0.0229552706161754,"poc5: Centrosomal protein POC5 (Xenopus laevis)","Wounded 2h vs 0h (injury-filtered)"
"pdam_00010556",158.272508872715,0.572954689859147,0.192004809675876,2.98406425769413,0.00284447028499113,0.0219819985202196,"RNF180: E3 ubiquitin-protein ligase RNF180 (Pongo abelii)","Wounded 2h vs 0h (injury-filtered)"
"pdam_00010575",811.470616142491,0.409976129107087,0.125121751299647,3.27661757327275,0.00105058561381682,0.0103216273715046,"unknown function","Wounded 2h vs 0h (injury-filtered)"
"pdam_00010593",169.977043518473,1.24072363770235,0.43448057953523,2.85564809140507,0.00429490880529706,0.0297212751981926,"Robo2: Roundabout homolog 2 (Mus musculus)","Wounded 2h vs 0h (injury-filtered)"
"pdam_00010608",1045.21366302206,-0.403840252834429,0.140751288027956,-2.86917625048105,0.00411542402218499,0.0288685881490751,"Myo1b: Unconventional myosin-Ib (Rattus norvegicus)","Wounded 2h vs 0h (injury-filtered)"
"pdam_00010610",220.324634653497,-0.604883051630768,0.209868510423791,-2.88220014717462,0.00394908801662014,0.0280809477216655,"LCT: Lactase-phlorizin hydrolase (Homo sapiens)","Wounded 2h vs 0h (injury-filtered)"
"pdam_00010658",174.730654688985,-0.742188432589484,0.215635121738104,-3.44187174430192,0.000577704085499541,0.00652018356932464,"Colec12: Collectin-12 (Rattus norvegicus)","Wounded 2h vs 0h (injury-filtered)"
"pdam_00010667",12.0889910772924,-2.31040861077597,0.683297908541752,-3.38126106035753,0.000721539554898694,0.00773778940499496,"unknown function","Wounded 2h vs 0h (injury-filtered)"
"pdam_00010670",5113.12605308658,-0.238366312614139,0.0744907986799013,-3.1999430377762,0.00137454750651847,0.0126558767195235,"Flo1: Flotillin-1 (Drosophila melanogaster)","Wounded 2h vs 0h (injury-filtered)"
"pdam_00010678",17.9831884357577,-1.83546739946973,0.643826731890369,-2.85087168418828,0.00435995601806395,0.0299534275311141,"unknown function","Wounded 2h vs 0h (injury-filtered)"
"pdam_00010723",456.709202776647,0.583203415026097,0.190902594918249,3.05497898169402,0.00225076295012282,0.0184725204057842,"CCDC151: Coiled-coil domain-containing protein 151 (Bos taurus)","Wounded 2h vs 0h (injury-filtered)"
"pdam_00010750",276.387368064932,1.75166911171537,0.616597835742438,2.84086159596426,0.00449918340935065,0.0306817821678232,"Ptchd3: Patched domain-containing protein 3 (Mus musculus)","Wounded 2h vs 0h (injury-filtered)"
"pdam_00010758",717.80730902803,-0.688857966156192,0.251239247578187,-2.74184058739395,0.00610959846134757,0.0382692568583641,"SPTBN1: Spectrin beta chain%2C non-erythrocytic 1 (Homo sapiens)","Wounded 2h vs 0h (injury-filtered)"
"pdam_00010771",53.6329717283666,-1.78523362173935,0.479627539741612,-3.72212492781609,0.000197553232765264,0.00279905175415512,"unknown function","Wounded 2h vs 0h (injury-filtered)"
"pdam_00010796",247.835821162077,0.693135087570493,0.157362556547642,4.40470149174683,1.059296422657e-05,0.000286444445899553,"MKNK2: MAP kinase-interacting serine/threonine-protein kinase 2 (Homo sapiens)","Wounded 2h vs 0h (injury-filtered)"
"pdam_00010797",403.811487088074,-0.476394979089672,0.169719904807286,-2.80694818695904,0.0050013285355787,0.0330837193151104,"Sptlc1: Serine palmitoyltransferase 1 (Mus musculus)","Wounded 2h vs 0h (injury-filtered)"
"pdam_00010905",1085.22906302599,-0.332476659787375,0.124728527568166,-2.66560237877956,0.00768505280517177,0.0451671392841498,"PSMB6: Proteasome subunit beta type-6 (Bos taurus)","Wounded 2h vs 0h (injury-filtered)"
"pdam_00010937",133.476449803484,-0.851244637565498,0.269848566022741,-3.15452718579117,0.00160758400153687,0.0142652278065984,"THNSL1: Threonine synthase-like 1 (Pongo abelii)","Wounded 2h vs 0h (injury-filtered)"
"pdam_00010943",229.504962194737,0.757148565054954,0.262661280835471,2.88260440460285,0.00394402410551341,0.028068223024044,"unknown function","Wounded 2h vs 0h (injury-filtered)"
"pdam_00010948",52.8019670955601,0.950328236173817,0.341295598603714,2.78447258054818,0.00536148539902138,0.0348171612427358,"NPFFR2: Neuropeptide FF receptor 2 (Homo sapiens)","Wounded 2h vs 0h (injury-filtered)"
"pdam_00010989",783.08247947707,-0.395639577783371,0.149766060365693,-2.64171720092865,0.00824868984180235,0.0476949540127688,"Phb2: Prohibitin-2 (Rattus norvegicus)","Wounded 2h vs 0h (injury-filtered)"
"pdam_00010990",159.937781954257,-0.454372926526313,0.172244138078088,-2.63795872298609,0.00834067334792648,0.048016287399883,"KLHL17: Kelch-like protein 17 (Homo sapiens)","Wounded 2h vs 0h (injury-filtered)"
"pdam_00011063",313.468653381508,0.862976894540116,0.229071377550283,3.7672838211779,0.000165033341357581,0.00243101167756166,"PLEKHG7: Pleckstrin homology domain-containing family G member 7 (Homo sapiens)","Wounded 2h vs 0h (injury-filtered)"
"pdam_00011080",349.185433305689,0.786527769092015,0.23608907181879,3.33148740444756,0.000863832091307339,0.00885737881182597,"March8: E3 ubiquitin-protein ligase MARCH8 (Mus musculus)","Wounded 2h vs 0h (injury-filtered)"
"pdam_00011129",145.918978398614,0.764878974909627,0.263348243957539,2.90443924521841,0.00367911600262517,0.0267039647540245,"unknown function","Wounded 2h vs 0h (injury-filtered)"
"pdam_00011170",15.9642054941295,1.40222025742813,0.52352204386442,2.67843593954044,0.00739668794903961,0.0440614378729448,"unknown function","Wounded 2h vs 0h (injury-filtered)"
"pdam_00011207",34.264322849186,-1.22920842629836,0.402513476266338,-3.05383173179774,0.00225938770053998,0.0185334654249078,"unknown function","Wounded 2h vs 0h (injury-filtered)"
"pdam_00011227",3419.11218180493,-0.258794364103108,0.0789240488811549,-3.27903050808766,0.0010416437429052,0.0102572891030252,"Csde1: Cold shock domain-containing protein E1 (Mus musculus)","Wounded 2h vs 0h (injury-filtered)"
"pdam_00011277",4535.98765632571,-0.533934171391887,0.143794229697016,-3.71318218065442,0.000204669444355665,0.00288556986351441,"RPL7: 60S ribosomal protein L7 (Pongo abelii)","Wounded 2h vs 0h (injury-filtered)"
"pdam_00011338",191.141027954762,-0.522109594188198,0.167121289649275,-3.12413574167547,0.00178328168179215,0.0154484998244794,"TP53BP2: Apoptosis-stimulating of p53 protein 2 (Homo sapiens)","Wounded 2h vs 0h (injury-filtered)"
"pdam_00011358",247.313836469859,0.637392180867788,0.238510896411358,2.67238180920876,0.00753149004492303,0.0445701985951537,"DOK2: Docking protein 2 (Bos taurus)","Wounded 2h vs 0h (injury-filtered)"
"pdam_00011365",549.406823031587,-0.428195699396111,0.153594702289069,-2.78782857100264,0.0053062614604679,0.0345895613985786,"NDUFB9: NADH dehydrogenase [ubiquinone] 1 beta subcomplex subunit 9 (Gorilla gorilla gorilla)","Wounded 2h vs 0h (injury-filtered)"
"pdam_00011378",112.043024777859,-0.625389568210552,0.235623321535817,-2.65419214080423,0.00794985448968082,0.0463804331330283,"Pabp2: Polyadenylate-binding protein 2 (Drosophila melanogaster)","Wounded 2h vs 0h (injury-filtered)"
"pdam_00011382",150.816964882069,-0.901332584637574,0.227612204263964,-3.95994840238131,7.49659590147394e-05,0.00133663021232124,"Fam210b: Protein FAM210B (Mus musculus)","Wounded 2h vs 0h (injury-filtered)"
"pdam_00011461",168.399308501825,0.660306222349762,0.227153515410228,2.90687212635596,0.0036506239700889,0.0265533718044989,"FAM76A: Protein FAM76A (Gallus gallus)","Wounded 2h vs 0h (injury-filtered)"
"pdam_00011467",219.043376875216,0.754672901558283,0.230489117645594,3.27422356971615,0.00105952747167915,0.0103852905245199,"timm13-b: Mitochondrial import inner membrane translocase subunit Tim13-B (Xenopus laevis)","Wounded 2h vs 0h (injury-filtered)"
"pdam_00011570",176.424569386683,0.819792100315645,0.22577063278963,3.63108385792369,0.000282233454025454,0.00373637863769296,"TCTE1: T-complex-associated testis-expressed protein 1 (Homo sapiens)","Wounded 2h vs 0h (injury-filtered)"
"pdam_00011596",4228.79264828761,-0.821593585161656,0.23451306714188,-3.50340215653993,0.000459355376786922,0.00541995084627322,"unknown function","Wounded 2h vs 0h (injury-filtered)"
"pdam_00011675",302.039528050245,0.673401580955752,0.201913895344306,3.33509281175256,0.000852709340000297,0.00876955544389028,"lamtor3: Ragulator complex protein LAMTOR3 (Danio rerio)","Wounded 2h vs 0h (injury-filtered)"
"pdam_00011701",285.317665304183,0.675453007631303,0.200308547851839,3.37206282445275,0.000746074277794224,0.00791503553125258,"TTC1: Tetratricopeptide repeat protein 1 (Homo sapiens)","Wounded 2h vs 0h (injury-filtered)"
"pdam_00011708",902.683616518943,-0.379616039806402,0.127199743603539,-2.98440884432601,0.00284126846203804,0.0219813657550452,"unknown function","Wounded 2h vs 0h (injury-filtered)"
"pdam_00011738",53.6024943695647,-0.985797586566716,0.343024718711597,-2.87383833523537,0.00405516476891126,0.0285817663599164,"unknown function","Wounded 2h vs 0h (injury-filtered)"
"pdam_00011739",74.0847391802347,-1.39901935711262,0.423969106118693,-3.29981438959129,0.000967487934090701,0.00966022897032672,"TLR2: Toll-like receptor 2 (Boselaphus tragocamelus)","Wounded 2h vs 0h (injury-filtered)"
"pdam_00011809",809.395428688217,0.536794521906807,0.196018088366256,2.73849483168011,0.00617211305421247,0.0385409483835654,"UHRF1BP1L: UHRF1-binding protein 1-like (Homo sapiens)","Wounded 2h vs 0h (injury-filtered)"
"pdam_00011811",54.7079962377044,-1.12415859702862,0.397637978359755,-2.82709061560403,0.00469730336949784,0.0317049484120752,"l(2)03659: Probable multidrug resistance-associated protein lethal(2)03659 (Drosophila melanogaster)","Wounded 2h vs 0h (injury-filtered)"
"pdam_00011815",42.8728307260068,2.16150945629661,0.533631939434483,4.05056237560905,5.10946869462663e-05,0.000988676425515563,"gghA: Gamma-glutamyl hydrolase A (Dictyostelium discoideum)","Wounded 2h vs 0h (injury-filtered)"
"pdam_00011832",528.919873141611,0.482838691573151,0.178926316752001,2.69853367765003,0.00696456907063963,0.0421463367974041,"CFAP52: Cilia- and flagella-associated protein 52 (Homo sapiens)","Wounded 2h vs 0h (injury-filtered)"
"pdam_00011897",107.823947973239,0.924058191728411,0.25864576433939,3.57267861736904,0.000353348310595265,0.00440171338454073,"Caltractin (Fragment) (Tetraselmis striata)","Wounded 2h vs 0h (injury-filtered)"
"pdam_00011940",404.019199355167,-0.938010981214243,0.293214217156963,-3.19906377770252,0.00137874664191129,0.0126741192648403,"Histone H2A (Acropora formosa)","Wounded 2h vs 0h (injury-filtered)"
"pdam_00011951",352.453927265433,0.678692176348571,0.245474312903926,2.76481953781534,0.00569542946841725,0.0363253135441017,"CHIC2: Cysteine-rich hydrophobic domain-containing protein 2 (Homo sapiens)","Wounded 2h vs 0h (injury-filtered)"
"pdam_00011955",267.231035217636,-0.5972059784087,0.198374429060075,-3.01049878877203,0.00260818988236848,0.0206160953062324,"hoxa3a: Homeobox protein Hox-A3a (Takifugu rubripes)","Wounded 2h vs 0h (injury-filtered)"
"pdam_00011981",157.148473799829,-0.688133384790237,0.260225217428623,-2.64437625065674,0.00818416266335792,0.0474659285184737,"unknown function","Wounded 2h vs 0h (injury-filtered)"
"pdam_00011997",905.993885871207,-0.652811917911189,0.114735690250864,-5.68970227558529,1.27261059580991e-08,1.24672206026086e-06,"COX7A2L: Cytochrome c oxidase subunit 7A-related protein%2C mitochondrial (Bos taurus)","Wounded 2h vs 0h (injury-filtered)"
"pdam_00012035",272.948123448098,-0.547511023064253,0.186313324373114,-2.93865736606041,0.00329637267282024,0.024609181125549,"L-asparaginase (Dirofilaria immitis)","Wounded 2h vs 0h (injury-filtered)"
"pdam_00012041",523.710944613641,0.366646186542322,0.139195037990475,2.6340463843791,0.00843739606450815,0.0483619920193673,"Scfd1: Sec1 family domain-containing protein 1 (Mus musculus)","Wounded 2h vs 0h (injury-filtered)"
"pdam_00012075",15.1194755780124,-1.90249247481253,0.607693629705684,-3.13067700863335,0.00174403860134826,0.0151698618881353,"HORMAD1: HORMA domain-containing protein 1 (Macaca fascicularis)","Wounded 2h vs 0h (injury-filtered)"
"pdam_00012101",517.591822704043,0.613645630661783,0.219180337580632,2.79972938008655,0.00511454644198786,0.0336339793638051,"BR3: Balbiani ring protein 3 (Chironomus tentans)","Wounded 2h vs 0h (injury-filtered)"
"pdam_00012180",17.3443472518812,1.38678832627963,0.505667362671416,2.74249126728942,0.00609750712024502,0.0382354287013462,"SYT7: Synaptotagmin-7 (Homo sapiens)","Wounded 2h vs 0h (injury-filtered)"
"pdam_00012189",381.47856460277,0.571556608071931,0.218242775022521,2.61890277015104,0.00882130864574,0.0499446880523668,"TBATA: Protein TBATA (Bos taurus)","Wounded 2h vs 0h (injury-filtered)"
"pdam_00012206",296.652272758841,-0.506570341462914,0.176409709941758,-2.87155588901631,0.00408456548181514,0.0287126678433174,"unknown function","Wounded 2h vs 0h (injury-filtered)"
"pdam_00012212",234.445647543873,-0.680987157232471,0.169319408800179,-4.02190842773455,5.77285021772574e-05,0.00108519456285844,"unknown function","Wounded 2h vs 0h (injury-filtered)"
"pdam_00012232",648.317467619751,-0.635738409941862,0.17651598832089,-3.60159108525709,0.000316275570843549,0.00404342161561656,"SLC37A2: Glucose-6-phosphate exchanger SLC37A2 (Bos taurus)","Wounded 2h vs 0h (injury-filtered)"
"pdam_00012255",105.86308833858,0.7890117481378,0.256364325230829,3.07769713054801,0.00208606813039156,0.0174968454145953,"Oma1: Metalloendopeptidase OMA1%2C mitochondrial (Rattus norvegicus)","Wounded 2h vs 0h (injury-filtered)"
"pdam_00012280",9.53102701865191,4.60925689780256,1.43601151603364,3.20976318527977,0.00132844369674449,0.0123419585215993,"ANGPTL7: Angiopoietin-related protein 7 (Homo sapiens)","Wounded 2h vs 0h (injury-filtered)"
"pdam_00012352",13.4284229698542,2.39598192327269,0.874417843929298,2.74008809393238,0.00614227187177626,0.0384177705106648,"pkd2: Polycystin-2 (Oryzias latipes)","Wounded 2h vs 0h (injury-filtered)"
"pdam_00012359",420.055899555178,-0.460299604714915,0.163287401551665,-2.81895357719484,0.004818048571554,0.0322029725967726,"v1g246111: Stimulator of interferon genes protein (Nematostella vectensis)","Wounded 2h vs 0h (injury-filtered)"
"pdam_00012368",105.309294231635,0.977802489528397,0.334421832276867,2.92385961428163,0.00345720627279544,0.025459769905844,"lhpp: Phospholysine phosphohistidine inorganic pyrophosphate phosphatase (Danio rerio)","Wounded 2h vs 0h (injury-filtered)"
"pdam_00012390",288.641653157795,-0.669468670663395,0.218629078149795,-3.06212090509161,0.00219774662285007,0.0182032544975865,"Uncharacterized protein C10orf88 homolog (Rattus norvegicus)","Wounded 2h vs 0h (injury-filtered)"
"pdam_00012429",129.397826699651,-0.724630623639349,0.259629608690181,-2.79101689246876,0.00525427299882827,0.0343289848673444,"emx1: Homeobox protein EMX1 (Danio rerio)","Wounded 2h vs 0h (injury-filtered)"
"pdam_00012515",191.409220086776,0.451917148181948,0.172510013215454,2.61965748978022,0.00880181202968186,0.049887138527891,"Atg4c: Cysteine protease ATG4C (Mus musculus)","Wounded 2h vs 0h (injury-filtered)"
"pdam_00012546",1059.83733235448,0.479645938303817,0.160940551422352,2.98026777008545,0.00287996514598568,0.0221906168372038,"unknown function","Wounded 2h vs 0h (injury-filtered)"
"pdam_00012554",513.90334460532,-0.487122289508589,0.160663150320941,-3.03194782708736,0.00242981197168112,0.0195755152455362,"CEP135: Centrosomal protein of 135 kDa (Homo sapiens)","Wounded 2h vs 0h (injury-filtered)"
"pdam_00012655",33.5131155940956,-1.28711284745868,0.48840084601827,-2.63536162550081,0.00840476868594594,0.0482808722953951,"NLGN4Y: Neuroligin-4%2C Y-linked (Homo sapiens)","Wounded 2h vs 0h (injury-filtered)"
"pdam_00012667",316.246979331386,0.421856347292494,0.15681119776913,2.69021825796895,0.00714053011242648,0.0429684971033484,"unknown function","Wounded 2h vs 0h (injury-filtered)"
"pdam_00012668",1370.76349454294,-0.565005761391755,0.197837286327377,-2.855911400123,0.00429134867599119,0.0297136032718873,"unknown function","Wounded 2h vs 0h (injury-filtered)"
"pdam_00012697",109.664604679021,0.889733122512606,0.332465002147323,2.67617077516732,0.00744686892242145,0.0442599296373608,"AUG2: AUGMIN subunit 2 (Arabidopsis thaliana)","Wounded 2h vs 0h (injury-filtered)"
"pdam_00012700",809.647741337219,0.526650402779549,0.171940926479042,3.06297292659839,0.00219149885744807,0.0181854096863938,"At5g06550: F-box protein At5g06550 (Arabidopsis thaliana)","Wounded 2h vs 0h (injury-filtered)"
"pdam_00012727",110.037631319534,1.47202690139975,0.362471403301737,4.06108423448339,4.88453426661201e-05,0.000952678674252517,"unknown function","Wounded 2h vs 0h (injury-filtered)"
"pdam_00012736",289.228191082502,-0.663614365384967,0.201487603577106,-3.29357416339022,0.000989222410907326,0.00981436864154815,"rnf144aa: Probable E3 ubiquitin-protein ligase RNF144A-A (Danio rerio)","Wounded 2h vs 0h (injury-filtered)"
"pdam_00012803",1185.7174734515,0.346955086266022,0.130494787942965,2.6587658536804,0.00784274471985466,0.0459050923445504,"unknown function","Wounded 2h vs 0h (injury-filtered)"
"pdam_00012814",92.1118159589041,-0.89560399577003,0.23475324360391,-3.81508677801763,0.000136135085069706,0.0020994686886729,"unknown function","Wounded 2h vs 0h (injury-filtered)"
"pdam_00012821",130.356937093183,0.821673836839943,0.308074198288612,2.66712967656634,0.00765021473898612,0.0450086758699993,"METTL7A: Methyltransferase-like protein 7A (Homo sapiens)","Wounded 2h vs 0h (injury-filtered)"
"pdam_00012855",3638.13667107151,-0.545762593837287,0.152932769651005,-3.56864388896328,0.000358833765318978,0.00446109214838909,"ALDH2: Aldehyde dehydrogenase%2C mitochondrial (Bos taurus)","Wounded 2h vs 0h (injury-filtered)"
"pdam_00012899",20.0735686249131,-1.61946687190555,0.538426348391364,-3.00777790081033,0.002631653895833,0.0207165062973518,"unknown function","Wounded 2h vs 0h (injury-filtered)"
"pdam_00012906",497.845801776783,0.444636806724617,0.121786869667544,3.65094207559808,0.000261280167496608,0.0035187644866943,"Ift52: Intraflagellar transport protein 52 homolog (Mus musculus)","Wounded 2h vs 0h (injury-filtered)"
"pdam_00012914",91.9247425628754,0.635768184948182,0.235404719527862,2.70074527912315,0.00691843021489628,0.041952707105589,"ppp1r42: Protein phosphatase 1 regulatory subunit 42 (Xenopus laevis)","Wounded 2h vs 0h (injury-filtered)"
"pdam_00012947",592.632624180909,0.455444566245625,0.156454760749416,2.91103040945543,0.00360238955194685,0.0262470745765307,"pdcd10: Programmed cell death protein 10 (Xenopus tropicalis)","Wounded 2h vs 0h (injury-filtered)"
"pdam_00012959",614.571317240399,0.73343653765878,0.205298707522627,3.57253363408508,0.000353544058009367,0.00440171338454073,"unknown function","Wounded 2h vs 0h (injury-filtered)"
"pdam_00012973",1452.84677142326,0.554239868743582,0.156165697240385,3.54905000609989,0.000386623651383642,0.00473110341136414,"Trim23: E3 ubiquitin-protein ligase TRIM23 (Mus musculus)","Wounded 2h vs 0h (injury-filtered)"
"pdam_00013011",270.661423651412,0.495804376336179,0.178458476655481,2.77826184347266,0.00546505589994001,0.0352494049467914,"TMEM245: Transmembrane protein 245 (Bos taurus)","Wounded 2h vs 0h (injury-filtered)"
"pdam_00013030",150.274026452775,0.583597276453866,0.2192578567289,2.66169379360235,0.0077748570912923,0.0456323690424906,"TCTEX1D2: Tctex1 domain-containing protein 2 (Homo sapiens)","Wounded 2h vs 0h (injury-filtered)"
"pdam_00013035",303.861681310293,-0.822440213237543,0.243353455475444,-3.37961181455478,0.000725882739892231,0.00775843746428455,"unknown function","Wounded 2h vs 0h (injury-filtered)"
"pdam_00013039",205.999733983944,-1.1171973910216,0.307924266380874,-3.62815637803526,0.000285452352201847,0.00376718739675746,"unknown function","Wounded 2h vs 0h (injury-filtered)"
"pdam_00013147",358.604460883699,0.513184491776665,0.179977405810369,2.8513828692329,0.00435295204899529,0.0299466331974218,"ADGRL2: Adhesion G protein-coupled receptor L2 (Homo sapiens)","Wounded 2h vs 0h (injury-filtered)"
"pdam_00013154",545.241438574372,0.42516516876328,0.145793107134902,2.91622270159779,0.00354297508593675,0.0259575918261964,"PAIP1: Polyadenylate-binding protein-interacting protein 1 (Homo sapiens)","Wounded 2h vs 0h (injury-filtered)"
"pdam_00013155",47.9513878409897,-1.22499038197242,0.358720045148951,-3.41489247266282,0.000638071951970097,0.00703027348623093,"unknown function","Wounded 2h vs 0h (injury-filtered)"
"pdam_00013172",29.1540206327832,1.40294980777903,0.512825238540852,2.73572691502247,0.00622426559808774,0.0387385949148361,"FRZB: Secreted frizzled-related protein 3 (Bos taurus)","Wounded 2h vs 0h (injury-filtered)"
"pdam_00013177",1270.64016171772,0.356401593478282,0.126344069401896,2.82088106838305,0.00478919547258893,0.0320781747696365,"AP1M1: AP-1 complex subunit mu-1 (Homo sapiens)","Wounded 2h vs 0h (injury-filtered)"
"pdam_00013203",577.34772610698,-0.382024197819813,0.132122123354519,-2.89144761013823,0.00383471522172073,0.0275764923494884,"slr1101: Universal stress protein Slr1101 (Synechocystis sp. (strain PCC 6803 / Kazusa))","Wounded 2h vs 0h (injury-filtered)"
"pdam_00013208",141.816597543615,0.646395363859073,0.241771008274078,2.67358509390135,0.00750452344414407,0.0444566516677284,"efr3b: Protein EFR3 homolog B (Danio rerio)","Wounded 2h vs 0h (injury-filtered)"
"pdam_00013235",242.157287684066,-0.402009665602491,0.149015438074489,-2.69777192750685,0.0069805247227699,0.0421836241536475,"ceeh-1: Epoxide hydrolase 1 (Caenorhabditis elegans)","Wounded 2h vs 0h (injury-filtered)"
"pdam_00013243",180.837411651972,0.512438883642777,0.17487163017331,2.93037174260293,0.00338556720711376,0.0250939607803046,"Elavl1: ELAV-like protein 1 (Rattus norvegicus)","Wounded 2h vs 0h (injury-filtered)"
"pdam_00013247",650.23663482377,-0.466929261583874,0.17143782684473,-2.72360697856237,0.00645732988561547,0.0397502562150778,"elavl3: ELAV-like protein 3 (Xenopus tropicalis)","Wounded 2h vs 0h (injury-filtered)"
"pdam_00013264",432.623461195359,-0.51049163266454,0.152121471115746,-3.35581577617085,0.00079131261179572,0.00829740881750815,"Cyb5d2: Neuferricin (Rattus norvegicus)","Wounded 2h vs 0h (injury-filtered)"
"pdam_00013270",633.33511129438,-0.369976772801829,0.130285528171992,-2.83973805834687,0.00451505919508117,0.030753347175396,"washc5: WASH complex subunit 5 (Danio rerio)","Wounded 2h vs 0h (injury-filtered)"
"pdam_00013305",282.883792986568,0.428885984240524,0.145950125406924,2.93857907312341,0.00329720538062215,0.024609181125549,"WDTC1: WD and tetratricopeptide repeats protein 1 (Homo sapiens)","Wounded 2h vs 0h (injury-filtered)"
"pdam_00013314",59.5889117648282,0.976480270747798,0.31566658124694,3.09339134630763,0.00197882999059916,0.0167862747940782,"Faap100: Fanconi anemia core complex-associated protein 100 (Mus musculus)","Wounded 2h vs 0h (injury-filtered)"
"pdam_00013359",29.8612566238203,1.96483682119814,0.495791762219873,3.96302837384938,7.4004982258375e-05,0.00132705439232136,"MTNR1A: Melatonin receptor type 1A (Homo sapiens)","Wounded 2h vs 0h (injury-filtered)"
"pdam_00013395",922.806757991088,0.661602571515604,0.23131150601325,2.86022335385991,0.00423342732813729,0.0294672667939852,"Psma4: Proteasome subunit alpha type-4 (Rattus norvegicus)","Wounded 2h vs 0h (injury-filtered)"
"pdam_00013447",88.9842648096605,-0.895184518500074,0.254881182132876,-3.51216402485686,0.000444473589416158,0.00528070354605033,"ZNF76: Zinc finger protein 76 (Homo sapiens)","Wounded 2h vs 0h (injury-filtered)"
"pdam_00013461",32.9111177486859,-1.19835656235989,0.401716407010679,-2.98309091051894,0.00285353221558029,0.0220265449364739,"unknown function","Wounded 2h vs 0h (injury-filtered)"
"pdam_00013462",909.663393540322,0.412917442276212,0.149126844418071,2.76890082323887,0.00562457536299013,0.0360747175544717,"kctd6: BTB/POZ domain-containing protein KCTD6 (Danio rerio)","Wounded 2h vs 0h (injury-filtered)"
"pdam_00013496",17.3255379015972,-2.21707027180964,0.763006147270324,-2.90570433769278,0.00366427507732637,0.0266075103454821,"unknown function","Wounded 2h vs 0h (injury-filtered)"
"pdam_00013558",236.236920564485,-1.14443606683691,0.400334844303671,-2.85869712097507,0.00425384724478237,0.0295310713650793,"unknown function","Wounded 2h vs 0h (injury-filtered)"
"pdam_00013566",568.804640022123,-0.413926925130888,0.140340183738083,-2.94945406301732,0.00318335893422739,0.0239786931319834,"wdr70: WD repeat-containing protein 70 (Xenopus tropicalis)","Wounded 2h vs 0h (injury-filtered)"
"pdam_00013576",14.47197475868,-2.15955755680569,0.637326058954396,-3.38846580406375,0.000702847922217502,0.00760589507839697,"unknown function","Wounded 2h vs 0h (injury-filtered)"
"pdam_00013583",876.010811276334,0.997598888968413,0.34090732509431,2.92630523175891,0.00343014212596815,0.0253148328056814,"PR2: Tyrosine-protein kinase PR2 (Drosophila melanogaster)","Wounded 2h vs 0h (injury-filtered)"
"pdam_00013605",13.2809148284589,3.89154416339205,1.21205923114875,3.21068811109486,0.00132417568469222,0.0123177796735558,"tmem205: Transmembrane protein 205 (Xenopus tropicalis)","Wounded 2h vs 0h (injury-filtered)"
"pdam_00013669",33.7669752408549,-2.50361005313799,0.688612291899451,-3.63573244711054,0.000277191915572749,0.00368843343121376,"slc32a1: Vesicular inhibitory amino acid transporter (Xenopus tropicalis)","Wounded 2h vs 0h (injury-filtered)"
"pdam_00013680",165.246863347036,0.587532750964683,0.22283506991733,2.63662605344237,0.00837350827842144,0.0481574948546793,"Gal3st3: Galactose-3-O-sulfotransferase 3 (Mus musculus)","Wounded 2h vs 0h (injury-filtered)"
"pdam_00013730",184.495006300778,-0.890463749473758,0.228496303101322,-3.89705976590309,9.73675969433335e-05,0.00161209676189269,"unknown function","Wounded 2h vs 0h (injury-filtered)"
"pdam_00013800",372.065718480445,0.623265291413951,0.213546445507423,2.91864043877184,0.00351561475131105,0.0258012411371903,"rsph9: Radial spoke head protein 9 homolog (Danio rerio)","Wounded 2h vs 0h (injury-filtered)"
"pdam_00013810",21.6650008454915,2.36069116795415,0.865421171777834,2.72779456400932,0.00637593026770959,0.0393622428914704,"FGF17: Fibroblast growth factor 17 (Homo sapiens)","Wounded 2h vs 0h (injury-filtered)"
"pdam_00013840",172.340952311122,-0.742343702717288,0.240542384878204,-3.08612431481947,0.00202784021272208,0.0171058139289655,"Cox10: Protoheme IX farnesyltransferase%2C mitochondrial (Mus musculus)","Wounded 2h vs 0h (injury-filtered)"
"pdam_00013934",14.4623662115114,-4.32432686986271,1.38235562932586,-3.1282303758343,0.00175862279951404,0.0152734697441078,"unknown function","Wounded 2h vs 0h (injury-filtered)"
"pdam_00013962",235.361771792631,-0.713182658456449,0.199274898811543,-3.57888857407433,0.000345058537258984,0.00433066146615522,"ATG26: Sterol 3-beta-glucosyltransferase (Cryptococcus neoformans var. neoformans serotype D (strain JEC21 / ATCC MYA-565))","Wounded 2h vs 0h (injury-filtered)"
"pdam_00013980",214.303788466814,-0.681687355570081,0.197329457347986,-3.4545645882355,0.000551182176855783,0.00628289045213799,"YWHAE: 14-3-3 protein epsilon (Ovis aries)","Wounded 2h vs 0h (injury-filtered)"
"pdam_00013981",6909.88461305117,-0.26636835124218,0.101096237381145,-2.63479985153097,0.00841869086322439,0.0483355780840988,"ywhaz: 14-3-3 protein zeta (Xenopus laevis)","Wounded 2h vs 0h (injury-filtered)"
"pdam_00014045",135.246704797845,1.31762468752342,0.287268518427133,4.58673541652858,4.50230668009969e-06,0.000146319095955006,"glmp-b: Glycosylated lysosomal membrane protein B (Xenopus laevis)","Wounded 2h vs 0h (injury-filtered)"
"pdam_00014057",364.66623708465,0.583554066505921,0.213514520822413,2.73308843004304,0.00627434841764604,0.038945484892152,"Ccdc113: Coiled-coil domain-containing protein 113 (Mus musculus)","Wounded 2h vs 0h (injury-filtered)"
"pdam_00014060",1508.66714603037,0.404237691505645,0.146617253611241,2.75709496358109,0.00583174123015329,0.0369200043019749,"Snx27: Sorting nexin-27 (Mus musculus)","Wounded 2h vs 0h (injury-filtered)"
"pdam_00014069",118.204209644033,0.677690108350761,0.230971807586783,2.93408150298227,0.00334536350489926,0.024871167358193,"HUA1: Zinc finger CCCH domain-containing protein 37 (Arabidopsis thaliana)","Wounded 2h vs 0h (injury-filtered)"
"pdam_00014119",121.524841023678,-1.26480928302247,0.475685069639121,-2.65892155072687,0.00783912138132589,0.0458995549731732,"Mboat2: Membrane-bound O-acyltransferase domain-containing protein 2 (Rattus norvegicus)","Wounded 2h vs 0h (injury-filtered)"
"pdam_00014120",131.59755931034,0.743014566786392,0.279945173640494,2.65414315640452,0.00795100868980228,0.0463804331330283,"MBOAT2: Lysophospholipid acyltransferase 2 (Homo sapiens)","Wounded 2h vs 0h (injury-filtered)"
"pdam_00014182",71.8263207902469,-1.1453522944746,0.366639178569996,-3.12392226859613,0.00178457594396766,0.0154519040320109,"Prr11: Proline-rich protein 11 (Mus musculus)","Wounded 2h vs 0h (injury-filtered)"
"pdam_00014185",313.946487349104,0.556100107994504,0.1422338272434,3.90975985651338,9.23879218231331e-05,0.00154225757715267,"unknown function","Wounded 2h vs 0h (injury-filtered)"
"pdam_00014187",118.798066301827,-0.555036521757175,0.210069390956527,-2.64215799945856,0.00823796160223363,0.0476922224519911,"mettl16: Methyltransferase-like protein 16 (Danio rerio)","Wounded 2h vs 0h (injury-filtered)"
"pdam_00014248",540.712093095578,-0.486020419044445,0.15620271044867,-3.11147237873414,0.00186156888305676,0.0159893471598823,"TADA2B: Transcriptional adapter 2-beta (Pongo abelii)","Wounded 2h vs 0h (injury-filtered)"
"pdam_00014259",310.5636703215,-0.72096049579233,0.249889827478593,-2.88511342405121,0.00391272665173176,0.0278829068557379,"cocE: Cocaine esterase (Rhodococcus sp. (strain MB1 Bresler))","Wounded 2h vs 0h (injury-filtered)"
"pdam_00014298",78.8370891394576,-0.987916775420853,0.361322970117444,-2.73416543404296,0.00625386144405706,0.0388605293935898,"Cep295: Centrosomal protein of 295 kDa (Rattus norvegicus)","Wounded 2h vs 0h (injury-filtered)"
"pdam_00014326",646.478964101232,0.453672495913604,0.130539012871809,3.4753786315139,0.000510132770601437,0.00586174009329158,"CPED1: Cadherin-like and PC-esterase domain-containing protein 1 (Homo sapiens)","Wounded 2h vs 0h (injury-filtered)"
"pdam_00014338",191.077721412945,-0.661428727934788,0.18774843303713,-3.5229520546996,0.00042676855611026,0.00510573630562058,"PPIH: Peptidyl-prolyl cis-trans isomerase H (Homo sapiens)","Wounded 2h vs 0h (injury-filtered)"
"pdam_00014339",142.594197829652,-0.928010823888169,0.338830817956385,-2.7388619178307,0.00616522612273528,0.0385332251725023,"unknown function","Wounded 2h vs 0h (injury-filtered)"
"pdam_00014351",174.541463324445,0.604249591239451,0.219305327745893,2.75528915530766,0.00586402858868286,0.0370696556505822,"SLC35F6: Solute carrier family 35 member F6 (Pongo abelii)","Wounded 2h vs 0h (injury-filtered)"
"pdam_00014387",9.91417255046198,-2.65693580736738,0.941312465123091,-2.82258644797606,0.00476379769204256,0.0320221495607558,"unknown function","Wounded 2h vs 0h (injury-filtered)"
"pdam_00014454",295.558608841502,-0.640470418100213,0.200423009313194,-3.19559326194615,0.00139543676210037,0.0128069421035593,"ENTPD4: Ectonucleoside triphosphate diphosphohydrolase 4 (Homo sapiens)","Wounded 2h vs 0h (injury-filtered)"
"pdam_00014530",861.855798032297,-0.602382910822777,0.157521167463556,-3.82413945073219,0.000131229628366371,0.0020378629970227,"unknown function","Wounded 2h vs 0h (injury-filtered)"
"pdam_00014538",163.054072725198,0.637880973628245,0.191918176626686,3.32371318256651,0.00088827501633841,0.00908626902154278,"v1g200856: Protein Flattop homolog (Nematostella vectensis)","Wounded 2h vs 0h (injury-filtered)"
"pdam_00014552",38.3293285457538,2.37826920921001,0.614264992086529,3.87173164651876,0.000108064889566578,0.00174450514757948,"unknown function","Wounded 2h vs 0h (injury-filtered)"
"pdam_00014563",139.604868369697,-0.716341531630218,0.202459351858963,-3.53819927334961,0.00040286589438927,0.00487763622415935,"unknown function","Wounded 2h vs 0h (injury-filtered)"
"pdam_00014586",6651.0644992027,-0.214584361472213,0.0650667195910426,-3.2979127089996,0.000974064107807396,0.0097111937713365,"Guanine nucleotide-binding protein subunit beta (Pinctada fucata)","Wounded 2h vs 0h (injury-filtered)"
"pdam_00014780",1190.31906171245,-1.08958790067208,0.241509403464752,-4.51157547093649,6.43478793921999e-06,0.000194564381710736,"slc16a10: Monocarboxylate transporter 10 (Danio rerio)","Wounded 2h vs 0h (injury-filtered)"
"pdam_00014806",73.9479955911773,1.14738013962426,0.330030561029717,3.47658755008736,0.000507838393028948,0.00584713325056299,"Collagen alpha chain (Fragment) (Acropora millepora)","Wounded 2h vs 0h (injury-filtered)"
"pdam_00014849",431.413272117835,-0.364602040893078,0.126122490257574,-2.89085665965259,0.00384193309719624,0.0275936744944836,"DSCR3: Down syndrome critical region protein 3 (Homo sapiens)","Wounded 2h vs 0h (injury-filtered)"
"pdam_00014894",94.2734341591428,1.21600869070926,0.288151523114182,4.22003214686257,2.44267484430955e-05,0.000553199703181545,"unknown function","Wounded 2h vs 0h (injury-filtered)"
"pdam_00014896",233.03713256387,0.67116784344477,0.212441992689853,3.15929932188414,0.00158148972994781,0.0141066909106271,"unknown function","Wounded 2h vs 0h (injury-filtered)"
"pdam_00014917",518.071982065797,0.559897166378338,0.166387355848065,3.36502232110475,0.000765374670251006,0.00807482052109739,"Rubcn: Run domain Beclin-1-interacting and cysteine-rich domain-containing protein (Mus musculus)","Wounded 2h vs 0h (injury-filtered)"
"pdam_00014942",326.92868099129,-0.922637315903266,0.277707299584938,-3.32233728563218,0.000892667181021152,0.00912031355865711,"RET: Proto-oncogene tyrosine-protein kinase receptor Ret (Homo sapiens)","Wounded 2h vs 0h (injury-filtered)"
"pdam_00014962",605.305468275036,0.433483017571474,0.146680754074104,2.95528217255057,0.00312383200642214,0.0236550246988079,"CHKA: Choline kinase alpha (Homo sapiens)","Wounded 2h vs 0h (injury-filtered)"
"pdam_00014997",409.840059773839,-0.472489091076719,0.153159006620933,-3.08495792380088,0.00203580951377728,0.0171508198055026,"NPHP1: Nephrocystin-1 (Fragment) (Canis lupus familiaris)","Wounded 2h vs 0h (injury-filtered)"
"pdam_00015006",707.944434208125,-0.988267806368235,0.221858396244731,-4.45449810823512,8.40896705294172e-06,0.000239872431207376,"DMGDH: Dimethylglycine dehydrogenase%2C mitochondrial (Homo sapiens)","Wounded 2h vs 0h (injury-filtered)"
"pdam_00015009",840.539880673996,-0.516151381807435,0.138080605039373,-3.73804403348506,0.00018545747054295,0.00265843049748188,"rbm8a: RNA-binding protein 8A (Salmo salar)","Wounded 2h vs 0h (injury-filtered)"
"pdam_00015015",156.747111431319,-0.739631802614013,0.18474859375995,-4.00345024317231,6.24253351745637e-05,0.00115950156688269,"PGPEP1: Pyroglutamyl-peptidase 1 (Homo sapiens)","Wounded 2h vs 0h (injury-filtered)"
"pdam_00015016",282.582304175935,-0.369661802086153,0.138049829281513,-2.677741827064,0.00741203253575726,0.0441375080906643,"SMN1: Survival motor neuron protein (Pongo abelii)","Wounded 2h vs 0h (injury-filtered)"
"pdam_00015037",13.3897367666305,-2.84990354451314,0.921809166486529,-3.091641576288,0.0019905303592398,0.0168771772892222,"unknown function","Wounded 2h vs 0h (injury-filtered)"
"pdam_00015040",56.8841242270515,0.924000876197385,0.321416035058065,2.87478151496225,0.00404307164524794,0.028547949047006,"unknown function","Wounded 2h vs 0h (injury-filtered)"
"pdam_00015192",222.941417587546,-0.548667257501679,0.184328909163549,-2.97656650815887,0.00291495849147565,0.0224400756074803,"BPNT1: 3'(2')%2C5'-bisphosphate nucleotidase 1 (Homo sapiens)","Wounded 2h vs 0h (injury-filtered)"
"pdam_00015278",564.547940371068,0.795182584555719,0.223822016499721,3.55274515434771,0.000381233602829683,0.00467181478692786,"cfap20: Cilia- and flagella-associated protein 20 (Xenopus tropicalis)","Wounded 2h vs 0h (injury-filtered)"
"pdam_00015287",65.5515074672945,1.25049090801012,0.403296735955851,3.10067202762338,0.00193082021192952,0.0164476004036975,"Taar7f: Trace amine-associated receptor 7f (Mus musculus)","Wounded 2h vs 0h (injury-filtered)"
"pdam_00015299",9.16629275407815,6.55412793850693,1.45624875178362,4.50069257088075,6.77324096812561e-06,0.000201948596795731,"unknown function","Wounded 2h vs 0h (injury-filtered)"
"pdam_00015305",431.379687499193,0.654529010676078,0.233355882833472,2.80485326844391,0.00503394901825385,0.033218638171264,"unknown function","Wounded 2h vs 0h (injury-filtered)"
"pdam_00015319",1193.0285913958,0.61284088037756,0.192480292126106,3.18391495362055,0.00145297694625085,0.0132256815824866,"Wdr19: WD repeat-containing protein 19 (Mus musculus)","Wounded 2h vs 0h (injury-filtered)"
"pdam_00015372",139.180122005191,-0.703338626012973,0.255285208738572,-2.75510919527357,0.00586725503784491,0.0370763805266543,"calA: Calmodulin (Dictyostelium discoideum)","Wounded 2h vs 0h (injury-filtered)"
"pdam_00015395",58.9489412941525,-1.37874126750173,0.352493312279479,-3.91139695271317,9.17638077665594e-05,0.00153482801985356,"CaMKI: Calcium/calmodulin-dependent protein kinase type 1 (Macrobrachium nipponense)","Wounded 2h vs 0h (injury-filtered)"
"pdam_00015423",70.0344842028487,0.819650867060648,0.298461209579612,2.74625593126538,0.00602797191566288,0.0379103266772283,"slc46a1: Proton-coupled folate transporter (Danio rerio)","Wounded 2h vs 0h (injury-filtered)"
"pdam_00015431",320.862927191449,-0.693138691481248,0.251201170182897,-2.75929722372146,0.00579258237486226,0.036788697002231,"Uncharacterized skeletal organic matrix protein 5 (Acropora millepora)","Wounded 2h vs 0h (injury-filtered)"
"pdam_00015455",137.088151421069,0.674763402872998,0.218697696824021,3.08537041163245,0.00203298793538206,0.0171354695989135,"TOMM20: Mitochondrial import receptor subunit TOM20 homolog (Pongo abelii)","Wounded 2h vs 0h (injury-filtered)"
"pdam_00015591",31.2823654644105,-1.13879457710228,0.361731469122265,-3.14817668439394,0.00164292356782431,0.0144962849443026,"unknown function","Wounded 2h vs 0h (injury-filtered)"
"pdam_00015592",144.500958510142,-0.770321700077529,0.253241493646033,-3.04184629851473,0.00235131924599171,0.0190836619740791,"Klhl2: Kelch-like protein 2 (Mus musculus)","Wounded 2h vs 0h (injury-filtered)"
"pdam_00015662",43.9144326422457,-1.06083233122131,0.382791517940335,-2.77130574086194,0.0055831975388498,0.035836143244493,"unknown function","Wounded 2h vs 0h (injury-filtered)"
"pdam_00015679",737.216380432206,0.655324717057103,0.165179199871406,3.96735616571142,7.26743449625747e-05,0.00130874891810754,"EYS: Protein eyes shut homolog (Homo sapiens)","Wounded 2h vs 0h (injury-filtered)"
"pdam_00015713",583.569353252697,-0.461078759138102,0.142248801486284,-3.24135426323828,0.00118963244229205,0.0113305881059193,"SOD2: Superoxide dismutase [Mn]%2C mitochondrial (Pongo pygmaeus)","Wounded 2h vs 0h (injury-filtered)"
"pdam_00015758",115.746319920721,1.07844008702301,0.343462154737195,3.1399095130239,0.00169000026566637,0.0148089559621832,"MYC: Myc proto-oncogene protein (Hylobates lar)","Wounded 2h vs 0h (injury-filtered)"
"pdam_00015787",43.6403425534384,-1.15520474210735,0.335663090561844,-3.4415602268743,0.000578369702740163,0.00652340143669563,"TDG: G/T mismatch-specific thymine DNA glycosylase (Homo sapiens)","Wounded 2h vs 0h (injury-filtered)"
"pdam_00015836",105.219324428747,0.746114337954916,0.281472229834319,2.65075648277664,0.00803117232590884,0.0466891889980947,"AP4S1: AP-4 complex subunit sigma-1 (Homo sapiens)","Wounded 2h vs 0h (injury-filtered)"
"pdam_00015861",274.637715480662,0.640064988991583,0.120870992382458,5.29543918168802,1.18730706265804e-07,7.76915735962192e-06,"F13H10.3: Sodium-coupled neutral amino acid transporter 9 homolog (Caenorhabditis elegans)","Wounded 2h vs 0h (injury-filtered)"
"pdam_00016001",16.0226398923487,1.77579527556449,0.659125517222636,2.69416860546862,0.00705644590201398,0.0425371689676961,"NOTCH2: Neurogenic locus notch homolog protein 2 (Homo sapiens)","Wounded 2h vs 0h (injury-filtered)"
"pdam_00016018",408.012703385141,-0.426994060687418,0.159037347619657,-2.68486658686354,0.00725587631746389,0.0433884700336941,"Ero1b: ERO1-like protein beta (Mus musculus)","Wounded 2h vs 0h (injury-filtered)"
"pdam_00016042",2004.60728734144,0.625447150512039,0.150635734871859,4.15205031557809,3.29509789415876e-05,0.000705376873563507,"TIAL1: Nucleolysin TIAR (Homo sapiens)","Wounded 2h vs 0h (injury-filtered)"
"pdam_00016046",111.346465233556,-0.731191688119032,0.261412862574523,-2.79707616877722,0.00515673747063712,0.0338053939364617,"sepsecs: O-phosphoseryl-tRNA(Sec) selenium transferase (Danio rerio)","Wounded 2h vs 0h (injury-filtered)"
"pdam_00016070",58.476024421699,0.996085545969306,0.293511713950947,3.39368242773363,0.000689596109026411,0.00747782143779177,"Mfge8: Lactadherin (Mus musculus)","Wounded 2h vs 0h (injury-filtered)"
"pdam_00016079",137.110663644375,-1.27962273974247,0.320289809598467,-3.99520278633489,6.46389017025176e-05,0.00118647679955885,"unknown function","Wounded 2h vs 0h (injury-filtered)"
"pdam_00016124",342.711924951806,0.547825893060776,0.186496578215869,2.9374581469622,0.00330914835183915,0.0246553843302609,"Ccdc169: Coiled-coil domain-containing protein 169 (Mus musculus)","Wounded 2h vs 0h (injury-filtered)"
"pdam_00016190",57004.5294896159,0.714708173418678,0.246875508984088,2.8950144806172,0.0037914104215431,0.0273453682233635,"Major yolk protein (Strongylocentrotus purpuratus)","Wounded 2h vs 0h (injury-filtered)"
"pdam_00016197",351.823701304086,0.485759014593802,0.163995649412838,2.96202378741747,0.00305624171381672,0.023297557999855,"AXDND1: Axonemal dynein light chain domain-containing protein 1 (Homo sapiens)","Wounded 2h vs 0h (injury-filtered)"
"pdam_00016206",49.8061421500922,-1.2917336784453,0.46754041003032,-2.7628278769776,0.00573029759603915,0.0365069572599387,"unknown function","Wounded 2h vs 0h (injury-filtered)"
"pdam_00016216",91.3323865682646,-0.793078245170891,0.271269413902159,-2.92358151906111,0.00346029605705812,0.0254715824826983,"mshA: D-inositol 3-phosphate glycosyltransferase (Nocardioides sp. (strain ATCC BAA-499 / JS614))","Wounded 2h vs 0h (injury-filtered)"
"pdam_00016239",497.528935777394,-0.835661752492934,0.206965853244239,-4.03767935335099,5.39825698300455e-05,0.00103405271191765,"XDH: Xanthine dehydrogenase/oxidase (Gallus gallus)","Wounded 2h vs 0h (injury-filtered)"
"pdam_00016249",9.96654051454704,-2.22486025312983,0.665768817442237,-3.34179101640317,0.000832397068458551,0.00861232066484816,"unknown function","Wounded 2h vs 0h (injury-filtered)"
"pdam_00016363",419.868169032152,-0.42213162226347,0.151381701247875,-2.78852476081152,0.0052948699707452,0.0345284331603103,"Stk16: Serine/threonine-protein kinase 16 (Rattus norvegicus)","Wounded 2h vs 0h (injury-filtered)"
"pdam_00016409",297.827960169891,0.674512163867628,0.238803778743187,2.8245456056749,0.00473477096223676,0.0318950543719399,"GTSF1: Gametocyte-specific factor 1 (Macaca fascicularis)","Wounded 2h vs 0h (injury-filtered)"
"pdam_00016424",891.787196422588,-0.815289903921273,0.205736159966472,-3.96279343433909,7.40778729264779e-05,0.00132705439232136,"PLA2G15: Group XV phospholipase A2 (Homo sapiens)","Wounded 2h vs 0h (injury-filtered)"
"pdam_00016428",71.5984378466749,-0.853549245945878,0.305585061234964,-2.79316417660085,0.00521951935917794,0.0341670255417131,"serhl: Serine hydrolase-like protein (Danio rerio)","Wounded 2h vs 0h (injury-filtered)"
"pdam_00016431",141.672380681982,-0.597547111251919,0.205645150252442,-2.90571944205051,0.00366409821591727,0.0266075103454821,"BECN1: Beclin-1 (Sus scrofa)","Wounded 2h vs 0h (injury-filtered)"
"pdam_00016509",271.630406911172,0.698438490158417,0.219077931007895,3.1880823729947,0.00143219730345156,0.0130619268064128,"CFAP70: Cilia- and flagella-associated protein 70 (Homo sapiens)","Wounded 2h vs 0h (injury-filtered)"
"pdam_00016542",47.4075569027487,-1.0430299969142,0.349011118173788,-2.98852942671825,0.00280323504797692,0.0217460007522698,"Probable glutamate receptor (Lithobates berlandieri)","Wounded 2h vs 0h (injury-filtered)"
"pdam_00016544",1501.6418363696,0.509119557036744,0.186655050655778,2.72759593296858,0.00637977036234451,0.0393654004798497,"Gfpt1: Glutamine--fructose-6-phosphate aminotransferase [isomerizing] 1 (Rattus norvegicus)","Wounded 2h vs 0h (injury-filtered)"
"pdam_00016580",781.797369292211,-0.584602850145042,0.161025271183459,-3.63050374545864,0.000282868599630555,0.00373901254592616,"GNG11: Guanine nucleotide-binding protein G(I)/G(S)/G(O) subunit gamma-11 (Bos taurus)","Wounded 2h vs 0h (injury-filtered)"
"pdam_00016624",291.926384933652,0.516744458782288,0.179096851785907,2.88527940960127,0.00391066412827807,0.0278829068557379,"EFHB: EF-hand domain-containing family member B (Homo sapiens)","Wounded 2h vs 0h (injury-filtered)"
"pdam_00016686",998.028243485066,-0.439958333422645,0.142443499604695,-3.0886515330191,0.00201067124980115,0.0169975088296799,"PSMA3: Proteasome subunit alpha type-3 (Homo sapiens)","Wounded 2h vs 0h (injury-filtered)"
"pdam_00016711",316.930460457499,0.737448497830521,0.192527386737018,3.83035634736908,0.000127957817826358,0.00200290770262794,"Nedd9: Enhancer of filamentation 1 (Mus musculus)","Wounded 2h vs 0h (injury-filtered)"
"pdam_00016713",410.142414344177,-0.41088316199186,0.138256059440737,-2.97189984767348,0.00295963211563685,0.0227227644381899,"Rpusd2: RNA pseudouridylate synthase domain-containing protein 2 (Mus musculus)","Wounded 2h vs 0h (injury-filtered)"
"pdam_00016734",59.3184623676337,-0.828301509456929,0.261493478782901,-3.16757998445005,0.00153713419838225,0.0138188928668407,"Klhdc10: Kelch domain-containing protein 10 (Rattus norvegicus)","Wounded 2h vs 0h (injury-filtered)"
"pdam_00016758",252.258268974876,-0.565792753310467,0.174680424884421,-3.23901635621065,0.00119942694975333,0.011398545247545,"RFX5: DNA-binding protein RFX5 (Homo sapiens)","Wounded 2h vs 0h (injury-filtered)"
"pdam_00016828",705.170720895346,-0.965176662845911,0.305020554428923,-3.16430040150236,0.00155456250290965,0.0139317404860863,"unknown function","Wounded 2h vs 0h (injury-filtered)"
"pdam_00016982",513.361538832689,0.683098339028356,0.199966065432411,3.41607130965551,0.000635316078000838,0.00700441083038351,"AK7: Adenylate kinase 7 (Homo sapiens)","Wounded 2h vs 0h (injury-filtered)"
"pdam_00017008",446.488188674164,-0.385928793630576,0.140830783715983,-2.74037240614161,0.00613696049691876,0.0383985586712318,"Mrpl3: 39S ribosomal protein L3%2C mitochondrial (Rattus norvegicus)","Wounded 2h vs 0h (injury-filtered)"
"pdam_00017136",232.80284778625,3.10165184788346,0.60186004184227,5.15344371158024,2.55745864217986e-07,1.42817820721601e-05,"Lrp6: Low-density lipoprotein receptor-related protein 6 (Mus musculus)","Wounded 2h vs 0h (injury-filtered)"
"pdam_00017137",1402.54795174969,1.96826998588299,0.53968064454273,3.64710131035124,0.000265215374427572,0.00356895791144921,"EGF1: Fibropellin-1 (Strongylocentrotus purpuratus)","Wounded 2h vs 0h (injury-filtered)"
"pdam_00017267",73.2842025168478,0.730962940854455,0.259085038804801,2.82132439691037,0.00478258133456948,0.0320768369792654,"Galr2: Galanin receptor type 2 (Rattus norvegicus)","Wounded 2h vs 0h (injury-filtered)"
"pdam_00017282",92.7531875343177,1.03677651767977,0.317823316173267,3.26211597740222,0.00110583890832761,0.0107110182171574,"KIF9: Kinesin-like protein KIF9 (Homo sapiens)","Wounded 2h vs 0h (injury-filtered)"
"pdam_00017335",658.510587382001,-0.376171497078688,0.131855582458599,-2.85290535345214,0.00433215221605401,0.0298566982581171,"Acad10: Acyl-CoA dehydrogenase family member 10 (Mus musculus)","Wounded 2h vs 0h (injury-filtered)"
"pdam_00017339",51.4793968134786,-0.807409778636283,0.297994001577132,-2.709483326386,0.00673880921606884,0.0411725392730877,"unknown function","Wounded 2h vs 0h (injury-filtered)"
"pdam_00017362",46.3773047868413,-1.27814609055608,0.473325118452522,-2.70035550772125,0.00692654171557685,0.041952707105589,"Foxb1: Forkhead box protein B1 (Mus musculus)","Wounded 2h vs 0h (injury-filtered)"
"pdam_00017446",262.797620202181,-0.519712587582134,0.177678986256608,-2.92500873925268,0.0034444654978918,0.0254017460327352,"PGM1: Phosphoglucomutase-1 (Bos taurus)","Wounded 2h vs 0h (injury-filtered)"
"pdam_00017455",182.796005689439,1.30313561318052,0.37406567955407,3.48370803419872,0.000494518631145167,0.00572839690023834,"Octbeta2R: Octopamine receptor beta-2R (Drosophila melanogaster)","Wounded 2h vs 0h (injury-filtered)"
"pdam_00017479",217.257709183619,-0.554141141887699,0.196354202321481,-2.8221506610815,0.00477027613322779,0.0320335346760898,"CG12259: Protein FAM50 homolog (Drosophila melanogaster)","Wounded 2h vs 0h (injury-filtered)"
"pdam_00017518",34.737543073763,1.15507401857934,0.401164688189325,2.87930132582908,0.00398557327506279,0.0282934444006942,"SPATS1: Spermatogenesis-associated serine-rich protein 1 (Homo sapiens)","Wounded 2h vs 0h (injury-filtered)"
"pdam_00017572",203.772723148816,-0.515637765450875,0.18088057029658,-2.85070842382579,0.00436219507089146,0.0299534275311141,"unknown function","Wounded 2h vs 0h (injury-filtered)"
"pdam_00017591",340.475588955325,-0.445246704888427,0.160230106162576,-2.77879554318375,0.00545608549140806,0.0352180458074924,"NHP2: H/ACA ribonucleoprotein complex subunit 2 (Saccharomyces cerevisiae (strain ATCC 204508 / S288c))","Wounded 2h vs 0h (injury-filtered)"
"pdam_00017618",1980.80447442721,-0.777782744038766,0.295924774996153,-2.62831236096699,0.00858096812108828,0.0489945327066869,"shep: Protein alan shepard (Drosophila willistoni)","Wounded 2h vs 0h (injury-filtered)"
"pdam_00017633",316.796336429294,-0.643333170579971,0.228820396953757,-2.81152021036824,0.00493079929361294,0.0327903890960823,"slc22a15: Solute carrier family 22 member 15 (Xenopus laevis)","Wounded 2h vs 0h (injury-filtered)"
"pdam_00017664",109.004395228634,0.864568021137003,0.302202526064387,2.86088945845806,0.00422454322054972,0.0294412882004489,"Rnf166: RING finger protein 166 (Rattus norvegicus)","Wounded 2h vs 0h (injury-filtered)"
"pdam_00017670",232.675869948373,-0.533545219351339,0.181200722036603,-2.94449830748226,0.0032347871572292,0.0243020118420409,"IMPA1: Inositol monophosphatase 1 (Pongo abelii)","Wounded 2h vs 0h (injury-filtered)"
"pdam_00017691",13.6682198633897,2.37686080225467,0.882071015762645,2.69463655395095,0.00704654461962415,0.0425073754253471,"licD: Lipopolysaccharide cholinephosphotransferase LicD (Haemophilus influenzae (strain ATCC 51907 / DSM 11121 / KW20 / Rd))","Wounded 2h vs 0h (injury-filtered)"
"pdam_00017729",107.009344028204,0.62882175022959,0.233556201731222,2.69237873183621,0.00709443306380092,0.0427361069732266,"Taf1c: TATA box-binding protein-associated factor%2C RNA polymerase I%2C subunit C (Rattus norvegicus)","Wounded 2h vs 0h (injury-filtered)"
"pdam_00017784",50.7315071086439,-0.976869437733587,0.361096831045874,-2.70528388439245,0.00682460391683943,0.0415486539596219,"trim71: E3 ubiquitin-protein ligase TRIM71 (Danio rerio)","Wounded 2h vs 0h (injury-filtered)"
"pdam_00017834",237.894597039675,0.530537010181219,0.181566694441677,2.92199520298939,0.00347796897145507,0.0255468294972689,"POLR2I: DNA-directed RNA polymerase II subunit RPB9 (Sus scrofa)","Wounded 2h vs 0h (injury-filtered)"
"pdam_00017863",27.9372997118199,2.28375122150449,0.811319922864861,2.81485904283024,0.00487986327114343,0.0325371939985208,"unknown function","Wounded 2h vs 0h (injury-filtered)"
"pdam_00017896",124.541350320052,-0.750757900073964,0.199158514190008,-3.7696500354371,0.000163476612349496,0.002413990561688,"MMP2: 72 kDa type IV collagenase (Bos taurus)","Wounded 2h vs 0h (injury-filtered)"
"pdam_00017964",22.7125085638224,2.08264188071885,0.619109861524052,3.36392942537218,0.000768411901412163,0.00809689836374316,"unknown function","Wounded 2h vs 0h (injury-filtered)"
"pdam_00017965",733.825288591332,-0.447179729654579,0.169083065767559,-2.6447339810441,0.00817551618256274,0.0474318272195789,"unknown function","Wounded 2h vs 0h (injury-filtered)"
"pdam_00017986",52.0406126230124,1.14526814666394,0.324933116274738,3.52462734421811,0.000424078924232927,0.00509132288308775,"Tprkb: EKC/KEOPS complex subunit Tprkb (Mus musculus)","Wounded 2h vs 0h (injury-filtered)"
"pdam_00017988",44.0105467275347,-1.13341865379178,0.431866249576202,-2.62446684570517,0.00867847412829006,0.0493151343902568,"unknown function","Wounded 2h vs 0h (injury-filtered)"
"pdam_00018065",608.562447701544,-0.428219944791714,0.162358556468791,-2.63749539356139,0.00835207598881192,0.0480657907862342,"rab4b: Ras-related protein Rab-4B (Danio rerio)","Wounded 2h vs 0h (injury-filtered)"
"pdam_00018125",552.715722788191,0.918550448930849,0.269778953222402,3.4048262029307,0.000662061749735135,0.00723415336995484,"unknown function","Wounded 2h vs 0h (injury-filtered)"
"pdam_00018127",126.769976963576,1.34329882645309,0.352656237894169,3.8090885176862,0.00013948002112682,0.00213886000196619,"HSPA5: 78 kDa glucose-regulated protein (Bos taurus)","Wounded 2h vs 0h (injury-filtered)"
"pdam_00018162",1084.47214738601,0.520276687300844,0.159900881573584,3.2537449586319,0.00113894482850197,0.0109820416984464,"arl8ba: ADP-ribosylation factor-like protein 8B-A (Danio rerio)","Wounded 2h vs 0h (injury-filtered)"
"pdam_00018214",360.357825495584,-0.56839627870043,0.185824383179996,-3.05878200144413,0.00222238804286662,0.018300009897649,"uba2: SUMO-activating enzyme subunit 2 (Xenopus tropicalis)","Wounded 2h vs 0h (injury-filtered)"
"pdam_00018223",141.530430604623,-1.28087521820604,0.334922841178886,-3.82438896582128,0.000131096809673728,0.00203764615144732,"DES1: Acyl-lipid (8-3)-desaturase (Mortierella alpina)","Wounded 2h vs 0h (injury-filtered)"
"pdam_00018257",96.5689582690009,-0.74202301675429,0.268476188658885,-2.76383175901337,0.00571269858193627,0.0364083659809351,"unknown function","Wounded 2h vs 0h (injury-filtered)"
"pdam_00018279",317.255535650484,0.758893329527849,0.253629768757192,2.99213035302004,0.00277037942470498,0.0215673091061152,"Slc50a1: Sugar transporter SWEET1 (Mus musculus)","Wounded 2h vs 0h (injury-filtered)"
"pdam_00018282",11.6455809596354,3.68963567861624,1.27545009205989,2.89281070391188,0.00381811334215491,0.0274801574886246,"unknown function","Wounded 2h vs 0h (injury-filtered)"
"pdam_00018310",1012.5371292395,-0.28239653910613,0.107551770510289,-2.6256800586943,0.00864760578480185,0.0492134063445383,"Exoc3: Exocyst complex component 3 (Rattus norvegicus)","Wounded 2h vs 0h (injury-filtered)"
"pdam_00018352",750.415926116094,0.293535047505122,0.10810100811429,2.71537752168584,0.00662002580670167,0.0405624454717989,"BAG3: BAG family molecular chaperone regulator 3 (Homo sapiens)","Wounded 2h vs 0h (injury-filtered)"
"pdam_00018534",92.8300300514297,0.75344413709738,0.263862254812196,2.85544492763333,0.00429765756044794,0.0297212751981926,"CFAP57: Cilia- and flagella-associated protein 57 (Homo sapiens)","Wounded 2h vs 0h (injury-filtered)"
"pdam_00018539",143.128678209102,-0.494221207857648,0.182207910286804,-2.71240259042387,0.00667974106609049,0.0408844986922726,"Asnsd1: Asparagine synthetase domain-containing protein 1 (Mus musculus)","Wounded 2h vs 0h (injury-filtered)"
"pdam_00018541",444.632635557341,-0.51090626475263,0.148897639688259,-3.43125831828022,0.000600788203782323,0.00671441523184103,"Pde4d: cAMP-specific 3'%2C5'-cyclic phosphodiesterase 4D (Mus musculus)","Wounded 2h vs 0h (injury-filtered)"
"pdam_00018562",451.970438265868,1.00574918833485,0.222553453894256,4.5191353840445,6.20926818578066e-06,0.000189753464843179,"unknown function","Wounded 2h vs 0h (injury-filtered)"
"pdam_00018580",69.644526642902,-0.825862659897418,0.288214359513763,-2.86544591772147,0.00416422396437622,0.0291192836816738,"ALKBH2: DNA oxidative demethylase ALKBH2 (Bos taurus)","Wounded 2h vs 0h (injury-filtered)"
"pdam_00018686",484.736919052158,0.745771742195864,0.204992441987043,3.63804506628103,0.000274715363105214,0.0036652649574606,"unknown function","Wounded 2h vs 0h (injury-filtered)"
"pdam_00018734",191.982505512588,-0.789439297961472,0.244953931333621,-3.22280721792653,0.00126940957072072,0.0119444334140702,"RPGR: X-linked retinitis pigmentosa GTPase regulator (Homo sapiens)","Wounded 2h vs 0h (injury-filtered)"
"pdam_00018793",340.795968070866,0.572267098739477,0.172876074949252,3.31027355235516,0.000932048337396609,0.00939990561620526,"IQCG: IQ domain-containing protein G (Homo sapiens)","Wounded 2h vs 0h (injury-filtered)"
"pdam_00018802",289.729848630076,0.56786161842025,0.180568264664234,3.14485836963758,0.00166167253724276,0.0146165797734684,"Uncharacterized skeletal organic matrix protein 7 (Acropora millepora)","Wounded 2h vs 0h (injury-filtered)"
"pdam_00018803",192.044314902513,0.762135187543329,0.210892788446192,3.6138513467367,0.000301682070441948,0.00391317559862124,"oxr1: Oxidation resistance protein 1 (Xenopus tropicalis)","Wounded 2h vs 0h (injury-filtered)"
"pdam_00018835",35.5366102886416,1.23012507154528,0.407135532166694,3.02141418362283,0.00251596946812408,0.0200809034271505,"Rwdd2b: RWD domain-containing protein 2B (Mus musculus)","Wounded 2h vs 0h (injury-filtered)"
"pdam_00018886",223.823387347046,-0.384877892029636,0.139563631070298,-2.75772340600521,0.00582054249918749,0.0368899743460518,"Dnajc4: DnaJ homolog subfamily C member 4 (Mus musculus)","Wounded 2h vs 0h (injury-filtered)"
"pdam_00018950",402.333367430159,-0.3909449598272,0.132270334944851,-2.9556510913063,0.00312009832907989,0.0236476418009486,"Lrrc57: Leucine-rich repeat-containing protein 57 (Rattus norvegicus)","Wounded 2h vs 0h (injury-filtered)"
"pdam_00019032",74.5995786366417,1.11963342908368,0.310406225422877,3.60699411733241,0.000309764680416879,0.00397500425229563,"TMEM128: Transmembrane protein 128 (Bos taurus)","Wounded 2h vs 0h (injury-filtered)"
"pdam_00019096",388.577053030287,0.72975087845872,0.234290698862568,3.11472406715891,0.00184117057703371,0.0158615690050964,"RIBC2: RIB43A-like with coiled-coils protein 2 (Homo sapiens)","Wounded 2h vs 0h (injury-filtered)"
"pdam_00019115",149.428156338736,-0.67022712663811,0.213148274443207,-3.14441732352232,0.00166417928090732,0.0146311228676283,"COMMD7: COMM domain-containing protein 7 (Bos taurus)","Wounded 2h vs 0h (injury-filtered)"
"pdam_00019195",154.387901065451,0.650641750328083,0.243705301447939,2.66978907090815,0.00758989095695646,0.0447653739770816,"CFAP77: Cilia- and flagella-associated protein 77 (Homo sapiens)","Wounded 2h vs 0h (injury-filtered)"
"pdam_00019235",69.2698356673677,-1.43655355108086,0.413469602956648,-3.47438733297036,0.000512021338798853,0.00587950022261723,"unknown function","Wounded 2h vs 0h (injury-filtered)"
"pdam_00019292",563.631065118143,-0.511304997968713,0.191197422264388,-2.67422537350781,0.0074902095724011,0.0444113173811188,"gamt-a: Guanidinoacetate N-methyltransferase A (Xenopus laevis)","Wounded 2h vs 0h (injury-filtered)"
"pdam_00019315",269.385573956207,-0.622987929655327,0.154020498316139,-4.04483777462268,5.23593678414092e-05,0.00100859438457654,"Chid1: Chitinase domain-containing protein 1 (Rattus norvegicus)","Wounded 2h vs 0h (injury-filtered)"
"pdam_00019337",72.4349429191183,-0.783831094428361,0.280235037644156,-2.79704886661486,0.00515717325627614,0.0338053939364617,"unknown function","Wounded 2h vs 0h (injury-filtered)"
"pdam_00019340",691.510963599283,0.542992952684123,0.177373672083559,3.06129396942476,0.00220382604451947,0.0182259496899382,"LanB1: Laminin subunit beta-1 (Drosophila melanogaster)","Wounded 2h vs 0h (injury-filtered)"
"pdam_00019345",852.825028072856,0.417971908260165,0.146193875722838,2.85902474500763,0.00424945635245051,0.0295219404378251,"zgpat: Zinc finger CCCH-type with G patch domain-containing protein (Danio rerio)","Wounded 2h vs 0h (injury-filtered)"
"pdam_00019357",1485.93863386917,-0.868299842883147,0.29997909605087,-2.89453450028365,0.00379721179199352,0.0273756934238591,"Actin%2C cytoplasmic (Pisaster ochraceus)","Wounded 2h vs 0h (injury-filtered)"
"pdam_00019447",349.445873762322,-0.421280009921334,0.148901492680406,-2.82925310107903,0.00466567844679492,0.0315536060322888,"MAEA: Macrophage erythroblast attacher (Pongo abelii)","Wounded 2h vs 0h (injury-filtered)"
"pdam_00019510",633.952138181243,0.541545386781181,0.192815077564143,2.80862572378981,0.00497534514563701,0.0330225773042202,"Cfap58: Cilia- and flagella-associated protein 58 (Mus musculus)","Wounded 2h vs 0h (injury-filtered)"
"pdam_00019517",214.725939564456,-0.482121143777593,0.17436195017594,-2.76505936811964,0.00569124367956285,0.0363129854064868,"RABEPK: Rab9 effector protein with kelch motifs (Homo sapiens)","Wounded 2h vs 0h (injury-filtered)"
"pdam_00019542",45.9610099522172,1.14461378481897,0.400264465107646,2.8596437720524,0.00424117122922807,0.0294972168575602,"Shal: Potassium voltage-gated channel protein Shal (Drosophila melanogaster)","Wounded 2h vs 0h (injury-filtered)"
"pdam_00019561",290.661577925939,-0.439160569471401,0.158717875018947,-2.76692571280315,0.00565876482243059,0.0362127152354423,"chmp7: Charged multivesicular body protein 7 (Danio rerio)","Wounded 2h vs 0h (injury-filtered)"
"pdam_00019569",20.3243880299354,2.52272199495739,0.612076914598692,4.12157677374813,3.76288025719875e-05,0.000778176346555071,"FBXL20: F-box/LRR-repeat protein 20 (Homo sapiens)","Wounded 2h vs 0h (injury-filtered)"
"pdam_00019571",331.72413140668,-0.486161482439941,0.166131880262494,-2.92635875589796,0.00342955196979179,0.0253148328056814,"alh-13: Probable delta-1-pyrroline-5-carboxylate synthase (Caenorhabditis elegans)","Wounded 2h vs 0h (injury-filtered)"
"pdam_00019589",12.2607606912149,2.85665437051609,0.82888879980473,3.44636623294834,0.000568179778468991,0.00642961988255603,"Pxdn: Peroxidasin homolog (Mus musculus)","Wounded 2h vs 0h (injury-filtered)"
"pdam_00019592",43.7882497543569,1.32004066319245,0.413575027093143,3.19178039464932,0.00141398793837016,0.0129425569756637,"flt4: Vascular endothelial growth factor receptor 3 (Danio rerio)","Wounded 2h vs 0h (injury-filtered)"
"pdam_00019706",142.169160510081,-0.93285483993168,0.349649690628837,-2.66796987079829,0.00763111010307758,0.0449425460691041,"FGF2: Fibroblast growth factor 2 (Monodelphis domestica)","Wounded 2h vs 0h (injury-filtered)"
"pdam_00019733",981.583109691868,-0.644584601554783,0.214300000434542,-3.00786094375988,0.00263093491620141,0.0207165062973518,"Atpalpha: Sodium/potassium-transporting ATPase subunit alpha (Drosophila melanogaster)","Wounded 2h vs 0h (injury-filtered)"
"pdam_00019762",1317.39779419477,-0.300521208479436,0.107890780068544,-2.78542066605238,0.00534583197397935,0.0347418284161873,"SMAD5: Mothers against decapentaplegic homolog 5 (Gallus gallus)","Wounded 2h vs 0h (injury-filtered)"
"pdam_00019785",1795.65808239761,0.373401450810702,0.108787812379326,3.4323831194317,0.000598301708909688,0.00669535541615384,"UTP4: U3 small nucleolar RNA-associated protein 4 homolog (Homo sapiens)","Wounded 2h vs 0h (injury-filtered)"
"pdam_00019791",121.139618481908,-0.636819620883821,0.240045381705047,-2.65291344645116,0.00798003307701716,0.0464864719919749,"DERL1: Derlin-1 (Homo sapiens)","Wounded 2h vs 0h (injury-filtered)"
"pdam_00019801",406.886140039053,-0.609732142630248,0.188870156693813,-3.22831384959729,0.00124522273385793,0.0117685218022383,"xnp-1: Transcriptional regulator ATRX homolog (Caenorhabditis elegans)","Wounded 2h vs 0h (injury-filtered)"
"pdam_00019803",3648.8341321282,0.439049397141691,0.136696839523406,3.21184746240249,0.00131884380051493,0.0122815090255448,"Rpn1: Dolichyl-diphosphooligosaccharide--protein glycosyltransferase subunit 1 (Mus musculus)","Wounded 2h vs 0h (injury-filtered)"
"pdam_00019828",9837.75472175257,-0.669373848142064,0.206090388753187,-3.24796247021351,0.0011623460081311,0.0111325474655864,"ACTII: Actin-2 (Echinococcus granulosus)","Wounded 2h vs 0h (injury-filtered)"
"pdam_00019849",278.308402483013,0.866947558215567,0.2276542685668,3.80817615972433,0.000139995531107361,0.00214293159402196,"LTA4H: Leukotriene A-4 hydrolase (Homo sapiens)","Wounded 2h vs 0h (injury-filtered)"
"pdam_00019934",170.030406269223,1.09025463834227,0.255734000787294,4.26323693754389,2.01486672516621e-05,0.000476860029463282,"VWA3A: von Willebrand factor A domain-containing protein 3A (Homo sapiens)","Wounded 2h vs 0h (injury-filtered)"
"pdam_00019979",21.691801548562,1.21113782658681,0.421361319439937,2.87434505900214,0.00404866365716795,0.0285756647750051,"unknown function","Wounded 2h vs 0h (injury-filtered)"
"pdam_00020004",61.5928420684402,-1.5419378450905,0.528504261134785,-2.91755045035911,0.00352792572275648,0.0258583833223331,"Mfn2: Mitofusin-2 (Mus musculus)","Wounded 2h vs 0h (injury-filtered)"
"pdam_00020011",225.197728470416,-0.57121441878881,0.212477014421952,-2.688358645959,0.00718042293828084,0.0431328559403948,"MGAT5: Alpha-1%2C6-mannosylglycoprotein 6-beta-N-acetylglucosaminyltransferase A (Cricetulus griseus)","Wounded 2h vs 0h (injury-filtered)"
"pdam_00020043",946.953564739064,0.632718620244666,0.20764678772348,3.047090817929,0.00231067884736617,0.0188819247660847,"Oacyl: O-acyltransferase like protein (Mus musculus)","Wounded 2h vs 0h (injury-filtered)"
"pdam_00020058",37.326919762038,-1.368432995649,0.413600754788194,-3.30858437710003,0.000937689247782162,0.0094337332942458,"unknown function","Wounded 2h vs 0h (injury-filtered)"
"pdam_00020074",32.0573125642426,-1.29403767529302,0.4480787323785,-2.88796941649961,0.00387737570643262,0.0277436265071289,"unknown function","Wounded 2h vs 0h (injury-filtered)"
"pdam_00020086",108.611456164202,-0.628471182552319,0.221578315852133,-2.8363388363856,0.00456340032642222,0.0310166635717629,"Amacr: Alpha-methylacyl-CoA racemase (Rattus norvegicus)","Wounded 2h vs 0h (injury-filtered)"
"pdam_00020096",389.525562197083,-0.637627307057668,0.16128392240344,-3.95344618084554,7.70335970458307e-05,0.00135932583922815,"Iqsec1: IQ motif and SEC7 domain-containing protein 1 (Mus musculus)","Wounded 2h vs 0h (injury-filtered)"
"pdam_00020127",740.118455409725,-0.448949444525186,0.134524784323683,-3.33729912136458,0.000845968493717402,0.00871068099476945,"WHRN: Whirlin (Homo sapiens)","Wounded 2h vs 0h (injury-filtered)"
"pdam_00020171",46.3358385428757,-1.31170087944761,0.460433209148418,-2.84884072952434,0.0043878840499281,0.030090353660787,"unknown function","Wounded 2h vs 0h (injury-filtered)"
"pdam_00020184",16.8678530175064,1.31658340257087,0.500883849290195,2.62852037340914,0.00857572183584075,0.0489910613640966,"unknown function","Wounded 2h vs 0h (injury-filtered)"
"pdam_00020188",190.504654009643,0.452666340581493,0.148913249405127,3.03979895939272,0.00236736116440317,0.0191805481108355,"Jkamp: JNK1/MAPK8-associated membrane protein (Mus musculus)","Wounded 2h vs 0h (injury-filtered)"
"pdam_00020191",60.7481125931278,1.06720225558617,0.401527104546406,2.6578585692036,0.00786388865257865,0.0459817554774244,"Crebbp: CREB-binding protein (Mus musculus)","Wounded 2h vs 0h (injury-filtered)"
"pdam_00020205",68.0655457707704,1.27966893748815,0.39497504813992,3.2398728565629,0.00119583008347673,0.0113769761105022,"v1g209471: UPF0669 protein v1g209471 (Nematostella vectensis)","Wounded 2h vs 0h (injury-filtered)"
"pdam_00020289",275.59333426197,0.677027297288503,0.175409203738624,3.85970224400161,0.000113525268066194,0.00181756873582237,"DNAAF1: Dynein assembly factor 1%2C axonemal (Bos taurus)","Wounded 2h vs 0h (injury-filtered)"
"pdam_00020344",1404.54028510041,0.413714307701737,0.116172253289567,3.56121445514641,0.000369143416940323,0.00455382068208046,"Ppm1j: Protein phosphatase 1J (Rattus norvegicus)","Wounded 2h vs 0h (injury-filtered)"
"pdam_00020359",159.83392063316,-0.681827365042525,0.228506045714772,-2.98384825184713,0.0028464790430989,0.0219819985202196,"BTBD19: BTB/POZ domain-containing protein 19 (Homo sapiens)","Wounded 2h vs 0h (injury-filtered)"
"pdam_00020364",77.235705789641,-0.904678577532113,0.300368724547948,-3.01189339500524,0.00259623755840358,0.0205493521243171,"unknown function","Wounded 2h vs 0h (injury-filtered)"
"pdam_00020365",542.05565900424,0.480278020680525,0.136531701066492,3.51770333870394,0.000435298705988352,0.00518607436793905,"ttc25: Tetratricopeptide repeat protein 25 (Danio rerio)","Wounded 2h vs 0h (injury-filtered)"
"pdam_00020375",1439.04913988297,-0.523212565175912,0.157213724246464,-3.32803365408272,0.000874613002106708,0.00895720747199367,"wdr1-b: WD repeat-containing protein 1-B (Xenopus laevis)","Wounded 2h vs 0h (injury-filtered)"
"pdam_00020400",189.308753280231,-0.508077293548665,0.166627256509093,-3.04918477440657,0.0022946330213132,0.0187686968117335,"Ints10: Integrator complex subunit 10 (Mus musculus)","Wounded 2h vs 0h (injury-filtered)"
"pdam_00020480",21.2497491235911,-1.4184984196088,0.426828775575577,-3.32334299086551,0.000889454775379788,0.00909291154985753,"GFP-like fluorescent chromoprotein amFP486 (Anemonia manjano)","Wounded 2h vs 0h (injury-filtered)"
"pdam_00020501",9.5367492611715,3.10029910532334,1.06374490071059,2.91451371776478,0.00356243152133465,0.0260539242049346,"Nmur2: Neuromedin-U receptor 2 (Rattus norvegicus)","Wounded 2h vs 0h (injury-filtered)"
"pdam_00020504",604.368793913992,0.545728619602939,0.198443288961201,2.7500482503575,0.00595864899304296,0.0375708268983922,"unknown function","Wounded 2h vs 0h (injury-filtered)"
"pdam_00020529",264.895253997029,-0.529193635860555,0.190257915794522,-2.78145397341618,0.0054116003655731,0.0350232074999567,"POLR2F: DNA-directed RNA polymerases I%2C II%2C and III subunit RPABC2 (Bos taurus)","Wounded 2h vs 0h (injury-filtered)"
"pdam_00020539",130.765161687095,-0.723264881858638,0.218050601861462,-3.31695888791062,0.000910030064631053,0.0092342736991825,"unknown function","Wounded 2h vs 0h (injury-filtered)"
"pdam_00020550",8.97178413480017,2.46731593131102,0.833571229359928,2.9599341296911,0.00307704825523129,0.0234145207668377,"unknown function","Wounded 2h vs 0h (injury-filtered)"
"pdam_00020569",312.925361785653,0.729393170786805,0.259816155854321,2.80734340167736,0.0049951960254748,0.0330837193151104,"unknown function","Wounded 2h vs 0h (injury-filtered)"
"pdam_00020574",144.21570471689,-0.653591311812976,0.199915283677094,-3.26934139197013,0.00107798153615817,0.0105184493203732,"Robo3: Roundabout homolog 3 (Mus musculus)","Wounded 2h vs 0h (injury-filtered)"
"pdam_00020599",358.282047324887,-0.603831041300178,0.156596916260689,-3.85595742061084,0.000115277553657607,0.00183843570223815,"unknown function","Wounded 2h vs 0h (injury-filtered)"
"pdam_00020625",120.237549817264,-0.73884907366971,0.26347752311001,-2.80422050787695,0.00504383964269929,0.0332583026286295,"unknown function","Wounded 2h vs 0h (injury-filtered)"
"pdam_00020644",2060.87145280357,-0.373608413305513,0.140775758251435,-2.65392577490666,0.00795613257537141,0.0463945363510774,"PRDX5: Peroxiredoxin-5%2C mitochondrial (Chlorocebus aethiops)","Wounded 2h vs 0h (injury-filtered)"
"pdam_00020694",1317.90861509337,0.35723262769966,0.120764328169733,2.95809725532174,0.00309544444374794,0.023481548470626,"DNM1: Dynamin-1 (Bos taurus)","Wounded 2h vs 0h (injury-filtered)"
"pdam_00020696",114.955139835581,-0.667235847038335,0.236566827695954,-2.82049623582853,0.00479494360365837,0.0320985994303472,"unknown function","Wounded 2h vs 0h (injury-filtered)"
"pdam_00020742",642.668211145811,-0.487700777354774,0.177607757425943,-2.74594299496253,0.00603372466109852,0.037918686066669,"AGL: Glycogen debranching enzyme (Homo sapiens)","Wounded 2h vs 0h (injury-filtered)"
"pdam_00020749",522.93092808721,-0.40637104746333,0.145509627103058,-2.79274337756027,0.00522631355490755,0.0341802794596149,"NDUFA13: NADH dehydrogenase [ubiquinone] 1 alpha subcomplex subunit 13 (Bos taurus)","Wounded 2h vs 0h (injury-filtered)"
"pdam_00020766",181.188353757293,-0.722960252814948,0.250127507808412,-2.89036683389781,0.00384792518746496,0.0276020206752717,"Brf1: Transcription factor IIIB 90 kDa subunit (Mus musculus)","Wounded 2h vs 0h (injury-filtered)"
"pdam_00020772",30.6532247375233,1.68088131985598,0.604431899216956,2.78092754871734,0.00542038325986743,0.0350535837824094,"Pkd1l2: Polycystic kidney disease protein 1-like 2 (Mus musculus)","Wounded 2h vs 0h (injury-filtered)"
"pdam_00020798",77.6089757930583,-1.06788595470537,0.387322504595487,-2.75709761770919,0.00583169389325184,0.0369200043019749,"MAD2L2: Mitotic spindle assembly checkpoint protein MAD2B (Bos taurus)","Wounded 2h vs 0h (injury-filtered)"
"pdam_00020872",171.324118486254,-0.708436432112272,0.266368484470907,-2.65961055234989,0.00782310512178328,0.0458370861954383,"polg2: DNA polymerase subunit gamma-2%2C mitochondrial (Xenopus laevis)","Wounded 2h vs 0h (injury-filtered)"
"pdam_00020880",572.037205231911,-0.549001950085059,0.183405130218809,-2.99338382426969,0.00275902527086915,0.0215003314744458,"TRPC5: Short transient receptor potential channel 5 (Homo sapiens)","Wounded 2h vs 0h (injury-filtered)"
"pdam_00020888",48.891362874783,1.09049267420824,0.364662027170852,2.9904201505942,0.00278593956943394,0.021651019029182,"Fam228b: Protein FAM228B (Mus musculus)","Wounded 2h vs 0h (injury-filtered)"
"pdam_00020901",95.2924479190848,-0.54254637175431,0.203934629313643,-2.66039354660015,0.00780493953980323,0.0457462849471407,"unknown function","Wounded 2h vs 0h (injury-filtered)"
"pdam_00020947",309.326736636395,-0.925432784826994,0.277631837202143,-3.33330929965784,0.000858194802629068,0.00881011478818727,"enpp4: Bis(5'-adenosyl)-triphosphatase enpp4 (Danio rerio)","Wounded 2h vs 0h (injury-filtered)"
"pdam_00020983",323.192831972933,-0.783853111080378,0.192781513877795,-4.06601802897589,4.78232377687369e-05,0.000939154167591323,"Gtpbp2: GTP-binding protein 2 (Mus musculus)","Wounded 2h vs 0h (injury-filtered)"
"pdam_00020996",21.9783764324133,1.65952953144887,0.442984748839837,3.74624529579208,0.000179501077487674,0.0025947440745773,"unknown function","Wounded 2h vs 0h (injury-filtered)"
"pdam_00021028",586.80964000026,-0.540596850511108,0.1339485469169,-4.03585453484976,5.44039174433309e-05,0.00103864227243704,"Mtif2: Translation initiation factor IF-2%2C mitochondrial (Mus musculus)","Wounded 2h vs 0h (injury-filtered)"
"pdam_00021085",112.477749845901,0.985750948932255,0.33777777966885,2.91834160878985,0.00351898601797,0.0258149320890362,"unknown function","Wounded 2h vs 0h (injury-filtered)"
"pdam_00021089",345.831134906209,-0.965615043749076,0.361001876118722,-2.67482001515005,0.0074769379001353,0.0443740600847915,"unknown function","Wounded 2h vs 0h (injury-filtered)"
"pdam_00021219",165.523685542629,0.661661932614981,0.242339232023835,2.73031290513417,0.00632742371539727,0.0391191316901445,"C9orf172: Uncharacterized protein C9orf172 (Homo sapiens)","Wounded 2h vs 0h (injury-filtered)"
"pdam_00021257",88.6280467697686,-0.738369021641987,0.260320672929206,-2.83638257896939,0.00456277528683963,0.0310166635717629,"APIP: Methylthioribulose-1-phosphate dehydratase (Gallus gallus)","Wounded 2h vs 0h (injury-filtered)"
"pdam_00021296",179.484598408509,0.884456704111074,0.288941854213653,3.06101968687817,0.00220584590184361,0.0182338583130216,"TBC1D13: TBC1 domain family member 13 (Homo sapiens)","Wounded 2h vs 0h (injury-filtered)"
"pdam_00021366",94.899271257354,0.931246929172381,0.218266658911187,4.26655602746596,1.98513657688108e-05,0.000471136605644005,"CCDC28B: Coiled-coil domain-containing protein 28B (Homo sapiens)","Wounded 2h vs 0h (injury-filtered)"
"pdam_00021370",184.612602980616,-0.7018712489518,0.212146214345537,-3.30843164520775,0.000938200843833942,0.0094337332942458,"apex1: DNA-(apurinic or apyrimidinic site) lyase (Danio rerio)","Wounded 2h vs 0h (injury-filtered)"
"pdam_00021474",294.46977769296,-0.682050836808935,0.16218827416365,-4.205303005572,2.60732605545285e-05,0.00058051945317771,"STRADA: STE20-related kinase adapter protein alpha (Bos taurus)","Wounded 2h vs 0h (injury-filtered)"
"pdam_00021496",289.156100345585,-0.454872855873598,0.157560859145873,-2.88696607989721,0.00388976162569412,0.0277858638795416,"CCDC148: Coiled-coil domain-containing protein 148 (Macaca fascicularis)","Wounded 2h vs 0h (injury-filtered)"
"pdam_00021523",1376.72446412244,-0.548387960600205,0.127887864557212,-4.28803751238554,1.80258656166204e-05,0.000437732451365761,"Psmb7: Proteasome subunit beta type-7 (Rattus norvegicus)","Wounded 2h vs 0h (injury-filtered)"
"pdam_00021632",473.296991191709,-1.09569837656602,0.279814104801721,-3.91580823755271,9.0101845667716e-05,0.00151739296869089,"unknown function","Wounded 2h vs 0h (injury-filtered)"
"pdam_00021668",197.464234139392,-0.52515500987857,0.191454336562455,-2.74297787821201,0.00608847870258806,0.0381927840750712,"Mpnd: MPN domain-containing protein (Mus musculus)","Wounded 2h vs 0h (injury-filtered)"
"pdam_00021695",329.88741139507,0.480753532438404,0.183289479186527,2.62291940907944,0.00871798917276114,0.0495068586875843,"Cd2bp2: CD2 antigen cytoplasmic tail-binding protein 2 (Mus musculus)","Wounded 2h vs 0h (injury-filtered)"
"pdam_00021712",181.529238424393,0.657128777093566,0.183505864689059,3.58096880558579,0.000342322527584383,0.00430812623762336,"unknown function","Wounded 2h vs 0h (injury-filtered)"
"pdam_00021859",375.103308373894,0.752321330728949,0.278152864355947,2.70470459641292,0.00683651550287964,0.041606397508473,"UPF0602 protein C4orf47 homolog (Xenopus laevis)","Wounded 2h vs 0h (injury-filtered)"
"pdam_00021877",42.5172177517721,-1.60496269024591,0.425268962124787,-3.77399442044153,0.000160654354907917,0.00238463918661587,"trim71: E3 ubiquitin-protein ligase TRIM71 (Danio rerio)","Wounded 2h vs 0h (injury-filtered)"
"pdam_00021919",218.738960870575,1.10404131829687,0.33676504881461,3.27837262858191,0.00104407470870937,0.0102694301813617,"wrn-1: Probable Werner syndrome ATP-dependent helicase homolog 1 (Caenorhabditis elegans)","Wounded 2h vs 0h (injury-filtered)"
"pdam_00021929",371.254284447898,1.0640687131676,0.292493798722606,3.63791888174948,0.000274849955765309,0.0036652649574606,"unknown function","Wounded 2h vs 0h (injury-filtered)"
"pdam_00021972",17.2258460762887,-2.00185421177679,0.490353595230266,-4.08247075426608,4.4559420946496e-05,0.000885198971850207,"Grm2: Metabotropic glutamate receptor 2 (Mus musculus)","Wounded 2h vs 0h (injury-filtered)"
"pdam_00022033",406.4752895108,0.690998124798894,0.146204751422882,4.72623576234027,2.28720081558534e-06,8.39652479280407e-05,"TXNDC11: Thioredoxin domain-containing protein 11 (Bos taurus)","Wounded 2h vs 0h (injury-filtered)"
"pdam_00022046",517.305333740598,-0.366792413114147,0.12055034118934,-3.04264931559217,0.00234505443142162,0.0190628796454681,"Alcohol dehydrogenase class-3 (Sparus aurata)","Wounded 2h vs 0h (injury-filtered)"
"pdam_00022056",43.9320606656906,1.08859118211944,0.352127219148098,3.09147127209614,0.00199167253419208,0.0168785140515023,"ADORA2A: Adenosine receptor A2a (Homo sapiens)","Wounded 2h vs 0h (injury-filtered)"
"pdam_00022072",531.520923737051,0.418620935578866,0.143594074236682,2.91530787606783,0.00355337813215255,0.02602268889262,"Pisd: Phosphatidylserine decarboxylase proenzyme%2C mitochondrial (Mus musculus)","Wounded 2h vs 0h (injury-filtered)"
"pdam_00022078",70.0474079679368,0.853324099050224,0.266041699480398,3.20748251389477,0.00133902200498675,0.0124072085133678,"unknown function","Wounded 2h vs 0h (injury-filtered)"
"pdam_00022090",146.683359210828,-0.842623596690382,0.202052139068362,-4.17032752326018,3.04162183335821e-05,0.000658403594837035,"ZFYVE1: Zinc finger FYVE domain-containing protein 1 (Homo sapiens)","Wounded 2h vs 0h (injury-filtered)"
"pdam_00022146",260.239738323757,0.588535641552123,0.215370946498662,2.73266032916737,0.00628250859879242,0.0389679187473579,"ORC3: Origin recognition complex subunit 3 (Spermophilus citellus)","Wounded 2h vs 0h (injury-filtered)"
"pdam_00022195",8.07015343226168,2.30184744188948,0.78406064302464,2.93580281368254,0.00332685726132604,0.0247550524688253,"unknown function","Wounded 2h vs 0h (injury-filtered)"
"pdam_00022293",261.459794860869,-0.579510741719913,0.214810292815513,-2.69777920845543,0.00698037206042733,0.0421836241536475,"unknown function","Wounded 2h vs 0h (injury-filtered)"
"pdam_00022343",38.2307567616531,-1.12561064628338,0.381416264276735,-2.95113436868726,0.0031660914954593,0.0238906129393284,"CHST11: Carbohydrate sulfotransferase 11 (Homo sapiens)","Wounded 2h vs 0h (injury-filtered)"
"pdam_00022471",225.59914999957,-0.565862928555452,0.186854318511107,-3.02836419872102,0.00245881561258378,0.0197349882313373,"EIF2AK4: eIF-2-alpha kinase GCN2 (Homo sapiens)","Wounded 2h vs 0h (injury-filtered)"
"pdam_00022518",18.6170511580087,2.30369193663228,0.673485335367015,3.42055248371056,0.000624940758791209,0.00692117853276259,"unknown function","Wounded 2h vs 0h (injury-filtered)"
"pdam_00022546",116.31296526232,0.907363072047794,0.295919463062326,3.06625006229038,0.002167619469644,0.0180046841994073,"EFCAB12: EF-hand calcium-binding domain-containing protein 12 (Macaca fascicularis)","Wounded 2h vs 0h (injury-filtered)"
"pdam_00022549",42.4839958056023,-0.93816011846952,0.320762579034102,-2.9247804444476,0.00344699327998567,0.0254017460327352,"unknown function","Wounded 2h vs 0h (injury-filtered)"
"pdam_00022581",233.362463973509,0.728089182528485,0.152610454341364,4.77089977662915,1.83404786047365e-06,7.06582393706973e-05,"unc93a: Protein unc-93 homolog A (Xenopus laevis)","Wounded 2h vs 0h (injury-filtered)"
"pdam_00022604",74.7337029764238,0.70741477316177,0.259583505188336,2.72519154346313,0.0064264192972544,0.0395741855000465,"Protein C9orf72 homolog (Mus musculus)","Wounded 2h vs 0h (injury-filtered)"
"pdam_00022671",40.3775606160918,1.08559745714754,0.362645706256391,2.99354835427177,0.00275753809046708,0.0214985143351376,"unknown function","Wounded 2h vs 0h (injury-filtered)"
"pdam_00022740",30.1506941437453,-1.21250222708446,0.391488885576716,-3.09715619460891,0.001953868938212,0.0166238853978692,"H4DEKL: Histone H4 (Dendronephthya klunzingeri)","Wounded 2h vs 0h (injury-filtered)"
"pdam_00022947",434.553107375297,-1.01991385305406,0.345699370307571,-2.95029132435686,0.00317474422882758,0.0239428915978819,"Uncharacterized skeletal organic matrix protein 5 (Acropora millepora)","Wounded 2h vs 0h (injury-filtered)"
"pdam_00023059",72.2147210395796,-1.5661134925008,0.366230424669218,-4.27630635525522,1.90019691747126e-05,0.000456260167410747,"unknown function","Wounded 2h vs 0h (injury-filtered)"
"pdam_00023084",321.468392379742,-0.531198884484154,0.197632524399905,-2.68781105790708,0.00719220798986786,0.0431677283036574,"BHMT: Betaine--homocysteine S-methyltransferase 1 (Pongo abelii)","Wounded 2h vs 0h (injury-filtered)"
"pdam_00023090",844.818361321273,-0.462688167838221,0.164766748069911,-2.80814043645446,0.00498284918991378,0.0330595845634218,"MYL9: Myosin regulatory light polypeptide 9 (Bos taurus)","Wounded 2h vs 0h (injury-filtered)"
"pdam_00023102",513.594855639466,0.469879965679743,0.131945612012684,3.56116401684183,0.000369214346015623,0.00455382068208046,"unknown function","Wounded 2h vs 0h (injury-filtered)"
"pdam_00023199",149.719730113591,-0.96513320906087,0.166960542102134,-5.78060658470114,7.4431763981196e-09,7.97536351058516e-07,"GALK1: Galactokinase (Homo sapiens)","Wounded 2h vs 0h (injury-filtered)"
"pdam_00023261",157.06291863964,-0.820646416060254,0.260369242630045,-3.15185621685084,0.00162236140081051,0.0143616185051614,"Cdc20: Cell division cycle protein 20 homolog (Mus musculus)","Wounded 2h vs 0h (injury-filtered)"
"pdam_00023282",140.035535865654,0.678772018956459,0.203297170686816,3.33881684955725,0.000841360171026265,0.00868409318005677,"ago2: Protein argonaute-2 (Xenopus laevis)","Wounded 2h vs 0h (injury-filtered)"
"pdam_00023572",140.289723135043,0.454453487313308,0.172059451465535,2.6412584920064,0.00825986726022585,0.0477079264164135,"NFKBIL1: NF-kappa-B inhibitor-like protein 1 (Pan troglodytes)","Wounded 2h vs 0h (injury-filtered)"
"pdam_00023573",239.972322754921,-0.513375987498659,0.190216468831368,-2.69890399423711,0.00695682424248232,0.0421143343266656,"Edf1: Endothelial differentiation-related factor 1 (Rattus norvegicus)","Wounded 2h vs 0h (injury-filtered)"
"pdam_00023601",12.5840181052781,-1.80010867844304,0.626601777598275,-2.87281131780817,0.0040683701626898,0.0286289967497331,"unknown function","Wounded 2h vs 0h (injury-filtered)"
"pdam_00023622",133.479983775274,-0.631307385016314,0.238023784574764,-2.65228698108536,0.00799485575478725,0.0465096053817688,"TTC28: Tetratricopeptide repeat protein 28 (Homo sapiens)","Wounded 2h vs 0h (injury-filtered)"
"pdam_00023648",2290.24203835434,-0.338363612039311,0.12654370420685,-2.67388736689908,0.00749776287870813,0.0444319553379095,"ETFB: Electron transfer flavoprotein subunit beta (Homo sapiens)","Wounded 2h vs 0h (injury-filtered)"
"pdam_00023693",177.526046411689,-1.05420741394348,0.258588425883722,-4.07677725845903,4.5664197914016e-05,0.000905048565361723,"cyp17a1: Steroid 17-alpha-hydroxylase/17%2C20 lyase (Oryzias latipes)","Wounded 2h vs 0h (injury-filtered)"
"pdam_00023715",317.861911366198,-0.524701596164166,0.171856436624792,-3.05313904133674,0.00226460983148155,0.0185585425195601,"ATF7IP: Activating transcription factor 7-interacting protein 1 (Gallus gallus)","Wounded 2h vs 0h (injury-filtered)"
"pdam_00023720",191.338704974254,-0.606610840956993,0.22461949875503,-2.70061523740895,0.00692113555328109,0.041952707105589,"Pcbd1: Pterin-4-alpha-carbinolamine dehydratase (Mus musculus)","Wounded 2h vs 0h (injury-filtered)"
"pdam_00023723",1569.76410036216,0.425080417270689,0.154969680133086,2.74299086702403,0.00608823787755527,0.0381927840750712,"ppp1cb: Serine/threonine-protein phosphatase PP1-beta catalytic subunit (Xenopus tropicalis)","Wounded 2h vs 0h (injury-filtered)"
"pdam_00023756",23.4835495510457,-1.24888127405898,0.454848903880822,-2.74570580120868,0.00603808831686275,0.0379322045087193,"unknown function","Wounded 2h vs 0h (injury-filtered)"
"pdam_00023805",430.155027931703,0.772018711138716,0.286169249793838,2.69776963001753,0.006980572895701,0.0421836241536475,"Uncharacterized skeletal organic matrix protein 5 (Acropora millepora)","Wounded 2h vs 0h (injury-filtered)"
"pdam_00023807",156.631511781102,0.542855114986772,0.186037426180119,2.91798874093855,0.00352297070319985,0.025833109382232,"Ccdc175: Coiled-coil domain-containing protein 175 (Rattus norvegicus)","Wounded 2h vs 0h (injury-filtered)"
"pdam_00023812",65.9852312139411,0.98484234864958,0.257326508936903,3.82720906881407,0.000129604428733162,0.00202178191647073,"unknown function","Wounded 2h vs 0h (injury-filtered)"
"pdam_00023818",190.426272913718,-0.667512725004347,0.212595110187442,-3.13983103569886,0.00169045303418062,0.0148089559621832,"MRPS22: 28S ribosomal protein S22%2C mitochondrial (Bos taurus)","Wounded 2h vs 0h (injury-filtered)"
"pdam_00023838",827.121502205444,-0.406535629036406,0.154215137654112,-2.63615903873341,0.00838504213345807,0.0482069625539923,"INPP5F: Phosphatidylinositide phosphatase SAC2 (Homo sapiens)","Wounded 2h vs 0h (injury-filtered)"
"pdam_00023871",505.38610231948,0.442199567996292,0.14038326919303,3.14994493673073,0.00163301237435263,0.0144311155391245,"pcnx4: Pecanex-like protein 4 (Xenopus laevis)","Wounded 2h vs 0h (injury-filtered)"
"pdam_00024042",91.4868215319778,0.93892298102031,0.33427157094121,2.80886280091537,0.00497168291652014,0.0330110503179013,"unknown function","Wounded 2h vs 0h (injury-filtered)"
"pdam_00024053",253.309906604498,-0.500950433963272,0.186835333180625,-2.68124034910984,0.00733498123535506,0.0438003895154744,"unknown function","Wounded 2h vs 0h (injury-filtered)"
"pdam_00024153",108.4211287023,-0.613611620151784,0.233823582374582,-2.62425035969549,0.00868399262531987,0.0493301423354817,"pats1: Probable serine/threonine-protein kinase pats1 (Dictyostelium discoideum)","Wounded 2h vs 0h (injury-filtered)"
"pdam_00024229",291.600839524201,-0.619310692834731,0.168517766515364,-3.67504688461598,0.000237805740569603,0.00326678014128628,"unknown function","Wounded 2h vs 0h (injury-filtered)"
"pdam_00024538",452.35063145191,0.507153433671102,0.178113221984607,2.84736544553066,0.00440827251864434,0.0302180823908991,"unknown function","Wounded 2h vs 0h (injury-filtered)"
"pdam_00024567",21.6543540376491,5.0035433934191,1.21907137713122,4.10438919925567,4.05384502970733e-05,0.000824426087654834,"unknown function","Wounded 2h vs 0h (injury-filtered)"
"pdam_00024761",45.0056270988429,1.73699183776627,0.525834275442345,3.30330660987261,0.000955518505182557,0.0095797714928946,"unknown function","Wounded 2h vs 0h (injury-filtered)"
"pdam_00024782",83.316898863894,0.986836275062947,0.317125982479411,3.11181148686552,0.00185943195361553,0.0159870117416172,"unknown function","Wounded 2h vs 0h (injury-filtered)"
"pdam_00024805",16.1811665503276,1.53183950778705,0.545131018483122,2.81003915728285,0.00495354728203421,0.0329033764444767,"Sacs: Sacsin (Mus musculus)","Wounded 2h vs 0h (injury-filtered)"
"pdam_00024838",73.4437255145947,-1.37534264201471,0.355397635773007,-3.86986998105172,0.000108893411453515,0.00175622638378087,"TTC28: Tetratricopeptide repeat protein 28 (Homo sapiens)","Wounded 2h vs 0h (injury-filtered)"
"pdam_00024855",36.008155240207,-1.26129055129085,0.441978998917984,-2.85373412397114,0.00432086765643164,0.0298032876743026,"unknown function","Wounded 2h vs 0h (injury-filtered)"
"pdam_00024953",57.6500474730712,1.10324464469984,0.404485241681746,2.72752756098796,0.00638109266573342,0.0393654004798497,"Micall1: MICAL-like protein 1 (Mus musculus)","Wounded 2h vs 0h (injury-filtered)"
"pdam_00025024",130.468323926042,-0.669194511868346,0.217816929040271,-3.07227961948092,0.00212430629194766,0.0177381773530795,"unknown function","Wounded 2h vs 0h (injury-filtered)"
"pdam_00025139",84.7174458131792,-0.768080467963908,0.260265652291222,-2.95114034910943,0.00316603019120559,0.0238906129393284,"licD: Lipopolysaccharide cholinephosphotransferase LicD (Haemophilus influenzae (strain ATCC 51907 / DSM 11121 / KW20 / Rd))","Wounded 2h vs 0h (injury-filtered)"
"pdam_00025255",39.1405770239442,1.16369907016776,0.398229876938287,2.9221792174777,0.00347591468960701,0.0255426838571036,"unknown function","Wounded 2h vs 0h (injury-filtered)"
"pdam_00025436",29.0818499721935,-1.56198539592917,0.48533599845329,-3.21835882956764,0.00128926417653841,0.0120848250642835,"HMCN1: Hemicentin-1 (Homo sapiens)","Wounded 2h vs 0h (injury-filtered)"
"pdam_00025487",76.7680800469187,2.13924228666199,0.379592359724828,5.63563051746552,1.74418984228512e-08,1.62512992696391e-06,"unknown function","Wounded 2h vs 0h (injury-filtered)"
"pdam_00025545",63.6456111876723,0.933255501952896,0.323206422331047,2.88749058642467,0.00388328225830527,0.0277627151944894,"RAB18: Ras-related protein Rab-18 (Gallus gallus)","Wounded 2h vs 0h (injury-filtered)"
"pdam_00025551",37.0819349770443,-1.28045019047751,0.460185610801777,-2.78246464127071,0.00539477434092946,0.0349671120230225,"unknown function","Wounded 2h vs 0h (injury-filtered)"
"pdam_00025652",65.3736705539052,-0.698309106158858,0.244550243844981,-2.85548317261753,0.00429713999350474,0.0297212751981926,"gpr54: G-protein coupled receptor 54 (Oreochromis niloticus)","Wounded 2h vs 0h (injury-filtered)"
"pdam_00025699",160.503528949722,0.8640335382723,0.254521193402549,3.39474103009469,0.000686935440816348,0.00746313130377406,"unknown function","Wounded 2h vs 0h (injury-filtered)"
"pdam_00025704",74.6304585421424,0.957953044885503,0.31474984214507,3.04353780881001,0.00233814058091654,0.0190427943559302,"TTC28: Tetratricopeptide repeat protein 28 (Homo sapiens)","Wounded 2h vs 0h (injury-filtered)"
"pdam_00025728",117.288180604891,-0.739464010913297,0.264379954440993,-2.79697457576474,0.00515835922408911,0.0338053939364617,"unknown function","Wounded 2h vs 0h (injury-filtered)"
"pdam_00025760",89.7677095454414,-0.945090705949167,0.301428429511902,-3.13537348643436,0.0017163544180153,0.0149670295739849,"TTC28: Tetratricopeptide repeat protein 28 (Homo sapiens)","Wounded 2h vs 0h (injury-filtered)"
"pdam_00025834",62.3024860649028,-0.963799888292826,0.34156486228764,-2.82171849246362,0.0047767086582492,0.0320516216191876,"TTC28: Tetratricopeptide repeat protein 28 (Homo sapiens)","Wounded 2h vs 0h (injury-filtered)"
"pdam_00025854",129.709897087374,-0.941245135361436,0.270782450043373,-3.47601971697453,0.00050891486917647,0.00585559497796067,"unknown function","Wounded 2h vs 0h (injury-filtered)"
"pdam_00025879",16.2699519325015,-1.64660770176807,0.628665284767775,-2.61921206986371,0.00881331386807379,0.0499159078144225,"unknown function","Wounded 2h vs 0h (injury-filtered)"
"pdam_00025880",122.738156207291,-0.689722803243876,0.231859399110306,-2.9747459274478,0.00293231305623004,0.0225534208326639,"TTC28: Tetratricopeptide repeat protein 28 (Homo sapiens)","Wounded 2h vs 0h (injury-filtered)"
"pdam_00025949",281.441032724306,0.733016721219003,0.195256221038713,3.75412735798911,0.000173946409961403,0.00253798915096025,"unknown function","Wounded 2h vs 0h (injury-filtered)"
"pdam_00025999",45.6088235660328,1.16457084170905,0.327254516712518,3.55860891824478,0.000372824181082457,0.00458514903908009,"unknown function","Wounded 2h vs 0h (injury-filtered)"
"pdam_00026005",140.44289431024,-1.00169537827825,0.220172691247248,-4.54958956355481,5.3750652752748e-06,0.000168464568700752,"unknown function","Wounded 2h vs 0h (injury-filtered)"
"pdam_00026034",80.3635248041102,0.654776136205245,0.232805679773451,2.81254364946089,0.00491513520009797,0.0327115985522048,"unknown function","Wounded 2h vs 0h (injury-filtered)"
"pdam_00026062",371.178503350998,-0.761570370755839,0.147958759389365,-5.14718002434521,2.64431527702372e-07,1.47188769835372e-05,"unknown function","Wounded 2h vs 0h (injury-filtered)"
"pdam_00000014",220.680199296494,-0.564117445936687,0.166905573496528,-3.379859846013,0.000725228016792598,0.00825584934919808,"SNUPN: Snurportin-1 (Homo sapiens)","Wounded 4h vs 0h (injury-filtered)"
"pdam_00000045",1996.25355490235,-0.488150859539662,0.153536605874357,-3.1793776914616,0.00147591641314596,0.0139796193298201,"BSG: Basigin (Oryctolagus cuniculus)","Wounded 4h vs 0h (injury-filtered)"
"pdam_00000051",59.4922581947465,1.24841262695219,0.407242828774233,3.06552390550329,0.00217289006477668,0.0186633403158975,"unknown function","Wounded 4h vs 0h (injury-filtered)"
"pdam_00000078",23.5570019449515,1.33458745929804,0.380028909090521,3.51180509528065,0.000445074275463816,0.00561881692087751,"unknown function","Wounded 4h vs 0h (injury-filtered)"
"pdam_00000104",1536.57670015067,0.766967148984734,0.203311420656902,3.77237612381366,0.000161700253019925,0.00251788295892243,"DMBT1: Deleted in malignant brain tumors 1 protein (Homo sapiens)","Wounded 4h vs 0h (injury-filtered)"
"pdam_00000330",932.650603739455,0.502967059344361,0.171604068473109,2.93097397876192,0.00337901083962627,0.0259541943703193,"DNAH10: Dynein heavy chain 10%2C axonemal (Homo sapiens)","Wounded 4h vs 0h (injury-filtered)"
"pdam_00000335",559.685832938723,0.600469588951873,0.223039212555864,2.69221533770199,0.0070979099679171,0.0442335763322322,"Rgs22: Regulator of G-protein signaling 22 (Mus musculus)","Wounded 4h vs 0h (injury-filtered)"
"pdam_00000352",316.647783027539,0.906779498261589,0.313143138469497,2.89573484730823,0.00378271869188001,0.0280254664017246,"ldlrap1-b: Low density lipoprotein receptor adapter protein 1-B (Xenopus laevis)","Wounded 4h vs 0h (injury-filtered)"
"pdam_00000381",479.42018148473,0.577395594363801,0.181144886613566,3.18747939926977,0.00143518681173149,0.0136693570557359,"NOS1: Nitric oxide synthase%2C brain (Oryctolagus cuniculus)","Wounded 4h vs 0h (injury-filtered)"
"pdam_00000384",243.811156496063,0.502659981304352,0.176399288978035,2.84955786509401,0.00437800412035257,0.0312775632471548,"EFCAB5: EF-hand calcium-binding domain-containing protein 5 (Homo sapiens)","Wounded 4h vs 0h (injury-filtered)"
"pdam_00000413",249.977113348494,-0.817766098359748,0.232038139183465,-3.52427450606801,0.00042464407711213,0.00540467561841897,"PIPOX: Peroxisomal sarcosine oxidase (Homo sapiens)","Wounded 4h vs 0h (injury-filtered)"
"pdam_00000431",11.9680723811376,-2.28128949798298,0.85793562184677,-2.6590450843763,0.00783624760748331,0.047606176110097,"unknown function","Wounded 4h vs 0h (injury-filtered)"
"pdam_00000510",81.3592414678146,0.988421184915101,0.317813099580597,3.11007062395941,0.00187042616405294,0.016666624821478,"Nog: Noggin (Mus musculus)","Wounded 4h vs 0h (injury-filtered)"
"pdam_00000513",279.707330700261,-0.582200325026488,0.173197870706106,-3.36147507271845,0.000775273540500051,0.00865525881999139,"Utp6: U3 small nucleolar RNA-associated protein 6 homolog (Mus musculus)","Wounded 4h vs 0h (injury-filtered)"
"pdam_00000555",429.382993378085,-0.95360675555528,0.192611232632377,-4.95094051640986,7.38556772934673e-07,3.07325662990098e-05,"rhot1a: Mitochondrial Rho GTPase 1-A (Danio rerio)","Wounded 4h vs 0h (injury-filtered)"
"pdam_00000564",463.940485688949,-0.547636477907503,0.157214296296226,-3.48337581765233,0.00049513276862227,0.00614667355920362,"SPAC637.09: Uncharacterized exonuclease C637.09 (Schizosaccharomyces pombe (strain 972 / ATCC 24843))","Wounded 4h vs 0h (injury-filtered)"
"pdam_00000566",12.3470076885969,-2.92568862671045,0.818411833758783,-3.57483666050308,0.000350446612155914,0.00466822890976194,"adrb1: Beta-1 adrenergic receptor (Xenopus laevis)","Wounded 4h vs 0h (injury-filtered)"
"pdam_00000679",403.541561711929,-0.403557723243562,0.137925955398451,-2.92590123503393,0.00343459956950635,0.0262635035769923,"ENTPD5: Ectonucleoside triphosphate diphosphohydrolase 5 (Gallus gallus)","Wounded 4h vs 0h (injury-filtered)"
"pdam_00000687",16.5965962106678,-1.57518898127613,0.539513354577579,-2.91964780465804,0.0035042717386107,0.026582847206523,"unknown function","Wounded 4h vs 0h (injury-filtered)"
"pdam_00000700",143.31779820841,-0.889370803839237,0.293088373748373,-3.03447998453461,0.00240950743174438,0.0202195768036347,"FGF4: Fibroblast growth factor 4 (Gallus gallus)","Wounded 4h vs 0h (injury-filtered)"
"pdam_00000720",18.5387014076763,2.24068617804766,0.669531547212463,3.34664764845893,0.000817951066890928,0.0090006117399089,"unknown function","Wounded 4h vs 0h (injury-filtered)"
"pdam_00000735",103.215568147293,-0.752876434417941,0.252066135091481,-2.98682103466499,0.00281894690821899,0.0227962385823143,"b4gat1: Beta-1%2C4-glucuronyltransferase 1 (Danio rerio)","Wounded 4h vs 0h (injury-filtered)"
"pdam_00000736",1730.84086511106,0.425162324914556,0.135206046273422,3.14455112499013,0.00166341843524179,0.0154066156962643,"Eps8: Epidermal growth factor receptor kinase substrate 8 (Rattus norvegicus)","Wounded 4h vs 0h (injury-filtered)"
"pdam_00000758",27.2460725478154,1.57960240298719,0.497852597574676,3.17283149808262,0.00150960111122147,0.0142123017302476,"PDIA4: Protein disulfide-isomerase A4 (Bos taurus)","Wounded 4h vs 0h (injury-filtered)"
"pdam_00000791",2667.86458725773,0.430063273686467,0.129383267000823,3.32394817085374,0.000887526888076021,0.0095355470142884,"FXN: Frataxin%2C mitochondrial (Homo sapiens)","Wounded 4h vs 0h (injury-filtered)"
"pdam_00000796",316.33211814317,-0.675748732833412,0.235044429760289,-2.87498297033704,0.00404049290089166,0.029464147295996,"Tubgcp4: Gamma-tubulin complex component 4 (Mus musculus)","Wounded 4h vs 0h (injury-filtered)"
"pdam_00000860",94.7102020152013,-0.844100629186357,0.289203360336463,-2.91870961735825,0.00351483472836447,0.0266495641453638,"LINS1: Protein Lines homolog 1 (Homo sapiens)","Wounded 4h vs 0h (injury-filtered)"
"pdam_00000889",702.371005773019,-0.587638427160023,0.193649691815842,-3.03454357014344,0.00240899956442419,0.0202195768036347,"Htatip2: Oxidoreductase HTATIP2 (Mus musculus)","Wounded 4h vs 0h (injury-filtered)"
"pdam_00000926",70.7528031127171,-1.00113136874101,0.282969619238374,-3.53794648144772,0.000403251783767002,0.0051746621114532,"MGAT4C: Alpha-1%2C3-mannosyl-glycoprotein 4-beta-N-acetylglucosaminyltransferase C (Gallus gallus)","Wounded 4h vs 0h (injury-filtered)"
"pdam_00000968",715.379712745058,0.547544935664778,0.136864212852194,4.00064358866476,6.31704419886759e-05,0.00120510647712821,"TUBB4B: Tubulin beta-4B chain (Fragments) (Mesocricetus auratus)","Wounded 4h vs 0h (injury-filtered)"
"pdam_00000980",351.0069381792,-0.508541986753209,0.174095983251123,-2.92104376710213,0.00348860814902198,0.026534471209775,"unknown function","Wounded 4h vs 0h (injury-filtered)"
"pdam_00001007",662.350060292653,0.674958311892032,0.166205269932595,4.06099224269943,4.8864595291069e-05,0.000976380677937164,"lgals3bpb: Galectin-3-binding protein B (Danio rerio)","Wounded 4h vs 0h (injury-filtered)"
"pdam_00001021",28.4523171986207,-1.55572237802812,0.46262179912466,-3.36283845891341,0.000771454928064424,0.008621788322514,"unknown function","Wounded 4h vs 0h (injury-filtered)"
"pdam_00001026",1409.7314542242,-0.49694893802171,0.185649632876444,-2.67681077695664,0.00743265988376042,0.0458035661564301,"NUDT3: Diphosphoinositol polyphosphate phosphohydrolase 1 (Homo sapiens)","Wounded 4h vs 0h (injury-filtered)"
"pdam_00001052",180.034762165667,-1.17497376112999,0.309680747517071,-3.79414532724616,0.0001481528860575,0.00235615313410926,"unknown function","Wounded 4h vs 0h (injury-filtered)"
"pdam_00001074",126.613532777908,-1.02544100620555,0.27923137092502,-3.67237034581226,0.000240311081011592,0.00345348009058233,"gskip: GSK3-beta interaction protein (Danio rerio)","Wounded 4h vs 0h (injury-filtered)"
"pdam_00001156",202.622142101778,-0.620344481523447,0.229276175097648,-2.70566482217023,0.00681678106638564,0.0429026779009234,"Cubn: Cubilin (Mus musculus)","Wounded 4h vs 0h (injury-filtered)"
"pdam_00001159",2730.26667021972,0.355653817189091,0.127806433244271,2.78275363892946,0.00538997167846417,0.0362517357613142,"Gaa: Lysosomal alpha-glucosidase (Mus musculus)","Wounded 4h vs 0h (injury-filtered)"
"pdam_00001181",324.726956668472,-0.551006124768996,0.166544365541199,-3.30846452222179,0.00093809069600998,0.00995212060172963,"PNPLA4: Patatin-like phospholipase domain-containing protein 4 (Homo sapiens)","Wounded 4h vs 0h (injury-filtered)"
"pdam_00001187",127.310510728448,-1.11854578452318,0.336496690046935,-3.32409149215454,0.000887070885260714,0.0095355470142884,"unknown function","Wounded 4h vs 0h (injury-filtered)"
"pdam_00001191",36.1817118075739,1.39220868202101,0.414834015927424,3.35606201171453,0.000790608392649647,0.00876726409028819,"DSTYK: Dual serine/threonine and tyrosine protein kinase (Strongylocentrotus purpuratus)","Wounded 4h vs 0h (injury-filtered)"
"pdam_00001221",226.747243867808,-0.567155671393667,0.185408055163728,-3.0589591746315,0.00222107415348114,0.0189915687218358,"Grtp1: Growth hormone-regulated TBC protein 1 (Rattus norvegicus)","Wounded 4h vs 0h (injury-filtered)"
"pdam_00001222",500.012039550814,-0.524908383127801,0.164100567994142,-3.19869936797865,0.00138049044060263,0.0132144768920667,"Glb1l3: Beta-galactosidase-1-like protein 3 (Rattus norvegicus)","Wounded 4h vs 0h (injury-filtered)"
"pdam_00001240",13.910515353053,-2.53605587835962,0.81010026637993,-3.13054566651658,0.00174481868858588,0.0159792583317929,"unknown function","Wounded 4h vs 0h (injury-filtered)"
"pdam_00001253",438.313545401039,0.610776885076104,0.158692553263088,3.84880621375805,0.000118694856915204,0.00199460472406109,"cwc15-a: Protein CWC15 homolog A (Xenopus laevis)","Wounded 4h vs 0h (injury-filtered)"
"pdam_00001261",23.4644734442003,-2.27289075370657,0.617672493708845,-3.67976682927692,0.000233447310004614,0.00337740142001612,"unknown function","Wounded 4h vs 0h (injury-filtered)"
"pdam_00001274",239.294139708305,0.73569126719558,0.161160792231469,4.56495191546921,4.99608842272973e-06,0.000149481570539753,"DNAJC21: DnaJ homolog subfamily C member 21 (Bos taurus)","Wounded 4h vs 0h (injury-filtered)"
"pdam_00001315",95.4782078433327,-1.095719454469,0.336523956430295,-3.25599242946009,0.00112996764362186,0.0113753172532315,"Enox1: Ecto-NOX disulfide-thiol exchanger 1 (Mus musculus)","Wounded 4h vs 0h (injury-filtered)"
"pdam_00001322",330.684925251995,-0.918991486769521,0.237758777557967,-3.86522632816559,0.000110986233506035,0.00190246507004774,"LSM1: U6 snRNA-associated Sm-like protein LSm1 (Bos taurus)","Wounded 4h vs 0h (injury-filtered)"
"pdam_00001355",448.51788795277,0.435092774152796,0.142148743615861,3.06082743389262,0.00220726269259093,0.0188828900208477,"Fstl1: Follistatin-related protein 1 (Mus musculus)","Wounded 4h vs 0h (injury-filtered)"
"pdam_00001370",756.651006979652,0.536443894250269,0.188935494831403,2.8392965267271,0.00452131199352072,0.0319247828735252,"SSUH2: Protein SSUH2 homolog (Homo sapiens)","Wounded 4h vs 0h (injury-filtered)"
"pdam_00001390",63.8449836379299,-0.900138859841274,0.322566306113627,-2.79055450857968,0.0052617839474292,0.0356694440469459,"v1g226489: Ragulator complex protein LAMTOR5 homolog (Nematostella vectensis)","Wounded 4h vs 0h (injury-filtered)"
"pdam_00001412",182.056045148674,-0.604686748501755,0.215538423754907,-2.80547077392269,0.00502431375412546,0.0344547340002908,"SULT1B1: Sulfotransferase family cytosolic 1B member 1 (Homo sapiens)","Wounded 4h vs 0h (injury-filtered)"
"pdam_00001432",98.4128622841151,1.24807310270173,0.403903830844857,3.09002541543392,0.00200139368493639,0.0175060680278314,"CPA2: Carboxypeptidase A2 (Homo sapiens)","Wounded 4h vs 0h (injury-filtered)"
"pdam_00001456",596.782358950279,-0.681982678976674,0.253700481771784,-2.6881410481126,0.00718510394715206,0.0446147852480894,"Manf: Mesencephalic astrocyte-derived neurotrophic factor homolog (Drosophila grimshawi)","Wounded 4h vs 0h (injury-filtered)"
"pdam_00001532",81.6794802967195,-0.748934379224742,0.270292299075401,-2.77083136214628,0.00559133765323605,0.0373569340323768,"unknown function","Wounded 4h vs 0h (injury-filtered)"
"pdam_00001557",25.0819825235316,2.97009128969857,0.803339054429255,3.69718274410139,0.000218005411037287,0.00320264333061118,"unknown function","Wounded 4h vs 0h (injury-filtered)"
"pdam_00001654",498.878493197418,-0.554665355343794,0.196591758529153,-2.82140695771609,0.00478135050108726,0.033294668152169,"mcts1: Malignant T-cell-amplified sequence 1 (Danio rerio)","Wounded 4h vs 0h (injury-filtered)"
"pdam_00001657",473.78809462429,0.57760088043109,0.196625520885488,2.93756821510203,0.003307973882483,0.025615132900311,"LARS: Leucine--tRNA ligase%2C cytoplasmic (Homo sapiens)","Wounded 4h vs 0h (injury-filtered)"
"pdam_00001678",3707.20601302686,0.579087906047461,0.153386913786741,3.77534101020238,0.000159788915538827,0.00249264892447466,"Srebf1: Sterol regulatory element-binding protein 1 (Mus musculus)","Wounded 4h vs 0h (injury-filtered)"
"pdam_00001687",82.3563810969238,-1.13422742719772,0.391552492552079,-2.89674423933558,0.00377057013132016,0.0279717240724157,"FGF7: Fibroblast growth factor 7 (Pongo abelii)","Wounded 4h vs 0h (injury-filtered)"
"pdam_00001693",294.490919209945,0.505934806782076,0.180854391431851,2.79747040022924,0.00515044862232354,0.0350672323991719,"AVIL: Advillin (Homo sapiens)","Wounded 4h vs 0h (injury-filtered)"
"pdam_00001770",23.2221290959939,1.72093072166081,0.483487514975545,3.5594108810604,0.000371687633229123,0.00487172231198783,"unknown function","Wounded 4h vs 0h (injury-filtered)"
"pdam_00001777",263.738068642781,-0.595369397146205,0.209165628848711,-2.84640167901025,0.00442163812851257,0.031450369778155,"C7orf43: Uncharacterized protein C7orf43 (Homo sapiens)","Wounded 4h vs 0h (injury-filtered)"
"pdam_00001825",283.326729129391,0.636903032824828,0.196090801185598,3.24800056389185,0.00116219040319956,0.0116246162616414,"sap130-a: Histone deacetylase complex subunit SAP130-A (Xenopus laevis)","Wounded 4h vs 0h (injury-filtered)"
"pdam_00001857",620.61742641551,0.610506299671056,0.177374549929444,3.44190471470626,0.000577633679607352,0.00695920717019567,"CFAP45: Cilia- and flagella-associated protein 45 (Homo sapiens)","Wounded 4h vs 0h (injury-filtered)"
"pdam_00001867",97.242337325599,-0.812224934996917,0.220750102525689,-3.67938644514286,0.000233795763057306,0.00337959069296329,"Taar9: Trace amine-associated receptor 9 (Rattus norvegicus)","Wounded 4h vs 0h (injury-filtered)"
"pdam_00001947",395.254882092519,-1.16145708370976,0.228141394218289,-5.0909528614455,3.56268596697359e-07,1.65077535723771e-05,"Mettl25: Methyltransferase-like protein 25 (Mus musculus)","Wounded 4h vs 0h (injury-filtered)"
"pdam_00001983",266.45811629948,0.927049111485236,0.283821639393415,3.26630877570339,0.00108959369757861,0.0110532510954365,"unknown function","Wounded 4h vs 0h (injury-filtered)"
"pdam_00002009",162.88843529894,0.989894490593943,0.308841401515488,3.20518714698392,0.00134974689431796,0.0129708860740959,"C9orf135: Uncharacterized protein C9orf135 (Homo sapiens)","Wounded 4h vs 0h (injury-filtered)"
"pdam_00002022",135.898621937529,2.68070066671126,0.962836111633759,2.7841712980235,0.00536646840234755,0.0361369362754572,"Ectin (Fragment) (Acropora millepora)","Wounded 4h vs 0h (injury-filtered)"
"pdam_00002106",377.664262249788,0.397538884534159,0.140032942222604,2.83889546434159,0.0045269984804653,0.0319433390960839,"cf60: Counting factor 60 (Dictyostelium discoideum)","Wounded 4h vs 0h (injury-filtered)"
"pdam_00002139",23.7266816427344,2.31309100434345,0.537195920422505,4.30586107676359,1.66337426768662e-05,0.000406223482125632,"unknown function","Wounded 4h vs 0h (injury-filtered)"
"pdam_00002142",313.545160417998,0.711191981802952,0.267354975043785,2.66010378780675,0.00781165757689831,0.047498995810933,"Txndc12: Thioredoxin domain-containing protein 12 (Epinephelus coioides)","Wounded 4h vs 0h (injury-filtered)"
"pdam_00002162",684.103389025019,0.381559526473521,0.101779725662489,3.74887556426324,0.000177629186731866,0.00269765479136175,"Tcerg1: Transcription elongation regulator 1 (Mus musculus)","Wounded 4h vs 0h (injury-filtered)"
"pdam_00002213",102.509583464706,-1.15022756803712,0.310760168269766,-3.70133525941017,0.000214467881163157,0.0031669572391569,"unknown function","Wounded 4h vs 0h (injury-filtered)"
"pdam_00002215",562.188431891213,-0.517838655256743,0.193725829311763,-2.67304910809485,0.00751652461528361,0.0461875620087535,"PSME3: Proteasome activator complex subunit 3 (Pongo abelii)","Wounded 4h vs 0h (injury-filtered)"
"pdam_00002219",2100.00109123494,0.576971335177153,0.174073741790404,3.31452250777641,0.000917997889946097,0.00977525206536391,"Col1a2: Collagen alpha-2(I) chain (Rattus norvegicus)","Wounded 4h vs 0h (injury-filtered)"
"pdam_00002224",344.742632772792,0.483775306710537,0.169973297337443,2.8461841612104,0.00442465976223674,0.031450369778155,"ABCD3: ATP-binding cassette sub-family D member 3 (Homo sapiens)","Wounded 4h vs 0h (injury-filtered)"
"pdam_00002262",127.468640668035,-0.954950625067633,0.280702708945552,-3.4020000328991,0.000668946297680862,0.00778575378644989,"unknown function","Wounded 4h vs 0h (injury-filtered)"
"pdam_00002278",21.8938296010135,1.96022926618582,0.673961400784475,2.9085185945429,0.00363145579962989,0.0272105237014226,"ANKRD63: Ankyrin repeat domain-containing protein 63 (Homo sapiens)","Wounded 4h vs 0h (injury-filtered)"
"pdam_00002352",375.494831007373,-0.652053214740668,0.200441445444862,-3.25308577421946,0.00114159031870414,0.0114586794050725,"unknown function","Wounded 4h vs 0h (injury-filtered)"
"pdam_00002400",24.0793659702914,1.21109860977785,0.387324115186519,3.1268350259953,0.00176699050244061,0.0160621872607857,"C20orf96: Uncharacterized protein C20orf96 (Homo sapiens)","Wounded 4h vs 0h (injury-filtered)"
"pdam_00002427",710.949314529248,0.321902413733829,0.116517818543614,2.76268829744129,0.005732748426964,0.0379321648135356,"SEPT7: Septin-7 (Pongo abelii)","Wounded 4h vs 0h (injury-filtered)"
"pdam_00002431",233.167969036638,-0.855083526931466,0.243452185584671,-3.51232635220716,0.000444202175293094,0.00561193964128578,"mtbp: Mdm2-binding protein (Xenopus tropicalis)","Wounded 4h vs 0h (injury-filtered)"
"pdam_00002437",20.8429072755298,-1.62629293292192,0.613543691483518,-2.65065545534275,0.00803357475341072,0.0485811659867631,"unknown function","Wounded 4h vs 0h (injury-filtered)"
"pdam_00002461",282.578535745313,0.484517668986064,0.175225326046845,2.76511209833066,0.00569032374464467,0.0377303521970818,"Adamts16: A disintegrin and metalloproteinase with thrombospondin motifs 16 (Mus musculus)","Wounded 4h vs 0h (injury-filtered)"
"pdam_00002553",11.3557484099611,1.98262017167529,0.718303263539082,2.76014362221733,0.00577759556124377,0.0381259038883615,"B4galnt3: Beta-1%2C4-N-acetylgalactosaminyltransferase 3 (Mus musculus)","Wounded 4h vs 0h (injury-filtered)"
"pdam_00002565",236.511380721252,-0.901356305991396,0.22503001458137,-4.00549370122122,6.18880830832778e-05,0.00119103262123352,"unknown function","Wounded 4h vs 0h (injury-filtered)"
"pdam_00002567",60.4044642243048,1.19256864086602,0.368097665311599,3.23981582403271,0.00119606928109455,0.0118665577286372,"unknown function","Wounded 4h vs 0h (injury-filtered)"
"pdam_00002572",267.323909815991,-0.617448002975462,0.177569110714262,-3.47722641900841,0.000506629787731224,0.00625768089399432,"tll1: Tolloid-like protein 1 (Xenopus laevis)","Wounded 4h vs 0h (injury-filtered)"
"pdam_00002594",1304.50364598147,0.47368934648409,0.163706225026753,2.89353289043639,0.00380934392159694,0.0281740259671519,"CAMSAP1: Calmodulin-regulated spectrin-associated protein 1 (Homo sapiens)","Wounded 4h vs 0h (injury-filtered)"
"pdam_00002608",537.948100838457,0.547180501911346,0.179365869722318,3.05063891340339,0.00228355018647203,0.019399992268026,"WDFY3: WD repeat and FYVE domain-containing protein 3 (Homo sapiens)","Wounded 4h vs 0h (injury-filtered)"
"pdam_00002623",239.82732658985,-0.47444968919402,0.176087350149885,-2.69439961922404,0.00705155634123944,0.0440889430759332,"Adcy3: Adenylate cyclase type 3 (Mus musculus)","Wounded 4h vs 0h (injury-filtered)"
"pdam_00002624",1137.62808818544,0.442448994364186,0.160794100443358,2.75164942708857,0.005929596079366,0.0388151948013176,"Rims2: Regulating synaptic membrane exocytosis protein 2 (Rattus norvegicus)","Wounded 4h vs 0h (injury-filtered)"
"pdam_00002651",440.146100375127,-0.449403375072722,0.151201713579874,-2.97221085947097,0.00295663550155437,0.0235651134535789,"ECHDC3: Enoyl-CoA hydratase domain-containing protein 3%2C mitochondrial (Homo sapiens)","Wounded 4h vs 0h (injury-filtered)"
"pdam_00002653",1499.44482928478,-0.298642733758152,0.104177739143715,-2.86666552963075,0.00414821162927815,0.0300198143403734,"KCNQ5: Potassium voltage-gated channel subfamily KQT member 5 (Homo sapiens)","Wounded 4h vs 0h (injury-filtered)"
"pdam_00002668",19.4457043537844,1.81688122149199,0.625342381559715,2.90541833572892,0.00366762542461751,0.0274096644636629,"Gp2: Pancreatic secretory granule membrane major glycoprotein GP2 (Rattus norvegicus)","Wounded 4h vs 0h (injury-filtered)"
"pdam_00002685",1097.52351632707,-0.514488899941352,0.160034899873699,-3.21485438705802,0.00130510707138029,0.0126411048766914,"EFHC1: EF-hand domain-containing protein 1 (Homo sapiens)","Wounded 4h vs 0h (injury-filtered)"
"pdam_00002687",2192.39020735529,-0.488435462154585,0.116140928085192,-4.20554123518204,2.60458093151543e-05,0.000585996528738853,"Smchd1: Structural maintenance of chromosomes flexible hinge domain-containing protein 1 (Mus musculus)","Wounded 4h vs 0h (injury-filtered)"
"pdam_00002699",132.143339161286,1.50132864670998,0.243693856478744,6.16071602461975,7.24167521296833e-10,6.85918673210658e-08,"SPON1: Spondin-1 (Gallus gallus)","Wounded 4h vs 0h (injury-filtered)"
"pdam_00002728",1191.18432144122,-0.5272713187951,0.17547980085388,-3.00474080908123,0.00265807253394859,0.0218876059183548,"snrpe: Small nuclear ribonucleoprotein E (Danio rerio)","Wounded 4h vs 0h (injury-filtered)"
"pdam_00002738",122.489399516776,-0.773370184306188,0.233096883463362,-3.31780576735058,0.000907275513393074,0.00969117221284166,"Gabbr2: Gamma-aminobutyric acid type B receptor subunit 2 (Rattus norvegicus)","Wounded 4h vs 0h (injury-filtered)"
"pdam_00002764",89.6171854989752,0.779084593960294,0.279994978689177,2.78249487761407,0.00539427168206214,0.0362658925681595,"unknown function","Wounded 4h vs 0h (injury-filtered)"
"pdam_00002765",699.630110941825,-0.412957944143837,0.151371349560645,-2.72811166275816,0.00636980417087249,0.040900345582561,"celf4: CUGBP Elav-like family member 4 (Danio rerio)","Wounded 4h vs 0h (injury-filtered)"
"pdam_00002778",60.8241575552536,1.22821201834391,0.434484063813937,2.82682869323806,0.00470114695774727,0.0329099483232418,"Phospholipase A2 A2-actitoxin-Cgg2a (Condylactis gigantea)","Wounded 4h vs 0h (injury-filtered)"
"pdam_00002786",100.813790814417,-0.631881582827562,0.216422508077091,-2.9196666670293,0.00350405966493571,0.026582847206523,"Trim2: Tripartite motif-containing protein 2 (Mus musculus)","Wounded 4h vs 0h (injury-filtered)"
"pdam_00002790",607.133293085488,0.416069985800405,0.12634920479246,3.29301625984775,0.000991187422577062,0.0103207167785608,"Vha26: V-type proton ATPase subunit E (Drosophila melanogaster)","Wounded 4h vs 0h (injury-filtered)"
"pdam_00002840",436.047715798984,-0.80847718186556,0.181600807282443,-4.45194706986154,8.50951443496898e-06,0.000233046510340429,"unknown function","Wounded 4h vs 0h (injury-filtered)"
"pdam_00002841",318.43723478592,-0.542109731571267,0.164792127759549,-3.28965794022801,0.00100309243269422,0.0104098163838437,"desi2: Desumoylating isopeptidase 2 (Xenopus laevis)","Wounded 4h vs 0h (injury-filtered)"
"pdam_00002842",61.2222475699079,-1.10641665398403,0.298214643981881,-3.71013522076151,0.000207148575243958,0.0030721065518879,"Ccdc97: Coiled-coil domain-containing protein 97 (Mus musculus)","Wounded 4h vs 0h (injury-filtered)"
"pdam_00002855",405.702937085444,-0.838243637414053,0.287301604539127,-2.91764342478601,0.0035268740866157,0.0266952447421367,"unknown function","Wounded 4h vs 0h (injury-filtered)"
"pdam_00002924",75.1440775914616,-1.20824439345795,0.388644122242467,-3.1088708777748,0.00187803774040489,0.0167163368614345,"GCHFR: GTP cyclohydrolase 1 feedback regulatory protein (Bos taurus)","Wounded 4h vs 0h (injury-filtered)"
"pdam_00002935",363.076014413513,-0.46609285881756,0.174873206598599,-2.6653188780796,0.00769153515504327,0.0469472663054729,"KLHL28: Kelch-like protein 28 (Homo sapiens)","Wounded 4h vs 0h (injury-filtered)"
"pdam_00002941",490.887507122444,-0.748178616496942,0.166114197659336,-4.50400162682837,6.66856953507958e-06,0.000190861362453096,"bloc1s2: Biogenesis of lysosome-related organelles complex 1 subunit 2 (Nematostella vectensis)","Wounded 4h vs 0h (injury-filtered)"
"pdam_00002967",123.845873113618,1.11720498545637,0.327284395332997,3.41356019837018,0.000641199913286542,0.00755514179614053,"ptdss2: Phosphatidylserine synthase 2 (Danio rerio)","Wounded 4h vs 0h (injury-filtered)"
"pdam_00002985",47.154164383384,1.34389523616199,0.489949417351478,2.74292649111962,0.00608943155269291,0.0396312613445546,"zic4: Zinc finger protein ZIC 4 (Xenopus laevis)","Wounded 4h vs 0h (injury-filtered)"
"pdam_00002991",1408.21527561823,1.10936064817973,0.333256217780455,3.32885206334114,0.000872047111780401,0.00945030068543817,"notch1: Neurogenic locus notch homolog protein 1 (Xenopus tropicalis)","Wounded 4h vs 0h (injury-filtered)"
"pdam_00003015",565.187682483134,-0.648082105052649,0.208493619753347,-3.10840257759132,0.00188101650033226,0.0167175463357679,"ube2ia: SUMO-conjugating enzyme UBC9-A (Danio rerio)","Wounded 4h vs 0h (injury-filtered)"
"pdam_00003040",45.4458027075167,-1.47440568622609,0.462346472567781,-3.18896276646717,0.00142784267282874,0.0136221117323183,"LRRC14: Leucine-rich repeat-containing protein 14 (Homo sapiens)","Wounded 4h vs 0h (injury-filtered)"
"pdam_00003066",1717.21988174585,0.409751711910576,0.129068748030727,3.17467797714306,0.00150002868915372,0.0141532701413602,"sdf4: 45 kDa calcium-binding protein (Danio rerio)","Wounded 4h vs 0h (injury-filtered)"
"pdam_00003082",1753.01646150307,0.440731702381174,0.148219823210664,2.97350039174425,0.00294424030828587,0.0234990949000246,"Copb2: Coatomer subunit beta' (Mus musculus)","Wounded 4h vs 0h (injury-filtered)"
"pdam_00003095",1066.54678540774,0.467634166518913,0.165333688759419,2.82842637836128,0.00467774588855283,0.0327927238548735,"TNNI3K: Serine/threonine-protein kinase TNNI3K (Homo sapiens)","Wounded 4h vs 0h (injury-filtered)"
"pdam_00003122",330.492704956451,0.4986219031783,0.133262335624978,3.74165664168983,0.000182811175088309,0.00275647738409321,"GOLIM4: Golgi integral membrane protein 4 (Homo sapiens)","Wounded 4h vs 0h (injury-filtered)"
"pdam_00003159",8.24349797550605,-3.07897833520965,1.07343164122745,-2.86835064009189,0.00412617965907064,0.0299235296426003,"unknown function","Wounded 4h vs 0h (injury-filtered)"
"pdam_00003190",234.54705395212,0.966124782496059,0.293990101804186,3.28624935522337,0.00101531087324882,0.0105302417489279,"HMCN1: Hemicentin-1 (Homo sapiens)","Wounded 4h vs 0h (injury-filtered)"
"pdam_00003203",1124.23255452834,0.440393582900387,0.153311654241465,2.87253819730344,0.00407188851098644,0.0296678523724401,"RAPGEF6: Rap guanine nucleotide exchange factor 6 (Homo sapiens)","Wounded 4h vs 0h (injury-filtered)"
"pdam_00003283",577.797467463632,0.507127524806023,0.127710674117464,3.97090946634252,7.1598785497027e-05,0.00133133359930698,"IQCA1: IQ and AAA domain-containing protein 1 (Homo sapiens)","Wounded 4h vs 0h (injury-filtered)"
"pdam_00003407",112.387034401981,0.662279150877088,0.234056128783841,2.82957406122327,0.00466100108129069,0.0327090472933474,"MORN1: MORN repeat-containing protein 1 (Homo sapiens)","Wounded 4h vs 0h (injury-filtered)"
"pdam_00003431",567.910247857995,-0.633348138741472,0.208434480153894,-3.03859581329275,0.00237683509541409,0.0200435124819376,"Sdhd: Succinate dehydrogenase [ubiquinone] cytochrome b small subunit%2C mitochondrial (Mus musculus)","Wounded 4h vs 0h (injury-filtered)"
"pdam_00003436",54.3108381620101,-1.57377046272615,0.333529538943578,-4.71853397966164,2.37550294605594e-06,8.03266716118007e-05,"unknown function","Wounded 4h vs 0h (injury-filtered)"
"pdam_00003446",351.334268323894,0.555410972672122,0.159435406604183,3.48361122853341,0.000494697513299903,0.00614572041160401,"unknown function","Wounded 4h vs 0h (injury-filtered)"
"pdam_00003485",622.142967334694,0.712285563160003,0.221532747890199,3.21526081332698,0.00130326053149103,0.0126367670067259,"efhc2: EF-hand domain-containing family member C2 (Danio rerio)","Wounded 4h vs 0h (injury-filtered)"
"pdam_00003544",261.339574728194,1.32237041764988,0.406001909694397,3.25705467406606,0.00112574747207391,0.011346157943113,"DD3-3: Protein DD3-3 (Dictyostelium discoideum)","Wounded 4h vs 0h (injury-filtered)"
"pdam_00003563",226.356953267404,0.615710216603639,0.181741169362401,3.38784117414741,0.000704450440190504,0.00807832665326154,"TMEM127: Transmembrane protein 127 (Homo sapiens)","Wounded 4h vs 0h (injury-filtered)"
"pdam_00003579",119.173650067067,-0.609908579521282,0.226799170134112,-2.68920110757295,0.00716232553762382,0.0445055850007332,"CASR: Extracellular calcium-sensing receptor (Homo sapiens)","Wounded 4h vs 0h (injury-filtered)"
"pdam_00003595",322.541862107258,-0.587064788202274,0.156081754127498,-3.761264674939,0.000169056425983706,0.00261343856362908,"MTG2: Mitochondrial ribosome-associated GTPase 2 (Pongo abelii)","Wounded 4h vs 0h (injury-filtered)"
"pdam_00003609",736.471844941351,-0.519292867630848,0.186636720135033,-2.78237244661787,0.00539630727609513,0.0362658925681595,"Mcat: Malonyl-CoA-acyl carrier protein transacylase%2C mitochondrial (Mus musculus)","Wounded 4h vs 0h (injury-filtered)"
"pdam_00003613",207.703453739899,1.38217806857098,0.409752156886564,3.37320510787115,0.00074298584488485,0.00840220931708831,"nas-13: Zinc metalloproteinase nas-13 (Caenorhabditis elegans)","Wounded 4h vs 0h (injury-filtered)"
"pdam_00003642",181.755148174458,-0.632809056300725,0.221216037085237,-2.8605930412581,0.00422849456680757,0.0304849919484226,"P4htm: Transmembrane prolyl 4-hydroxylase (Mus musculus)","Wounded 4h vs 0h (injury-filtered)"
"pdam_00003652",476.027634589404,0.825297103670963,0.24187680558498,3.41205557794174,0.00064474966176315,0.00758653960279166,"unknown function","Wounded 4h vs 0h (injury-filtered)"
"pdam_00003654",773.5842589952,-0.38143689801906,0.128072607255904,-2.9782863501553,0.00289865036974834,0.0232406374172583,"Pdcd5: Programmed cell death protein 5 (Mus musculus)","Wounded 4h vs 0h (injury-filtered)"
"pdam_00003677",162.21988604002,-0.705836140348205,0.1923281564506,-3.669957396641,0.000242590896675423,0.00347450153099703,"scra: Anillin (Drosophila melanogaster)","Wounded 4h vs 0h (injury-filtered)"
"pdam_00003681",584.445063513571,-0.739467511773861,0.273652651006286,-2.70221212568072,0.0068879802208442,0.0432555065590304,"Cyp3a41a: Cytochrome P450 3A41 (Mus musculus)","Wounded 4h vs 0h (injury-filtered)"
"pdam_00003703",126.793371363875,0.783794185545241,0.269447407316674,2.90889488732051,0.00362708787168025,0.0271896783874448,"unknown function","Wounded 4h vs 0h (injury-filtered)"
"pdam_00003704",131.015747917158,-0.956824086823187,0.270350357494421,-3.5392003757307,0.000401341087217514,0.00516173413297604,"RPUSD4: RNA pseudouridylate synthase domain-containing protein 4 (Homo sapiens)","Wounded 4h vs 0h (injury-filtered)"
"pdam_00003759",251.637464861516,-0.691668118429865,0.233113001203475,-2.96709370502307,0.00300629320984417,0.0238500188753209,"MNAT1: CDK-activating kinase assembly factor MAT1 (Homo sapiens)","Wounded 4h vs 0h (injury-filtered)"
"pdam_00003826",18.2504512456671,-1.63228782158486,0.540890391279088,-3.0177792911515,0.00254634282167993,0.0211675376511864,"Uncharacterized skeletal organic matrix protein 5 (Acropora millepora)","Wounded 4h vs 0h (injury-filtered)"
"pdam_00003870",2436.95667435583,0.343352582432784,0.0926167761502183,3.70723962444869,0.000209530665242243,0.00310206711995943,"Sin3a: Paired amphipathic helix protein Sin3a (Mus musculus)","Wounded 4h vs 0h (injury-filtered)"
"pdam_00003891",441.745995350182,-0.944636997768319,0.258055728294114,-3.660593020015,0.000251632178428461,0.00357117720776286,"HINT1: Histidine triad nucleotide-binding protein 1 (Bos taurus)","Wounded 4h vs 0h (injury-filtered)"
"pdam_00003988",2070.52413274114,0.531228005832362,0.182359361941128,2.91308326689508,0.00357879158832711,0.0269543309496078,"DNAH5: Dynein heavy chain 5%2C axonemal (Homo sapiens)","Wounded 4h vs 0h (injury-filtered)"
"pdam_00004025",170.749907845784,-0.764449391971609,0.182396250558095,-4.19114641684,2.77548467877462e-05,0.000613973023650478,"GABBR2: Gamma-aminobutyric acid type B receptor subunit 2 (Homo sapiens)","Wounded 4h vs 0h (injury-filtered)"
"pdam_00004030",203.506812523399,0.609271035778333,0.218664715706523,2.78632532829876,0.00533093398307337,0.0360242539242451,"LDLRAP1: Low density lipoprotein receptor adapter protein 1 (Homo sapiens)","Wounded 4h vs 0h (injury-filtered)"
"pdam_00004113",184.936372316011,2.53168645263211,0.504406620208058,5.0191380350794,5.19038453328406e-07,2.2993269363985e-05,"unknown function","Wounded 4h vs 0h (injury-filtered)"
"pdam_00004134",292.780333397587,1.01865857779868,0.357430234093012,2.84995078937167,0.00437259938359741,0.0312609857516238,"hmu: Halomucin (Haloquadratum walsbyi (strain DSM 16790 / HBSQ001))","Wounded 4h vs 0h (injury-filtered)"
"pdam_00004156",8.41759080215332,5.45022319842802,1.45591710809906,3.74349828579471,0.000181475841103679,0.00274600337147526,"unknown function","Wounded 4h vs 0h (injury-filtered)"
"pdam_00004183",366.683166531946,0.547204397078532,0.153283697416757,3.56987994353216,0.000357144871334013,0.00473175554416563,"unknown function","Wounded 4h vs 0h (injury-filtered)"
"pdam_00004246",322.337518822027,-0.559699961741148,0.175985659594174,-3.18037255439918,0.0014708582110614,0.0139625654321354,"Lmf1: Lipase maturation factor 1 (Mus musculus)","Wounded 4h vs 0h (injury-filtered)"
"pdam_00004269",343.880804183989,1.05249592000706,0.377162978485221,2.79055999672647,0.00526169474130689,0.0356694440469459,"unknown function","Wounded 4h vs 0h (injury-filtered)"
"pdam_00004323",369.725937236045,-0.512933271359824,0.157966503994445,-3.24710149550352,0.00116586805417612,0.0116332483289453,"commd6: COMM domain-containing protein 6 (Xenopus tropicalis)","Wounded 4h vs 0h (injury-filtered)"
"pdam_00004325",179.330946100124,0.536259320266142,0.198303914736397,2.70422962138184,0.00684629609251028,0.0430410341804167,"Vegfd: Vascular endothelial growth factor D (Mus musculus)","Wounded 4h vs 0h (injury-filtered)"
"pdam_00004335",141.732512667365,-0.645581296849266,0.209436112698308,-3.08247364091991,0.0020528791058662,0.0178290574422341,"Gabbr2: Gamma-aminobutyric acid type B receptor subunit 2 (Rattus norvegicus)","Wounded 4h vs 0h (injury-filtered)"
"pdam_00004340",87.2112604890049,-0.891805000552838,0.294179931890882,-3.03149502694028,0.00243345928990204,0.0203707158525784,"foxred1: FAD-dependent oxidoreductase domain-containing protein 1 (Xenopus laevis)","Wounded 4h vs 0h (injury-filtered)"
"pdam_00004357",365.80238956906,-0.650591880462481,0.2099952322408,-3.09812691231223,0.00194748009586124,0.0171835299863331,"tmem223: Transmembrane protein 223 (Danio rerio)","Wounded 4h vs 0h (injury-filtered)"
"pdam_00004402",11.1619876369094,-2.04577071892069,0.658991156947735,-3.10439783197719,0.00190666765666474,0.0168581280587212,"unknown function","Wounded 4h vs 0h (injury-filtered)"
"pdam_00004417",185.924315210551,-1.25276574050148,0.355712186348053,-3.52185218438281,0.000428543020161686,0.00544621314874125,"unknown function","Wounded 4h vs 0h (injury-filtered)"
"pdam_00004440",153.340601343658,-1.0875517665848,0.240091194629667,-4.52974449255548,5.90550601493188e-06,0.000170731863608756,"ORC4: Origin recognition complex subunit 4 (Bos taurus)","Wounded 4h vs 0h (injury-filtered)"
"pdam_00004483",1450.3194928074,-0.503832085889825,0.180728920194869,-2.78777787941506,0.00530709177159886,0.0359339578721528,"Arhgef39: Rho guanine nucleotide exchange factor 39 (Mus musculus)","Wounded 4h vs 0h (injury-filtered)"
"pdam_00004502",336.572006206007,-0.609357679370366,0.219643359235919,-2.77430504382267,0.00553197797954914,0.037061442157636,"ABTB2: Ankyrin repeat and BTB/POZ domain-containing protein 2 (Homo sapiens)","Wounded 4h vs 0h (injury-filtered)"
"pdam_00004508",88.3609636917194,-0.666019194764066,0.229852643905578,-2.89759205483694,0.00376039364012391,0.0279297978552161,"Protein C12orf4 homolog (Rattus norvegicus)","Wounded 4h vs 0h (injury-filtered)"
"pdam_00004509",358.119293606288,-0.460243701469925,0.13263377788276,-3.47003386932665,0.000520392739314925,0.00640000941378412,"emc6: ER membrane protein complex subunit 6 (Xenopus tropicalis)","Wounded 4h vs 0h (injury-filtered)"
"pdam_00004554",388.257584361522,-1.28040713716422,0.222523227683162,-5.75403813118926,8.71364884655401e-09,6.52344086573458e-07,"Tyms: Thymidylate synthase (Mus musculus)","Wounded 4h vs 0h (injury-filtered)"
"pdam_00004605",390.666920491605,-0.77255928858775,0.171110451373342,-4.51497428933852,6.33244479777201e-06,0.000181595084671383,"ctu1: Cytoplasmic tRNA 2-thiolation protein 1 (Danio rerio)","Wounded 4h vs 0h (injury-filtered)"
"pdam_00004615",345.241688090597,-0.796164757412729,0.206169905332815,-3.86169240426968,0.000112604282137373,0.0019227966264573,"Dpy19l3: Probable C-mannosyltransferase DPY19L3 (Mus musculus)","Wounded 4h vs 0h (injury-filtered)"
"pdam_00004637",331.963101218838,-1.00409205502198,0.231691091109159,-4.33375340508414,1.4658836863355e-05,0.000364500552818293,"lysA: Diaminopimelate decarboxylase (Zymomonas mobilis subsp. mobilis (strain ATCC 31821 / ZM4 / CP4))","Wounded 4h vs 0h (injury-filtered)"
"pdam_00004654",350.927338542112,0.548258838892477,0.198980116008678,2.75534485500334,0.00586303028980233,0.0384823090690548,"ZNFX1: NFX1-type zinc finger-containing protein 1 (Homo sapiens)","Wounded 4h vs 0h (injury-filtered)"
"pdam_00004669",686.958000398946,-0.461370455708945,0.154579122586164,-2.98468802248358,0.00283867681360732,0.0228732931390772,"Gmds: GDP-mannose 4%2C6 dehydratase (Mus musculus)","Wounded 4h vs 0h (injury-filtered)"
"pdam_00004689",40.2259071037139,-1.23077996983014,0.412822421368155,-2.98137869002161,0.00286953709682028,0.0230747392063259,"unknown function","Wounded 4h vs 0h (injury-filtered)"
"pdam_00004725",515.407294993475,1.15757925748424,0.334766807008931,3.45786748640633,0.000544469118956527,0.00664841778873981,"Tmprss9: Transmembrane protease serine 9 (Rattus norvegicus)","Wounded 4h vs 0h (injury-filtered)"
"pdam_00004743",180.829681450377,-1.02900465986726,0.301970728801894,-3.40763048110642,0.000655295697352352,0.00768026935893024,"TBCA: Tubulin-specific chaperone A (Homo sapiens)","Wounded 4h vs 0h (injury-filtered)"
"pdam_00004756",462.806825084728,-0.63499764843461,0.2011662602963,-3.15658126516502,0.0015963039928021,0.0148814767007065,"Otp: Homeobox protein orthopedia (Lytechinus variegatus)","Wounded 4h vs 0h (injury-filtered)"
"pdam_00004764",91.9557285968371,-0.916637245601736,0.278365363415408,-3.29292852514064,0.000991496764715912,0.0103207167785608,"ZNF670: Zinc finger protein 670 (Homo sapiens)","Wounded 4h vs 0h (injury-filtered)"
"pdam_00004784",288.262267741498,-0.76463759713804,0.194047134616729,-3.94047352798231,8.13209247172968e-05,0.00147687069211158,"Slc35c2: Solute carrier family 35 member C2 (Mus musculus)","Wounded 4h vs 0h (injury-filtered)"
"pdam_00004800",322.373505847512,-0.521042158511924,0.134784269013867,-3.86574903973636,0.000110748774170578,0.00190246507004774,"unknown function","Wounded 4h vs 0h (injury-filtered)"
"pdam_00004806",241.773983921452,-1.44822477347541,0.372209371461136,-3.89088745345205,9.98782545894565e-05,0.00174369938562285,"unknown function","Wounded 4h vs 0h (injury-filtered)"
"pdam_00004810",10.2639636029326,2.75899443018642,0.712295619230227,3.87338396544969,0.000107334521556056,0.00185311484144715,"RASD2: GTP-binding protein Rhes (Homo sapiens)","Wounded 4h vs 0h (injury-filtered)"
"pdam_00004859",277.093495663992,-0.528792558395539,0.17523141780626,-3.01768121844557,0.00254716694904325,0.0211675376511864,"OXSM: 3-oxoacyl-[acyl-carrier-protein] synthase%2C mitochondrial (Homo sapiens)","Wounded 4h vs 0h (injury-filtered)"
"pdam_00004901",98.8316900227043,-1.45534918790827,0.36237788423953,-4.01610929144422,5.91668254522913e-05,0.00114616503452439,"DKK3: Dickkopf-related protein 3 (Gallus gallus)","Wounded 4h vs 0h (injury-filtered)"
"pdam_00004907",905.029762603683,0.438865932393969,0.164655342633415,2.66536102245434,0.00769057119810959,0.0469472663054729,"ADGRB3: Adhesion G protein-coupled receptor B3 (Homo sapiens)","Wounded 4h vs 0h (injury-filtered)"
"pdam_00004917",18.327822787233,1.59100456911565,0.583228921875827,2.72792467835534,0.00637341592041706,0.0409082151028192,"TCF15: Transcription factor 15 (Gallus gallus)","Wounded 4h vs 0h (injury-filtered)"
"pdam_00004953",98.8212699489441,-1.3691128099649,0.354405923535053,-3.86312056048206,0.000111947723031843,0.00191437782924011,"unknown function","Wounded 4h vs 0h (injury-filtered)"
"pdam_00004974",33.8153750511239,-1.29471119988825,0.490095820004196,-2.64175115771681,0.00824786295073247,0.0495276225665,"CHST3: Carbohydrate sulfotransferase 3 (Homo sapiens)","Wounded 4h vs 0h (injury-filtered)"
"pdam_00004985",275.525256545201,0.611910741485991,0.19282606394528,3.17338190162735,0.00150674186673501,0.0141931772325852,"sox8: Transcription factor Sox-8 (Tetraodon nigroviridis)","Wounded 4h vs 0h (injury-filtered)"
"pdam_00005003",55.3319018487491,-0.865749096628415,0.299706660238663,-2.88865484650558,0.00386893486757957,0.0284809481964413,"tmem53: Transmembrane protein 53 (Danio rerio)","Wounded 4h vs 0h (injury-filtered)"
"pdam_00005080",492.301829164099,-0.451223383334114,0.14698777785924,-3.0698020604558,0.00214200681117048,0.0184073006369458,"atad1b: ATPase family AAA domain-containing protein 1-B (Danio rerio)","Wounded 4h vs 0h (injury-filtered)"
"pdam_00005117",302.60639011043,0.81683236196654,0.181599416327894,4.49799001827009,6.85989172551973e-06,0.000195477361120755,"ATF7IP: Activating transcription factor 7-interacting protein 1 (Gallus gallus)","Wounded 4h vs 0h (injury-filtered)"
"pdam_00005129",233.506733539722,0.64613768502949,0.205616292060175,3.14244400847571,0.00167543754094246,0.0154761321131021,"ADRB1: Beta-1 adrenergic receptor (Meleagris gallopavo)","Wounded 4h vs 0h (injury-filtered)"
"pdam_00005161",68.4473211605726,-0.961187206882222,0.356274154576568,-2.69788642969231,0.0069781242602819,0.0437095222207793,"unknown function","Wounded 4h vs 0h (injury-filtered)"
"pdam_00005168",274.400488250218,-0.763422228606779,0.237355584119168,-3.21636514868549,0.001298255310804,0.0126139745759808,"unknown function","Wounded 4h vs 0h (injury-filtered)"
"pdam_00005209",220.09224683209,-0.599147557048393,0.198731464878207,-3.01486006463839,0.00257097843989366,0.0212931663640275,"PPP1R7: Protein phosphatase 1 regulatory subunit 7 (Homo sapiens)","Wounded 4h vs 0h (injury-filtered)"
"pdam_00005282",4901.17056149407,0.306861932891494,0.112330410777216,2.73177967362811,0.00629932512909732,0.0405846035374838,"Kalrn: Kalirin (Mus musculus)","Wounded 4h vs 0h (injury-filtered)"
"pdam_00005321",1155.69532911428,0.668761613092375,0.190163118582689,3.51677874278012,0.000436817738438161,0.0055430315643307,"RDH8: Retinol dehydrogenase 8 (Bos taurus)","Wounded 4h vs 0h (injury-filtered)"
"pdam_00005348",98.6334264539218,-0.817398808057376,0.291119942494972,-2.80777332206121,0.00498853271279394,0.0342916619198634,"CWC27: Peptidyl-prolyl cis-trans isomerase CWC27 homolog (Homo sapiens)","Wounded 4h vs 0h (injury-filtered)"
"pdam_00005375",292.866584576773,-0.415111354595372,0.147138964241549,-2.82121976823155,0.00478414157239005,0.0333005777982359,"alr2800: Uncharacterized WD repeat-containing protein alr2800 (Nostoc sp. (strain PCC 7120 / SAG 25.82 / UTEX 2576))","Wounded 4h vs 0h (injury-filtered)"
"pdam_00005384",117.942485496795,-1.10465664729214,0.247850288791297,-4.45695122115561,8.31335101310578e-06,0.000228403990013919,"abhd11: Protein ABHD11 (Danio rerio)","Wounded 4h vs 0h (injury-filtered)"
"pdam_00005490",101.778399906074,-0.825629204518787,0.243340159816087,-3.39290154630779,0.00069156489476175,0.00798934538800232,"tmem53: Transmembrane protein 53 (Danio rerio)","Wounded 4h vs 0h (injury-filtered)"
"pdam_00005508",1123.42750778522,0.403296569465571,0.128011868930657,3.15046231911537,0.00163012282799115,0.015122741213788,"DNAH7: Dynein heavy chain 7%2C axonemal (Homo sapiens)","Wounded 4h vs 0h (injury-filtered)"
"pdam_00005558",815.409466654005,0.517598185097896,0.123961390877285,4.17547900547752,2.97359679038107e-05,0.000651077182302592,"SPG20: Spartin (Bos taurus)","Wounded 4h vs 0h (injury-filtered)"
"pdam_00005565",226.993335524687,1.16578554756423,0.357826621053641,3.25796203795991,0.00112215416773446,0.0113165947362585,"Trypsin-1 (Astacus astacus)","Wounded 4h vs 0h (injury-filtered)"
"pdam_00005566",45.0540527513619,2.19383757530079,0.711565061439017,3.08311592880085,0.00204845338325719,0.0177996375076337,"CTRC: Chymotrypsin-C (Bos taurus)","Wounded 4h vs 0h (injury-filtered)"
"pdam_00005578",18.270963602159,-1.73169714998896,0.485423974773963,-3.56739106426568,0.000360553192320694,0.00476586270558673,"unknown function","Wounded 4h vs 0h (injury-filtered)"
"pdam_00005604",41.1934145323537,-0.968580721917826,0.338749994930002,-2.85927892668447,0.00424605258350537,0.0305473459889283,"gtdc1: Glycosyltransferase-like domain-containing protein 1 (Danio rerio)","Wounded 4h vs 0h (injury-filtered)"
"pdam_00005619",470.471619913124,0.745320080818205,0.249118991061977,2.99182361666189,0.00277316438648565,0.0225817418891234,"trim71: E3 ubiquitin-protein ligase TRIM71 (Danio rerio)","Wounded 4h vs 0h (injury-filtered)"
"pdam_00005634",83.2487529391574,-0.737045660953178,0.266296174495492,-2.76776661305608,0.00564418586090031,0.0375527051610535,"Ta0103: Isopentenyl phosphate kinase (Thermoplasma acidophilum (strain ATCC 25905 / DSM 1728 / JCM 9062 / NBRC 15155 / AMRC-C165))","Wounded 4h vs 0h (injury-filtered)"
"pdam_00005660",602.979459635998,-0.492265701073852,0.109991999498808,-4.47546824602625,7.62440304103302e-06,0.000212887240611515,"Protein BUD31 homolog (Branchiostoma belcheri)","Wounded 4h vs 0h (injury-filtered)"
"pdam_00005664",465.174737723381,-0.473640982806867,0.171510191789301,-2.76159088778078,0.00575205043711046,0.0380158645697077,"RDH12: Retinol dehydrogenase 12 (Bos taurus)","Wounded 4h vs 0h (injury-filtered)"
"pdam_00005719",339.765821179545,-0.878311754317252,0.203519000980558,-4.31562532287172,1.591517280951e-05,0.00039034295085299,"LCMT1: Leucine carboxyl methyltransferase 1 (Homo sapiens)","Wounded 4h vs 0h (injury-filtered)"
"pdam_00005727",475.464429133074,-0.539893107593625,0.17659790427426,-3.05718864452186,0.00223423618122245,0.0190850747836959,"Ntn1: Netrin-1 (Mus musculus)","Wounded 4h vs 0h (injury-filtered)"
"pdam_00005746",34.9898749835099,-1.1334583174011,0.376769158346781,-3.0083627926834,0.00262659376593568,0.0216596072742671,"unknown function","Wounded 4h vs 0h (injury-filtered)"
"pdam_00005775",182.290211088996,0.552534200401226,0.166624310642913,3.31604793003671,0.000913001687478389,0.00973648735910631,"CYP20A1: Cytochrome P450 20A1 (Homo sapiens)","Wounded 4h vs 0h (injury-filtered)"
"pdam_00005839",617.785301154601,0.632007849830805,0.201610609590665,3.13479459793304,0.00171974480029791,0.0157918076359439,"unknown function","Wounded 4h vs 0h (injury-filtered)"
"pdam_00005840",296.202231608619,0.716621426565788,0.26585663361339,2.69551832062954,0.00702792128883795,0.0439892963037013,"HSPG2: Basement membrane-specific heparan sulfate proteoglycan core protein (Homo sapiens)","Wounded 4h vs 0h (injury-filtered)"
"pdam_00005846",203.182626788525,-0.643840179638318,0.209323778316896,-3.07581004325083,0.00209931542555598,0.0181068158896878,"URM1: Ubiquitin-related modifier 1 (Gallus gallus)","Wounded 4h vs 0h (injury-filtered)"
"pdam_00005850",305.020380513412,0.551544064663366,0.190967922735128,2.88815030694111,0.00387514647845459,0.0285073574691275,"unknown function","Wounded 4h vs 0h (injury-filtered)"
"pdam_00005853",723.172375179488,-0.526755858993751,0.18075545679342,-2.91419063268316,0.00356612068608848,0.0269004987461623,"Sardh: Sarcosine dehydrogenase%2C mitochondrial (Rattus norvegicus)","Wounded 4h vs 0h (injury-filtered)"
"pdam_00005882",533.957320796014,0.604202714346146,0.185918713639647,3.24982193840491,0.00115477288496705,0.0115639172546,"col27a1b: Collagen alpha-1(XXVII) chain B (Danio rerio)","Wounded 4h vs 0h (injury-filtered)"
"pdam_00005891",991.02755928964,0.665658489055956,0.24483286715524,2.71882814096967,0.00655136373833432,0.0416450055357818,"CG7708: High-affinity choline transporter 1 (Drosophila melanogaster)","Wounded 4h vs 0h (injury-filtered)"
"pdam_00005892",32.3898863202679,1.48499971188818,0.521941930859657,2.84514353817546,0.00443914141439397,0.0315263630523489,"Slc5a7: High affinity choline transporter 1 (Rattus norvegicus)","Wounded 4h vs 0h (injury-filtered)"
"pdam_00005907",232.846968211027,-0.74071400501365,0.244249394870438,-3.03261347036934,0.00242445927895964,0.0203152149943715,"CDC16: Cell division cycle protein 16 homolog (Homo sapiens)","Wounded 4h vs 0h (injury-filtered)"
"pdam_00005912",25.3790826131473,-1.23107356569762,0.463902571984466,-2.65373300352997,0.00796067885099335,0.0482083639072518,"coa7-b: Cytochrome c oxidase assembly factor 7B (Xenopus laevis)","Wounded 4h vs 0h (injury-filtered)"
"pdam_00005920",10.1511985059964,-2.50510406522472,0.919108469515759,-2.72558043833994,0.00641885338177,0.0411228783172888,"unknown function","Wounded 4h vs 0h (injury-filtered)"
"pdam_00005923",10.751502637501,1.8484018739274,0.651114972910264,2.83882563115646,0.00452798927645638,0.0319433390960839,"unknown function","Wounded 4h vs 0h (injury-filtered)"
"pdam_00005975",34.7003078492008,-1.20485135367269,0.33739568154227,-3.57103371378433,0.000355575117748192,0.00471825063364939,"elp5: Elongator complex protein 5 (Danio rerio)","Wounded 4h vs 0h (injury-filtered)"
"pdam_00005993",76.5887780787828,0.959367347778067,0.344852148646598,2.7819671460456,0.00540305093910991,0.0362969848354625,"speg: Striated muscle preferentially expressed protein kinase (Danio rerio)","Wounded 4h vs 0h (injury-filtered)"
"pdam_00006115",1213.93913082035,0.684132207460438,0.189888215168667,3.602815513605,0.000314788951790822,0.00427973179183335,"Col12a1: Collagen alpha-1(XII) chain (Mus musculus)","Wounded 4h vs 0h (injury-filtered)"
"pdam_00006116",337.459486035946,-0.681899239419384,0.19554360791602,-3.4871978004632,0.000488110207464765,0.00607709614871164,"unknown function","Wounded 4h vs 0h (injury-filtered)"
"pdam_00006121",141.687336313183,-0.818692762212577,0.268037194429977,-3.0543998341486,0.00225511306540968,0.0192059902600018,"Glutathione S-transferase (Dirofilaria immitis)","Wounded 4h vs 0h (injury-filtered)"
"pdam_00006122",356.33624425009,0.780775908680255,0.227217896728763,3.43624300691548,0.000589841654938496,0.00706263514435461,"unknown function","Wounded 4h vs 0h (injury-filtered)"
"pdam_00006136",151.40913641932,-0.500027490793377,0.171863120083482,-2.9094519554311,0.0036206303134745,0.027164033377366,"tmem5: Transmembrane protein 5 (Danio rerio)","Wounded 4h vs 0h (injury-filtered)"
"pdam_00006144",1008.10547353371,-0.644301556799567,0.138144531028291,-4.66396716542922,3.10170893144561e-06,0.000100142557289461,"Rab3: Ras-related protein Rab-3 (Drosophila melanogaster)","Wounded 4h vs 0h (injury-filtered)"
"pdam_00006175",388.360321036947,1.271325351786,0.347068007820721,3.66304390822073,0.000249235795968579,0.00354009816577077,"CACHD1: VWFA and cache domain-containing protein 1 (Homo sapiens)","Wounded 4h vs 0h (injury-filtered)"
"pdam_00006235",277.681343675125,0.771465829529215,0.177448868749886,4.34753873025021,1.37673765146796e-05,0.000348123750689773,"unknown function","Wounded 4h vs 0h (injury-filtered)"
"pdam_00006245",46.4810048868719,1.4482822652213,0.538346594860318,2.69024134089133,0.00714003618490307,0.0444153774869297,"Orct: Organic cation transporter protein (Drosophila melanogaster)","Wounded 4h vs 0h (injury-filtered)"
"pdam_00006262",68.7565919313016,1.48230333943479,0.394464521924228,3.75776085566328,0.00017144060806744,0.00263131404181575,"unknown function","Wounded 4h vs 0h (injury-filtered)"
"pdam_00006271",525.635505694269,-0.539638172721417,0.197401322988716,-2.73371102356931,0.00626249797076121,0.0404232926245219,"slc46a1: Proton-coupled folate transporter (Danio rerio)","Wounded 4h vs 0h (injury-filtered)"
"pdam_00006276",27.1457921050944,-1.30810466711855,0.474366087872866,-2.75758470211119,0.00582301250897645,0.0382929522262724,"guaD: Guanine deaminase (Bacillus subtilis (strain 168))","Wounded 4h vs 0h (injury-filtered)"
"pdam_00006321",352.450560059142,0.664199139742735,0.192894078487811,3.44333607827524,0.00057458479814343,0.00692734302346762,"Gk: Glycerol kinase (Rattus norvegicus)","Wounded 4h vs 0h (injury-filtered)"
"pdam_00006324",835.412275605245,0.331473592900387,0.114583049092467,2.89286762331565,0.00381742151163488,0.0282094286187363,"LRCH1: Leucine-rich repeat and calponin homology domain-containing protein 1 (Homo sapiens)","Wounded 4h vs 0h (injury-filtered)"
"pdam_00006345",741.386272710158,-0.509177128034442,0.171430996066342,-2.97015790445152,0.00297646711321961,0.0236791425471169,"ATP13A2: Probable cation-transporting ATPase 13A2 (Homo sapiens)","Wounded 4h vs 0h (injury-filtered)"
"pdam_00006347",1002.12147935178,-0.324971851262827,0.110623492638046,-2.93763868336824,0.00330722215835971,0.025615132900311,"PLEKHM2: Pleckstrin homology domain-containing family M member 2 (Homo sapiens)","Wounded 4h vs 0h (injury-filtered)"
"pdam_00006372",512.691251362882,-0.661012078340876,0.121572842469373,-5.43716890149543,5.41338176594164e-08,3.25638656123872e-06,"SLC2A3: Solute carrier family 2%2C facilitated glucose transporter member 3 (Canis lupus familiaris)","Wounded 4h vs 0h (injury-filtered)"
"pdam_00006397",102.893979543717,-0.768335184898439,0.288843127493209,-2.66004315756657,0.00781306393996915,0.047498995810933,"Hmcn1: Hemicentin-1 (Mus musculus)","Wounded 4h vs 0h (injury-filtered)"
"pdam_00006440",576.791971672496,-0.747739584860461,0.257779720918851,-2.90069204123255,0.00372339606745192,0.0277177169693425,"SSBP1: Single-stranded DNA-binding protein%2C mitochondrial (Bos taurus)","Wounded 4h vs 0h (injury-filtered)"
"pdam_00006536",58.1407397949753,-1.16308904076304,0.324479692387445,-3.58447406124342,0.000337758127862447,0.0045451533312981,"Slc25a29: Mitochondrial basic amino acids transporter (Rattus norvegicus)","Wounded 4h vs 0h (injury-filtered)"
"pdam_00006589",206.092496205671,-0.538754912273854,0.184435037538226,-2.92110934812043,0.00348787385751449,0.026534471209775,"UPF0160 protein MYG1%2C mitochondrial (Bos taurus)","Wounded 4h vs 0h (injury-filtered)"
"pdam_00006592",114.315876764116,-0.77664160010159,0.283186708278768,-2.74250724838776,0.00609721042084453,0.039654998275781,"TMEM167A: Protein kish-A (Taeniopygia guttata)","Wounded 4h vs 0h (injury-filtered)"
"pdam_00006621",17.9766825631498,1.54506659550861,0.552355908809124,2.79723013887868,0.00515428048755404,0.035079390503623,"AACS: Acetoacetyl-CoA synthetase (Macaca fascicularis)","Wounded 4h vs 0h (injury-filtered)"
"pdam_00006636",450.070567963454,-0.394052176279623,0.148342295055431,-2.65637103789164,0.00789866553451086,0.0479005029797149,"ASCL4: Achaete-scute homolog 4 (Homo sapiens)","Wounded 4h vs 0h (injury-filtered)"
"pdam_00006657",43.1890102452687,-0.931377567702926,0.310099312165875,-3.0034815659466,0.00266909717978065,0.0219572946497886,"btbd6: BTB/POZ domain-containing protein 6 (Xenopus laevis)","Wounded 4h vs 0h (injury-filtered)"
"pdam_00006671",53.5164920161298,-0.854525781663814,0.318059903289349,-2.68668188862029,0.00721656451218807,0.0447672452857083,"SIFaR: Neuropeptide SIFamide receptor (Drosophila melanogaster)","Wounded 4h vs 0h (injury-filtered)"
"pdam_00006697",527.156247780278,-0.586725891880507,0.130593246250921,-4.49277362133394,7.03015042669837e-06,0.000199255304327547,"ALG8: Probable dolichyl pyrophosphate Glc1Man9GlcNAc2 alpha-1%2C3-glucosyltransferase (Homo sapiens)","Wounded 4h vs 0h (injury-filtered)"
"pdam_00006727",122.062548709384,-1.08435318877614,0.248544853628237,-4.36280684531118,1.28404304479006e-05,0.000328832312455282,"PGAP2: Post-GPI attachment to proteins factor 2 (Bos taurus)","Wounded 4h vs 0h (injury-filtered)"
"pdam_00006732",68.4374603658148,-1.01667758761941,0.310931045382974,-3.26978474075232,0.00107629353651762,0.0109829000164539,"NEU1: Sialidase-1 (Bos taurus)","Wounded 4h vs 0h (injury-filtered)"
"pdam_00006755",16.2065640565888,-2.10048128863834,0.701214148375154,-2.99549188148236,0.00274002595170339,0.0223903741258356,"Aplnr: Apelin receptor (Mus musculus)","Wounded 4h vs 0h (injury-filtered)"
"pdam_00006804",688.527245454423,-0.322996899782334,0.12026744363798,-2.6856553196108,0.00723877213272829,0.0448505635863729,"unknown function","Wounded 4h vs 0h (injury-filtered)"
"pdam_00006807",39.3818916088056,-1.03825691471842,0.347663285115713,-2.98638642378602,0.00282295677849878,0.0228179024095159,"HRH2: Histamine H2 receptor (Canis lupus familiaris)","Wounded 4h vs 0h (injury-filtered)"
"pdam_00006844",67.2030458170706,-0.803880126805033,0.284482490494854,-2.82576310902893,0.00471681327795663,0.0330061415662402,"tmem18: Transmembrane protein 18 (Danio rerio)","Wounded 4h vs 0h (injury-filtered)"
"pdam_00006860",1034.08327032198,-0.520160969759131,0.186707718629548,-2.78596393109594,0.00533688097405131,0.0360360328551145,"B4galnt1: Beta-1%2C4 N-acetylgalactosaminyltransferase 1 (Rattus norvegicus)","Wounded 4h vs 0h (injury-filtered)"
"pdam_00007010",59.099696347876,-1.12719435891551,0.381912124317188,-2.95144952763885,0.00316286233004759,0.0247812275236901,"Os04g0576800: Polyprenol reductase 1 (Oryza sativa subsp. japonica)","Wounded 4h vs 0h (injury-filtered)"
"pdam_00007012",31.0282866299044,1.20753556819173,0.377866668820375,3.19566574093825,0.00139508630555183,0.0133392970565424,"unknown function","Wounded 4h vs 0h (injury-filtered)"
"pdam_00007016",178.558363614335,0.575075969885439,0.215548785214598,2.66796200828921,0.00763128868520203,0.0467252904353942,"aldh9a1a: Aldehyde dehydrogenase family 9 member A1-A (Danio rerio)","Wounded 4h vs 0h (injury-filtered)"
"pdam_00007061",549.955640253908,-0.62722271547873,0.233472151464842,-2.68649906013815,0.00722051513375305,0.0447698052271473,"Atp6v1f: V-type proton ATPase subunit F (Rattus norvegicus)","Wounded 4h vs 0h (injury-filtered)"
"pdam_00007131",254.613040755231,-0.686900863076117,0.20038488456016,-3.42790757189021,0.000608252510057414,0.0072365586623347,"unknown function","Wounded 4h vs 0h (injury-filtered)"
"pdam_00007134",417.142771829009,0.471461256449652,0.141101099098139,3.34130109165018,0.000833867411224047,0.00914728600848631,"dixdc1a: Dixin-A (Danio rerio)","Wounded 4h vs 0h (injury-filtered)"
"pdam_00007138",41.1512132746636,1.41691657285097,0.412498857168759,3.43495878407073,0.000592643958158082,0.00709022192509571,"ZEB1: Zinc finger E-box-binding homeobox 1 (Homo sapiens)","Wounded 4h vs 0h (injury-filtered)"
"pdam_00007170",757.432905763363,-0.585534781446764,0.186390651867372,-3.14143856239854,0.00168120077093646,0.0155126512470047,"Rab38: Ras-related protein Rab-38 (Mus musculus)","Wounded 4h vs 0h (injury-filtered)"
"pdam_00007192",8.32488916722145,-2.59237200442106,0.830120826809277,-3.12288515201494,0.00179087615603611,0.0162362669587959,"Kcnk3: Potassium channel subfamily K member 3 (Mus musculus)","Wounded 4h vs 0h (injury-filtered)"
"pdam_00007239",221.243395327345,0.822759631021848,0.259751441590479,3.16748821867561,0.00153761940129866,0.0144285424279498,"grrA: SCF E3 ubiquitin ligase complex F-box protein grrA (Emericella nidulans (strain FGSC A4 / ATCC 38163 / CBS 112.46 / NRRL 194 / M139))","Wounded 4h vs 0h (injury-filtered)"
"pdam_00007265",47.784711922997,0.976027478476329,0.331421132448053,2.94497659599094,0.00322979092779043,0.0251803254506772,"unknown function","Wounded 4h vs 0h (injury-filtered)"
"pdam_00007314",240.531406756902,-0.989696238710074,0.208412755130584,-4.74873161237163,2.04696372330831e-06,7.0905643223586e-05,"tmem135: Transmembrane protein 135 (Xenopus laevis)","Wounded 4h vs 0h (injury-filtered)"
"pdam_00007318",207.552688641588,-0.515357061066261,0.161094336382864,-3.19910105245066,0.00137856838677365,0.0132034505155572,"zgc:56409: Uncharacterized protein C7orf26 homolog (Danio rerio)","Wounded 4h vs 0h (injury-filtered)"
"pdam_00007321",1348.03805262921,-0.400404439573681,0.11778472665322,-3.39945976826473,0.000675191122557242,0.00784246382460797,"Atp5o: ATP synthase subunit O%2C mitochondrial (Mus musculus)","Wounded 4h vs 0h (injury-filtered)"
"pdam_00007336",147.349447320315,0.681377417607357,0.231342585327524,2.94531772713914,0.00322623174920033,0.0251640205224252,"licD: Lipopolysaccharide cholinephosphotransferase LicD (Haemophilus influenzae (strain ATCC 51907 / DSM 11121 / KW20 / Rd))","Wounded 4h vs 0h (injury-filtered)"
"pdam_00007349",2397.70507214083,-0.540303562957048,0.16474523015843,-3.27963099409589,0.00103942942802291,0.0107020698794406,"SH3BGRL3: SH3 domain-binding glutamic acid-rich-like protein 3 (Pongo abelii)","Wounded 4h vs 0h (injury-filtered)"
"pdam_00007427",546.247891359015,0.54517158815653,0.174813338852092,3.11859261848316,0.00181717019258181,0.0163707649929703,"Evc: Ellis-van Creveld syndrome protein homolog (Mus musculus)","Wounded 4h vs 0h (injury-filtered)"
"pdam_00007493",23.8786633061971,-1.49778478725301,0.512096327606102,-2.92481063915203,0.00344665885386002,0.0262970713798737,"Asb13: Ankyrin repeat and SOCS box protein 13 (Mus musculus)","Wounded 4h vs 0h (injury-filtered)"
"pdam_00007524",7939.05884617359,2.39349215112582,0.88913732807228,2.69192629255044,0.00710406437818739,0.0442397674172338,"unknown function","Wounded 4h vs 0h (injury-filtered)"
"pdam_00007526",15.7544185225338,-1.96415286455622,0.618308023827957,-3.17665757011548,0.00148982832154618,0.0140775544257631,"TAAR6: Trace amine-associated receptor 6 (Pan troglodytes)","Wounded 4h vs 0h (injury-filtered)"
"pdam_00007557",217.686713674472,1.28201443832862,0.351901087198966,3.64311019477974,0.000269363451584347,0.00376055945762382,"Cht3: Probable chitinase 3 (Drosophila melanogaster)","Wounded 4h vs 0h (injury-filtered)"
"pdam_00007704",31.0870104202027,1.17722777980783,0.396784501298499,2.96691976615842,0.0030079944339557,0.0238524776020983,"unknown function","Wounded 4h vs 0h (injury-filtered)"
"pdam_00007708",100.678110226271,-1.20889601645726,0.370362626410821,-3.26408749223067,0.00109817247708992,0.0111271093068733,"jub: LIM domain-containing protein jub (Drosophila melanogaster)","Wounded 4h vs 0h (injury-filtered)"
"pdam_00007730",159.935354634836,0.592498714011766,0.217905348557497,2.71906457521133,0.00654668258679789,0.0416450055357818,"bop1-b: Ribosome biogenesis protein bop1-B (Xenopus laevis)","Wounded 4h vs 0h (injury-filtered)"
"pdam_00007745",116.125804369259,0.783673286504818,0.259372012603844,3.02142578390589,0.00251587306832986,0.0209277670467962,"Notch1: Neurogenic locus notch homolog protein 1 (Mus musculus)","Wounded 4h vs 0h (injury-filtered)"
"pdam_00007750",628.016124783539,0.633884803386563,0.187970055465279,3.37226481003859,0.000745527295804456,0.00841127021458316,"ERICH3: Glutamate-rich protein 3 (Homo sapiens)","Wounded 4h vs 0h (injury-filtered)"
"pdam_00007755",26.1576751181186,1.50292735249615,0.568994088698803,2.64137603948241,0.00825700167526341,0.0495600845066124,"HMCN1: Hemicentin-1 (Homo sapiens)","Wounded 4h vs 0h (injury-filtered)"
"pdam_00007763",64.5225021819308,-0.838162630625184,0.267533958468787,-3.13292052875214,0.00173076297001826,0.0158831223456871,"Zdhhc22: Palmitoyltransferase ZDHHC22 (Rattus norvegicus)","Wounded 4h vs 0h (injury-filtered)"
"pdam_00007782",131.955844089089,-0.58222359204702,0.187295845525104,-3.10857718394497,0.00187990535865876,0.0167163368614345,"unknown function","Wounded 4h vs 0h (injury-filtered)"
"pdam_00007784",108.081626037659,-0.87935225608076,0.264904386439964,-3.31950809836836,0.000901761891626173,0.00965634345411562,"unknown function","Wounded 4h vs 0h (injury-filtered)"
"pdam_00007814",43.9346721827072,-1.016416301282,0.334672829423333,-3.03704457584251,0.00238910122720421,0.020107389022675,"GEMIN4: Gem-associated protein 4 (Homo sapiens)","Wounded 4h vs 0h (injury-filtered)"
"pdam_00007817",451.646224006565,1.09468509767119,0.332502788015832,3.29225840241396,0.000993862488091897,0.0103390646212667,"Uncharacterized skeletal organic matrix protein 5 (Acropora millepora)","Wounded 4h vs 0h (injury-filtered)"
"pdam_00007846",151.858832385523,-0.843312525066056,0.18422231638718,-4.57768929196213,4.7014030140886e-06,0.000142404334405539,"NDOR1: NADPH-dependent diflavin oxidoreductase 1 (Bos taurus)","Wounded 4h vs 0h (injury-filtered)"
"pdam_00007869",2069.12382832829,0.47596606369673,0.175165066241833,2.71724307767857,0.00658282415513334,0.041788558442495,"rhbg: Ammonium transporter Rh type B (Danio rerio)","Wounded 4h vs 0h (injury-filtered)"
"pdam_00007958",628.079312453509,-0.594502698870857,0.144015217951623,-4.12805471065258,3.65845080553497e-05,0.000775284061929439,"SNRPA: U1 small nuclear ribonucleoprotein A (Homo sapiens)","Wounded 4h vs 0h (injury-filtered)"
"pdam_00007971",31.5719981068049,2.11939959175459,0.597127463110351,3.54932526585688,0.000386219692642054,0.005019977566835,"Col27a1: Collagen alpha-1(XXVII) chain (Mus musculus)","Wounded 4h vs 0h (injury-filtered)"
"pdam_00007974",84.0513719068806,-1.56001784137106,0.36453244571696,-4.27950340141282,1.87310775568117e-05,0.000443543637615994,"unknown function","Wounded 4h vs 0h (injury-filtered)"
"pdam_00007980",48.0893035190906,0.849598561851565,0.313662321833588,2.70864079843902,0.00675594393991805,0.0426139169705812,"CASQ1: Calsequestrin-1 (Oryctolagus cuniculus)","Wounded 4h vs 0h (injury-filtered)"
"pdam_00007999",2277.81189290497,0.558455002201275,0.181557346660688,3.07591519964746,0.00209857520571023,0.0181068158896878,"Acsl4: Long-chain-fatty-acid--CoA ligase 4 (Mus musculus)","Wounded 4h vs 0h (injury-filtered)"
"pdam_00008001",45.6020794943016,1.00142175653962,0.358406997091996,2.79409097664066,0.00520458343681916,0.035351576244385,"ADAMTS6: A disintegrin and metalloproteinase with thrombospondin motifs 6 (Homo sapiens)","Wounded 4h vs 0h (injury-filtered)"
"pdam_00008004",168.266505676991,-1.01012381276058,0.255661037683597,-3.95102758681085,7.7816353002205e-05,0.00142530294430535,"ADAMTSL1: ADAMTS-like protein 1 (Homo sapiens)","Wounded 4h vs 0h (injury-filtered)"
"pdam_00008046",280.793600688896,-0.513284003015317,0.187233485474295,-2.74141135446515,0.00611758655343979,0.0397422902130245,"PAAF1: Proteasomal ATPase-associated factor 1 (Gallus gallus)","Wounded 4h vs 0h (injury-filtered)"
"pdam_00008063",899.39771352266,0.482182410093719,0.156509967210798,3.08084155077666,0.00206416461573314,0.0179179940112046,"lrk-1: Leucine-rich repeat serine/threonine-protein kinase 1 (Caenorhabditis elegans)","Wounded 4h vs 0h (injury-filtered)"
"pdam_00008067",142.183461670892,-0.700100214372609,0.214265361147201,-3.26744467992489,0.0010852307334444,0.0110532510954365,"CNB1: Calcineurin subunit B (Naegleria gruberi)","Wounded 4h vs 0h (injury-filtered)"
"pdam_00008110",79.4084993556372,-1.01637571048155,0.254807749592318,-3.9887943443938,6.64099637365006e-05,0.00125251091121955,"hgh1: Protein HGH1 homolog (Danio rerio)","Wounded 4h vs 0h (injury-filtered)"
"pdam_00008147",3551.95519919109,0.311197474739345,0.108903722425619,2.8575467193226,0.00426929780110831,0.0306631091337247,"esyt3: Extended synaptotagmin-3 (Xenopus tropicalis)","Wounded 4h vs 0h (injury-filtered)"
"pdam_00008149",211.03158154804,-0.961084383719801,0.313615523867947,-3.0645306452511,0.00218011837729902,0.0186973233919031,"HPRT1: Hypoxanthine-guanine phosphoribosyltransferase (Meriones unguiculatus)","Wounded 4h vs 0h (injury-filtered)"
"pdam_00008155",313.859644706253,0.985802300679619,0.349327434999466,2.82200079899573,0.00477250583620799,0.0332600975837194,"rsph1: Radial spoke head 1 homolog (Cyprinus carpio)","Wounded 4h vs 0h (injury-filtered)"
"pdam_00008214",106.692446288392,2.06874013367794,0.597357634618224,3.46315174326028,0.000533887215790546,0.00654250352216806,"unknown function","Wounded 4h vs 0h (injury-filtered)"
"pdam_00008237",380.70965040859,-0.455034033151354,0.165494517544896,-2.74954143437357,0.00596787172099302,0.0389913082258782,"ark-1: Ack-related non-receptor tyrosine kinase (Caenorhabditis elegans)","Wounded 4h vs 0h (injury-filtered)"
"pdam_00008304",391.872562401504,-0.509014855803888,0.181811269205655,-2.79968814929794,0.00511519969506637,0.0348965314652678,"unknown function","Wounded 4h vs 0h (injury-filtered)"
"pdam_00008338",859.116278575159,-0.45740719572422,0.160577816366444,-2.84850800736013,0.00439247480103931,0.0312939918701674,"Rsl24d1: Probable ribosome biogenesis protein RLP24 (Mus musculus)","Wounded 4h vs 0h (injury-filtered)"
"pdam_00008373",99.6046364277637,0.998089291824512,0.299391445945875,3.33372681597907,0.000856907742000184,0.00930977587379668,"Nf1: Neurofibromin (Rattus norvegicus)","Wounded 4h vs 0h (injury-filtered)"
"pdam_00008393",579.089425247354,0.648121312317944,0.216672427875407,2.99124959586751,0.0027783829842902,0.0225961090525005,"MIB1: E3 ubiquitin-protein ligase MIB1 (Homo sapiens)","Wounded 4h vs 0h (injury-filtered)"
"pdam_00008442",275.51461386003,0.769066068628213,0.272212743045777,2.82523903922779,0.00472453552547548,0.0330466899423711,"unknown function","Wounded 4h vs 0h (injury-filtered)"
"pdam_00008443",317.75740866874,1.2990156659491,0.42865856116865,3.03042044093927,0.00244213517543914,0.0204233977793798,"unknown function","Wounded 4h vs 0h (injury-filtered)"
"pdam_00008448",394.779907897838,-0.438027519084716,0.143691363283019,-3.04839142086753,0.00230070038007064,0.0195166785333652,"unknown function","Wounded 4h vs 0h (injury-filtered)"
"pdam_00008510",37.3315678745496,0.994196142756396,0.357036039437213,2.78458203917879,0.00535967606441601,0.0361362454992056,"unknown function","Wounded 4h vs 0h (injury-filtered)"
"pdam_00008513",220.895990769046,0.736200804372357,0.260301007136718,2.82826721444716,0.00468007240120831,0.0327927238548735,"rsph1: Radial spoke head 1 homolog (Cyprinus carpio)","Wounded 4h vs 0h (injury-filtered)"
"pdam_00008603",246.853350304274,0.871965232386116,0.24488933623767,3.56065007069094,0.000369937811662338,0.0048562127435981,"unknown function","Wounded 4h vs 0h (injury-filtered)"
"pdam_00008622",346.684302365469,-0.497553893639071,0.16997084718741,-2.92728960214258,0.00341930324644881,0.0261815698334606,"PEO1: Twinkle protein%2C mitochondrial (Homo sapiens)","Wounded 4h vs 0h (injury-filtered)"
"pdam_00008675",201.439554651509,-0.614729405759876,0.20532879802067,-2.99387816850704,0.00275455911716912,0.0224836418878854,"Spase22-23: Signal peptidase complex subunit 3 (Drosophila melanogaster)","Wounded 4h vs 0h (injury-filtered)"
"pdam_00008680",15.1438099296969,-2.11703120438178,0.723702257251456,-2.92527926114538,0.00344147234297071,0.0262808916917104,"nphp3: Nephrocystin-3 (Xenopus laevis)","Wounded 4h vs 0h (injury-filtered)"
"pdam_00008709",1762.92533052177,0.628635682088303,0.165982639000208,3.78735803861701,0.000152257624285593,0.00240581079332001,"Tpp1: Tripeptidyl-peptidase 1 (Mus musculus)","Wounded 4h vs 0h (injury-filtered)"
"pdam_00008721",80.8039148727304,1.18623708419446,0.30433676740062,3.8977777622016,9.70794437863998e-05,0.00170700511207594,"unknown function","Wounded 4h vs 0h (injury-filtered)"
"pdam_00008724",444.992669104712,0.520234536510218,0.152686233660052,3.40721310651027,0.000656298632867151,0.00768026935893024,"GNS: N-acetylglucosamine-6-sulfatase (Homo sapiens)","Wounded 4h vs 0h (injury-filtered)"
"pdam_00008828",313.19140722466,-0.463614836837022,0.173065943210146,-2.67883344485677,0.00738791322702767,0.0455605699151663,"taf1b: TATA box-binding protein-associated factor RNA polymerase I subunit B (Xenopus laevis)","Wounded 4h vs 0h (injury-filtered)"
"pdam_00008853",927.434401343993,0.731023446480489,0.190650213872674,3.8343699261135,0.000125886566758338,0.00207725692522299,"CTSC: Dipeptidyl peptidase 1 (Homo sapiens)","Wounded 4h vs 0h (injury-filtered)"
"pdam_00008876",24.6877517602641,1.43480657972869,0.501294845617503,2.86220094276308,0.0042071008292133,0.0303635945709662,"eomes: Eomesodermin (Xenopus laevis)","Wounded 4h vs 0h (injury-filtered)"
"pdam_00008877",175.469687486274,-0.517483620591974,0.177312405968833,-2.91848513229771,0.00351736648277287,0.0266495641453638,"unknown function","Wounded 4h vs 0h (injury-filtered)"
"pdam_00008884",197.223797606491,-0.665839105032374,0.205715800808698,-3.23669403329675,0.00120922987530816,0.0119349665988964,"PDX2: Probable pyridoxal 5'-phosphate synthase subunit PDX2 (Arabidopsis thaliana)","Wounded 4h vs 0h (injury-filtered)"
"pdam_00008912",276.782012525877,-0.719881795201708,0.171925872761055,-4.18716382613458,2.82461946552588e-05,0.000624037063363088,"ca2: Carbonic anhydrase 2 (Tribolodon hakonensis)","Wounded 4h vs 0h (injury-filtered)"
"pdam_00008945",2041.24281187166,0.58965972212525,0.202045309775366,2.91845290930452,0.0035177300315538,0.0266495641453638,"CREG2: Protein CREG2 (Homo sapiens)","Wounded 4h vs 0h (injury-filtered)"
"pdam_00008996",967.329169005695,-0.4675271498892,0.126828262597375,-3.68630098934176,0.00022753722213063,0.00330864981866625,"Adpgk: ADP-dependent glucokinase (Mus musculus)","Wounded 4h vs 0h (injury-filtered)"
"pdam_00009002",277.895431818908,-0.741553318381238,0.19777672219194,-3.74944690235876,0.000177225014835748,0.00269765479136175,"GNPTG: N-acetylglucosamine-1-phosphotransferase subunit gamma (Bos taurus)","Wounded 4h vs 0h (injury-filtered)"
"pdam_00009010",37.4167056560752,-1.1280014833251,0.394382217237672,-2.86017328881061,0.00423409575023331,0.0304998559151518,"unknown function","Wounded 4h vs 0h (injury-filtered)"
"pdam_00009020",226.000055193423,0.920289417426668,0.210111626363724,4.38000235091017,1.18678028545912e-05,0.000307622727429023,"Pnpla7: Patatin-like phospholipase domain-containing protein 7 (Mus musculus)","Wounded 4h vs 0h (injury-filtered)"
"pdam_00009058",886.172254093413,1.5930740559184,0.514156159917965,3.09842452567832,0.00194552517897619,0.0171751203235674,"thbs1: Thrombospondin-1 (Xenopus laevis)","Wounded 4h vs 0h (injury-filtered)"
"pdam_00009093",552.735507149983,-0.492293996559027,0.173948007330641,-2.83012150649862,0.00465303293405916,0.0326692064065282,"PTCD3: Pentatricopeptide repeat domain-containing protein 3%2C mitochondrial (Pongo abelii)","Wounded 4h vs 0h (injury-filtered)"
"pdam_00009108",240.604840394803,-0.585115860828663,0.175384157154417,-3.33619564230934,0.00084933370537763,0.00927450767197076,"Mvd: Diphosphomevalonate decarboxylase (Mus musculus)","Wounded 4h vs 0h (injury-filtered)"
"pdam_00009135",1109.8933975078,-0.289207778019528,0.105987615541962,-2.7286940699692,0.00635856632119601,0.040858793482228,"CSNK2A1: Casein kinase II subunit alpha (Gallus gallus)","Wounded 4h vs 0h (injury-filtered)"
"pdam_00009220",25.9015399717119,-1.32596778600797,0.436441734168278,-3.03813242914281,0.00238049316971631,0.0200546314012857,"POMGNT1: Protein O-linked-mannose beta-1%2C2-N-acetylglucosaminyltransferase 1 (Bos taurus)","Wounded 4h vs 0h (injury-filtered)"
"pdam_00009230",812.396374151493,-0.610764223724073,0.15571015202763,-3.9224431790144,8.7655569463093e-05,0.00156701468495857,"Ola1: Obg-like ATPase 1 (Rattus norvegicus)","Wounded 4h vs 0h (injury-filtered)"
"pdam_00009242",86.1288345580771,-1.17161246943676,0.33939587491044,-3.45205276801296,0.000556338914106908,0.00675965580683829,"unknown function","Wounded 4h vs 0h (injury-filtered)"
"pdam_00009245",44.4886369607424,-1.54298166368939,0.388819908578234,-3.96837103668763,7.23656015516507e-05,0.00134122797081243,"unknown function","Wounded 4h vs 0h (injury-filtered)"
"pdam_00009266",102.542108304368,-0.746834590986488,0.262205487840068,-2.84827978673741,0.00439562620347367,0.0312951061596149,"unknown function","Wounded 4h vs 0h (injury-filtered)"
"pdam_00009300",121.002044697284,-0.822808147193494,0.270683942423165,-3.03973756192446,0.00236784378797192,0.0199775166835583,"CYP4B1: Cytochrome P450 4B1 (Homo sapiens)","Wounded 4h vs 0h (injury-filtered)"
"pdam_00009321",302.417108320139,-0.615324258964715,0.190748598854245,-3.22583894540109,0.00125604014499072,0.0123189658156298,"flw: Serine/threonine-protein phosphatase beta isoform (Drosophila melanogaster)","Wounded 4h vs 0h (injury-filtered)"
"pdam_00009329",689.342288150705,0.410858835103129,0.150076028112938,2.7376713008019,0.00618758858994754,0.0400686442897398,"Ints1: Integrator complex subunit 1 (Mus musculus)","Wounded 4h vs 0h (injury-filtered)"
"pdam_00009340",154.605717072229,-0.810285293136345,0.24585717046821,-3.29575619695467,0.000981571583296625,0.0102735428718177,"Asb13: Ankyrin repeat and SOCS box protein 13 (Mus musculus)","Wounded 4h vs 0h (injury-filtered)"
"pdam_00009344",121.677035947928,-0.655382896446282,0.233899596313006,-2.80198387161491,0.00507894126964418,0.034690585309474,"unknown function","Wounded 4h vs 0h (injury-filtered)"
"pdam_00009402",290.257235499111,-0.73795675077795,0.225053857601086,-3.27902289098283,0.00104167185928258,0.0107129108311581,"unknown function","Wounded 4h vs 0h (injury-filtered)"
"pdam_00009414",106.627977909662,1.64742359128383,0.42767114258812,3.85208031880333,0.000117118592124912,0.00198422115435547,"CELA2B: Chymotrypsin-like elastase family member 2B (Homo sapiens)","Wounded 4h vs 0h (injury-filtered)"
"pdam_00009428",839.783856962846,0.445888884957366,0.166732185137348,2.67428202053526,0.00748894437046329,0.0460602973611436,"AIF1: Allograft inflammatory factor 1 (Homo sapiens)","Wounded 4h vs 0h (injury-filtered)"
"pdam_00009451",31.4640837198909,1.27991505871084,0.469630492823128,2.72536617249188,0.00642302091294064,0.0411342063994973,"pan: Protein pangolin%2C isoforms A/H/I/S (Drosophila melanogaster)","Wounded 4h vs 0h (injury-filtered)"
"pdam_00009453",168.09679958939,-0.746020097436073,0.234594191253153,-3.18004505333653,0.00147252156493488,0.0139632591136645,"ABHD3: Phospholipase ABHD3 (Homo sapiens)","Wounded 4h vs 0h (injury-filtered)"
"pdam_00009480",1304.04972350122,0.599568185239834,0.210865785092839,2.8433640145833,0.00446400540939689,0.0316756286021076,"adrm1b: Proteasomal ubiquitin receptor ADRM1 (Danio rerio)","Wounded 4h vs 0h (injury-filtered)"
"pdam_00009485",130.788855838381,-0.678629160150181,0.22647555704923,-2.99647860012842,0.00273117406937886,0.022349999162497,"Itfg2: Integrin-alpha FG-GAP repeat-containing protein 2 (Mus musculus)","Wounded 4h vs 0h (injury-filtered)"
"pdam_00009504",21.380928204532,3.33789437699481,0.690979227770235,4.83067253376932,1.36072642705922e-06,5.1046594891692e-05,"Ctrc: Chymotrypsin-C (Mus musculus)","Wounded 4h vs 0h (injury-filtered)"
"pdam_00009534",158.560689663255,0.587899952856722,0.205608103047978,2.85932287755963,0.00424546428431884,0.0305473459889283,"cwf19l2: CWF19-like protein 2 (Danio rerio)","Wounded 4h vs 0h (injury-filtered)"
"pdam_00009550",197.278652862015,0.544510858979403,0.186450441960623,2.92040530048409,0.00349576422845916,0.0265440829356606,"sap30l: Histone deacetylase complex subunit SAP30L (Danio rerio)","Wounded 4h vs 0h (injury-filtered)"
"pdam_00009553",173.084588667281,-0.642591293344429,0.20208938528217,-3.17973797805958,0.00147408275216486,0.0139699694323463,"KIAA0391: Mitochondrial ribonuclease P protein 3 (Homo sapiens)","Wounded 4h vs 0h (injury-filtered)"
"pdam_00009557",726.32906953255,-0.476456670154118,0.140354553560052,-3.39466485460525,0.000687126579574264,0.00794342419435009,"unknown function","Wounded 4h vs 0h (injury-filtered)"
"pdam_00009579",13.0706047047571,-2.63836717581961,0.981041695641193,-2.68935274366215,0.00715907250732271,0.0445015007489269,"unknown function","Wounded 4h vs 0h (injury-filtered)"
"pdam_00009606",21.2476001694762,-1.92698878899621,0.624080812062224,-3.08772317903611,0.00201696257346631,0.0175841178497159,"unknown function","Wounded 4h vs 0h (injury-filtered)"
"pdam_00009624",157.132058009347,0.949446524018761,0.237987841302999,3.98947491947689,6.6219720240516e-05,0.00125167682889019,"unknown function","Wounded 4h vs 0h (injury-filtered)"
"pdam_00009723",84.357304943199,0.851914815629331,0.259720863444123,3.28011698533651,0.00103764050701451,0.0106971189730949,"Allene oxide synthase-lipoxygenase protein (Plexaura homomalla)","Wounded 4h vs 0h (injury-filtered)"
"pdam_00009783",167.143593804087,-0.771503327281204,0.238353768109225,-3.2367993734744,0.00120878361866469,0.0119349665988964,"unknown function","Wounded 4h vs 0h (injury-filtered)"
"pdam_00009789",360.697894995523,-0.712186728794245,0.178572685297779,-3.98821761349804,6.6571584065021e-05,0.00125280267531363,"unknown function","Wounded 4h vs 0h (injury-filtered)"
"pdam_00009850",1195.77427935146,-0.763836258826289,0.215894791220052,-3.53800225799679,0.000403166610627431,0.0051746621114532,"gpd1l: Glycerol-3-phosphate dehydrogenase 1-like protein (Danio rerio)","Wounded 4h vs 0h (injury-filtered)"
"pdam_00009856",536.903856244322,0.5029642017162,0.171287444764706,2.93637518153833,0.00332072427780537,0.0257022559903816,"TRPM8: Transient receptor potential cation channel subfamily M member 8 (Homo sapiens)","Wounded 4h vs 0h (injury-filtered)"
"pdam_00009925",336.61500510485,0.918632830034275,0.210349078759758,4.36718256837938,1.25859520399339e-05,0.00032301431403088,"PPP1R32: Protein phosphatase 1 regulatory subunit 32 (Homo sapiens)","Wounded 4h vs 0h (injury-filtered)"
"pdam_00009936",569.139156045762,0.526687147583769,0.146601493869126,3.59264516126931,0.000327338196288483,0.00442229002141036,"unknown function","Wounded 4h vs 0h (injury-filtered)"
"pdam_00009938",3459.47990315347,0.365082707672238,0.122471602901083,2.98095802638515,0.00287348174538502,0.0230956263679703,"SND1: Staphylococcal nuclease domain-containing protein 1 (Pongo abelii)","Wounded 4h vs 0h (injury-filtered)"
"pdam_00009942",305.238234089589,-0.610770754019691,0.189865620987773,-3.2168580643624,0.00129602698231697,0.0126029986300863,"RABL2A: Rab-like protein 2A (Pongo abelii)","Wounded 4h vs 0h (injury-filtered)"
"pdam_00010012",15.0540226557923,-2.02874785524934,0.7198674632586,-2.81822412985007,0.00482900881424023,0.0335311976959637,"Tll1: Tolloid-like protein 1 (Mus musculus)","Wounded 4h vs 0h (injury-filtered)"
"pdam_00010024",391.881252935605,-0.529566584941187,0.173256226100961,-3.056551541372,0.00223898983233986,0.0191161562179455,"RAD51B: DNA repair protein RAD51 homolog 2 (Homo sapiens)","Wounded 4h vs 0h (injury-filtered)"
"pdam_00010096",94.6622362853262,-0.622698256118106,0.233095169031232,-2.67143355525601,0.00755280237741091,0.0463253014437516,"surf1: Surfeit locus protein 1 (Xenopus tropicalis)","Wounded 4h vs 0h (injury-filtered)"
"pdam_00010103",620.752812684753,0.382422496158214,0.142597305256204,2.68183536477858,0.00732194837563843,0.0452677544002687,"TMEM237: Transmembrane protein 237 (Gallus gallus)","Wounded 4h vs 0h (injury-filtered)"
"pdam_00010105",1301.0278521455,0.539265232638073,0.169882945341363,3.1743341366873,0.00150180696113859,0.0141622544234103,"CEP350: Centrosome-associated protein 350 (Homo sapiens)","Wounded 4h vs 0h (injury-filtered)"
"pdam_00010137",204.339535126249,-0.59841480325036,0.188773134524953,-3.17002101361653,0.00152427913707741,0.0143268868015653,"Mgme1: Mitochondrial genome maintenance exonuclease 1 (Mus musculus)","Wounded 4h vs 0h (injury-filtered)"
"pdam_00010139",1126.57149539306,-0.430657067651507,0.143356012276409,-3.00410886723846,0.00266359995773636,0.0219225912988152,"rtn4ip1: Reticulon-4-interacting protein 1 homolog%2C mitochondrial (Danio rerio)","Wounded 4h vs 0h (injury-filtered)"
"pdam_00010183",219.428820814283,0.666615474667427,0.177390398096358,3.75790055054345,0.000171344950122289,0.00263131404181575,"MTMR10: Myotubularin-related protein 10 (Homo sapiens)","Wounded 4h vs 0h (injury-filtered)"
"pdam_00010192",209.920182117866,0.577993059252597,0.213527982737979,2.70687266297015,0.00679203037657117,0.0427783132902043,"unknown function","Wounded 4h vs 0h (injury-filtered)"
"pdam_00010200",1614.69927359049,0.491479373711809,0.157520151121781,3.12010476254457,0.00180786730184723,0.0163212622553285,"kiaa1324l: UPF0577 protein KIAA1324-like homolog (Xenopus laevis)","Wounded 4h vs 0h (injury-filtered)"
"pdam_00010216",74.5877807854187,-0.815334392101539,0.302656759258536,-2.69392427943452,0.00706162053845919,0.0441357719691376,"NRXN2: Neurexin-2 (Homo sapiens)","Wounded 4h vs 0h (injury-filtered)"
"pdam_00010219",363.377887509847,0.821983960374436,0.236009647864148,3.4828405017052,0.000496123853283933,0.00615452050701864,"TEKT2: Tektin-2 (Homo sapiens)","Wounded 4h vs 0h (injury-filtered)"
"pdam_00010252",3674.78644245472,-0.504128992579748,0.169281178440484,-2.97805696548238,0.00290082064898893,0.0232406374172583,"Ube2l3: Ubiquitin-conjugating enzyme E2 L3 (Mus musculus)","Wounded 4h vs 0h (injury-filtered)"
"pdam_00010256",1868.24361005626,0.356439413851823,0.129879086262795,2.74439422164251,0.00606226882352421,0.0395026745383881,"ATAD2B: ATPase family AAA domain-containing protein 2B (Homo sapiens)","Wounded 4h vs 0h (injury-filtered)"
"pdam_00010273",635.589263431241,1.0721008540939,0.394561005638775,2.71719921323249,0.00658369670748827,0.041788558442495,"CPAMD8: C3 and PZP-like alpha-2-macroglobulin domain-containing protein 8 (Homo sapiens)","Wounded 4h vs 0h (injury-filtered)"
"pdam_00010297",559.636057463992,-0.641695681848418,0.224211678448454,-2.86200828738698,0.00420965899425634,0.0303635945709662,"unknown function","Wounded 4h vs 0h (injury-filtered)"
"pdam_00010329",40.2647087550975,1.70140987472919,0.510718540328798,3.3314041695722,0.000864090454120176,0.00937592831989639,"unknown function","Wounded 4h vs 0h (injury-filtered)"
"pdam_00010332",107.553926670758,-1.09807600226663,0.356040950115856,-3.084128390033,0.00204149473173496,0.0177481671809656,"unknown function","Wounded 4h vs 0h (injury-filtered)"
"pdam_00010344",56.2543253759657,3.13671103413247,1.05012746896198,2.98698122546305,0.00281747024484128,0.0227950494938929,"wnt8b: Protein Wnt-8b (Danio rerio)","Wounded 4h vs 0h (injury-filtered)"
"pdam_00010352",1087.31956419718,-0.351169984494691,0.106871029819467,-3.28592308961472,0.00101648760296071,0.010536072228028,"mapk8: Mitogen-activated protein kinase 8 (Danio rerio)","Wounded 4h vs 0h (injury-filtered)"
"pdam_00010363",156.728127479275,-0.757958384069311,0.243135091417397,-3.11743722245384,0.00182430795297747,0.0164178139348272,"mpv17: Protein Mpv17 (Danio rerio)","Wounded 4h vs 0h (injury-filtered)"
"pdam_00010407",205.543603951988,-0.84716355660915,0.176824588076762,-4.79098278029854,1.65966371375916e-06,6.00280057145296e-05,"Sdhaf4: Succinate dehydrogenase assembly factor 4%2C mitochondrial (Mus musculus)","Wounded 4h vs 0h (injury-filtered)"
"pdam_00010518",154.089521096448,-0.708714616295124,0.265308620369657,-2.67128378756659,0.00755617339762875,0.0463253014437516,"unknown function","Wounded 4h vs 0h (injury-filtered)"
"pdam_00010533",180.490713130531,-0.505177177588506,0.185686304296774,-2.72059471215015,0.00651646013337299,0.0415276283110133,"unknown function","Wounded 4h vs 0h (injury-filtered)"
"pdam_00010542",327.787175413004,-0.577100919645154,0.211812727013815,-2.72458094365365,0.00643831465234345,0.0412013685702785,"Enpep: Glutamyl aminopeptidase (Mus musculus)","Wounded 4h vs 0h (injury-filtered)"
"pdam_00010557",49.2959043297517,-1.26475319342706,0.42605111347639,-2.96854802961839,0.00299210337486997,0.0237826055840115,"Carnmt1: Carnosine N-methyltransferase (Mus musculus)","Wounded 4h vs 0h (injury-filtered)"
"pdam_00010615",266.223729013565,0.562014844508903,0.185654628086951,3.02720621780398,0.0024682550902698,0.020591613268898,"CCNT1: Cyclin-T1 (Equus caballus)","Wounded 4h vs 0h (injury-filtered)"
"pdam_00010655",209.789065079072,0.597912638560287,0.200254471299016,2.98576423628263,0.00282870636153329,0.0228428364871063,"C9orf78: Uncharacterized protein C9orf78 (Homo sapiens)","Wounded 4h vs 0h (injury-filtered)"
"pdam_00010667",12.0889910772924,-2.40850504561697,0.694833780002043,-3.46630390596423,0.000527666482309472,0.00648016774549684,"unknown function","Wounded 4h vs 0h (injury-filtered)"
"pdam_00010693",518.216137953429,0.542855843593184,0.197539957730342,2.7480811974974,0.00599451618368231,0.039135561863309,"PITPNA: Phosphatidylinositol transfer protein alpha isoform (Oryctolagus cuniculus)","Wounded 4h vs 0h (injury-filtered)"
"pdam_00010727",594.045653668706,0.440847947375983,0.167014546438695,2.63957814918716,0.00830092822905294,0.0497417383987709,"CDC73: Parafibromin (Gallus gallus)","Wounded 4h vs 0h (injury-filtered)"
"pdam_00010763",143.445786499876,1.5233458531965,0.507951699093683,2.99899745569223,0.00270869568725942,0.022219080795395,"COL12A1: Collagen alpha-1(XII) chain (Homo sapiens)","Wounded 4h vs 0h (injury-filtered)"
"pdam_00010793",107.595997772539,-1.11492461700718,0.342914767084929,-3.2513170152601,0.00114871693369963,0.0115167269656997,"SKP2: S-phase kinase-associated protein 2 (Homo sapiens)","Wounded 4h vs 0h (injury-filtered)"
"pdam_00010794",727.404420957718,0.386162737685293,0.142292376961111,2.71386806470197,0.00665026461218004,0.0421330881416166,"Cherp: Calcium homeostasis endoplasmic reticulum protein (Mus musculus)","Wounded 4h vs 0h (injury-filtered)"
"pdam_00010796",247.835821162077,0.455068844687911,0.158710047196908,2.86729701569125,0.00413994279264228,0.0299726263670014,"MKNK2: MAP kinase-interacting serine/threonine-protein kinase 2 (Homo sapiens)","Wounded 4h vs 0h (injury-filtered)"
"pdam_00010824",780.027973871688,-0.477308980448846,0.163160395140071,-2.92539730636887,0.00344016698877861,0.0262808916917104,"Smyd4: SET and MYND domain-containing protein 4 (Mus musculus)","Wounded 4h vs 0h (injury-filtered)"
"pdam_00010825",412.66566818176,-0.600238863382178,0.157158515346404,-3.81932128882198,0.000133819369923858,0.00218495169330916,"Dctn5: Dynactin subunit 5 (Mus musculus)","Wounded 4h vs 0h (injury-filtered)"
"pdam_00010826",40.3166432266117,-1.02632390851779,0.326868843699902,-3.13986459186687,0.00169025942095791,0.0155871248880514,"SPAC25B8.10: Uncharacterized methyltransferase-like C25B8.10 (Schizosaccharomyces pombe (strain 972 / ATCC 24843))","Wounded 4h vs 0h (injury-filtered)"
"pdam_00010849",20.7834257940898,3.17973287533691,0.642090375678881,4.95215782042362,7.33950405079994e-07,3.06898676699791e-05,"ALX4: Homeobox protein aristaless-like 4 (Bos taurus)","Wounded 4h vs 0h (injury-filtered)"
"pdam_00010872",14.4626392189121,-1.83333672087956,0.627343982971384,-2.92237874378909,0.00347368848636168,0.0264717461633571,"unknown function","Wounded 4h vs 0h (injury-filtered)"
"pdam_00010890",48.6509309996337,0.917846012625584,0.302457977752666,3.03462325393232,0.00240836325697982,0.0202195768036347,"unknown function","Wounded 4h vs 0h (injury-filtered)"
"pdam_00010891",73.4687895876051,0.861588195696067,0.31955202771565,2.69623761068023,0.00701276228808779,0.0439104443633956,"unknown function","Wounded 4h vs 0h (injury-filtered)"
"pdam_00010892",394.923120675109,1.09974417296404,0.376343351136434,2.92218308000706,0.00347587158133788,0.0264728309153517,"unknown function","Wounded 4h vs 0h (injury-filtered)"
"pdam_00010937",133.476449803484,-0.742956847206549,0.269507952663481,-2.756715858898,0.00583850619685354,0.0383507089037767,"THNSL1: Threonine synthase-like 1 (Pongo abelii)","Wounded 4h vs 0h (injury-filtered)"
"pdam_00010943",229.504962194737,0.973958405981109,0.262179421816986,3.71485450395485,0.000203320647265148,0.00302580657700841,"unknown function","Wounded 4h vs 0h (injury-filtered)"
"pdam_00010946",120.350066557578,-0.559713310794405,0.190914000211849,-2.93175623669986,0.00337051188922546,0.0259353931009342,"pm20d1.2: N-fatty-acyl-amino acid synthase/hydrolase PM20D1.2 (Danio rerio)","Wounded 4h vs 0h (injury-filtered)"
"pdam_00011033",125.501602508247,0.637011928044505,0.224017416209643,2.84358215902449,0.00446095066329133,0.0316681317480193,"bdh2: 3-hydroxybutyrate dehydrogenase type 2 (Lithobates catesbeiana)","Wounded 4h vs 0h (injury-filtered)"
"pdam_00011063",313.468653381508,0.643763237342793,0.229740465324282,2.80213255611767,0.00507660099061237,0.0346884206389232,"PLEKHG7: Pleckstrin homology domain-containing family G member 7 (Homo sapiens)","Wounded 4h vs 0h (injury-filtered)"
"pdam_00011080",349.185433305689,-0.919891327502431,0.24232929787019,-3.79603843029825,0.000147026716555744,0.00234464530907927,"March8: E3 ubiquitin-protein ligase MARCH8 (Mus musculus)","Wounded 4h vs 0h (injury-filtered)"
"pdam_00011165",397.207128326978,-0.45058274030719,0.146085648363759,-3.08437375850379,0.00203981158118043,0.017742531581815,"Son: Protein SON (Mus musculus)","Wounded 4h vs 0h (injury-filtered)"
"pdam_00011166",166.942418223631,-0.711469840134082,0.23216228932596,-3.06453663167995,0.00218007474595619,0.0186973233919031,"jagn1: Protein jagunal homolog 1 (Xenopus tropicalis)","Wounded 4h vs 0h (injury-filtered)"
"pdam_00011197",118.265220913426,-1.370536428624,0.317241542893324,-4.32016694952482,1.55911201314139e-05,0.000384043338409424,"unknown function","Wounded 4h vs 0h (injury-filtered)"
"pdam_00011234",757.875327380957,1.16947601540961,0.378020278815905,3.09368592360396,0.0019768664299746,0.0173291735337846,"CUB and peptidase domain-containing protein 1 (Fragment) (Acropora millepora)","Wounded 4h vs 0h (injury-filtered)"
"pdam_00011237",846.22471454566,1.84610432142239,0.374175886977928,4.93378751990848,8.06501750363212e-07,3.29992028835964e-05,"unknown function","Wounded 4h vs 0h (injury-filtered)"
"pdam_00011244",215.471801901501,0.794705416981024,0.255375009792338,3.11191536567048,0.00185877780025447,0.0165945434847503,"DOX2: Alpha-dioxygenase 2 (Arabidopsis thaliana)","Wounded 4h vs 0h (injury-filtered)"
"pdam_00011252",80.1951325663832,1.34203758153198,0.376669190281263,3.56290776139632,0.00036676957757001,0.00484056785054677,"oxt: Xylosyltransferase oxt (Drosophila pseudoobscura pseudoobscura)","Wounded 4h vs 0h (injury-filtered)"
"pdam_00011297",197.30539056461,-1.00474003945773,0.228829289376691,-4.39078424879327,1.12942564080652e-05,0.000294716486849116,"unknown function","Wounded 4h vs 0h (injury-filtered)"
"pdam_00011349",82.3823221815147,1.59795644860289,0.438033511625959,3.64802328176069,0.000264265696195488,0.00370144697350935,"unknown function","Wounded 4h vs 0h (injury-filtered)"
"pdam_00011378",112.043024777859,-0.868174861794054,0.238544101128472,-3.63947319462947,0.000273196373012185,0.00380168719068255,"Pabp2: Polyadenylate-binding protein 2 (Drosophila melanogaster)","Wounded 4h vs 0h (injury-filtered)"
"pdam_00011382",150.816964882069,-0.66134877840513,0.226102522757906,-2.9249951320236,0.00344461611591221,0.0262931873068561,"Fam210b: Protein FAM210B (Mus musculus)","Wounded 4h vs 0h (injury-filtered)"
"pdam_00011402",17.452123544923,2.0319993329243,0.59853687287294,3.39494427999202,0.000686425690076178,0.00794310661060888,"mtpn: Myotrophin (Danio rerio)","Wounded 4h vs 0h (injury-filtered)"
"pdam_00011451",443.355255555534,-0.665906455924422,0.158448579703988,-4.20266598267061,2.63789689877003e-05,0.000591938539692585,"Sms: Spermine synthase (Mus musculus)","Wounded 4h vs 0h (injury-filtered)"
"pdam_00011495",143.038045260999,1.07794197584507,0.227429959387187,4.7396656920205,2.14071120476055e-06,7.36954877397888e-05,"Naalad2: N-acetylated-alpha-linked acidic dipeptidase 2 (Mus musculus)","Wounded 4h vs 0h (injury-filtered)"
"pdam_00011517",17.2039246421979,2.07896797633488,0.745341737795881,2.78928157502998,0.00528251156851505,0.0357958017117083,"ADRB2: Beta-2 adrenergic receptor (Sus scrofa)","Wounded 4h vs 0h (injury-filtered)"
"pdam_00011572",199.084957255728,-0.846898785582506,0.195191850241034,-4.33880197629516,1.4326153465097e-05,0.000359601134708087,"SLC17A5: Sialin (Homo sapiens)","Wounded 4h vs 0h (injury-filtered)"
"pdam_00011613",744.501950446909,-0.305442587932211,0.108597122508262,-2.81262137409738,0.00491394743825083,0.0339149415786522,"unknown function","Wounded 4h vs 0h (injury-filtered)"
"pdam_00011616",1416.02914354852,0.378566028846087,0.134033664711822,2.82441004399916,0.00473677426634078,0.033105282520239,"WAC: WW domain-containing adapter protein with coiled-coil (Homo sapiens)","Wounded 4h vs 0h (injury-filtered)"
"pdam_00011627",107.93411935788,-0.871920717864519,0.27874455811506,-3.12802776764742,0.00175983554515978,0.0160495796075259,"unknown function","Wounded 4h vs 0h (injury-filtered)"
"pdam_00011690",31.7789985648937,1.76212154048692,0.485187372644958,3.63183718257313,0.000281410658486733,0.00389655547852806,"fgfr1a: Fibroblast growth factor receptor 1-A (Danio rerio)","Wounded 4h vs 0h (injury-filtered)"
"pdam_00011702",194.2310560979,-0.709590638216731,0.263539565335202,-2.69253930548981,0.00709101766724281,0.044222774422412,"Gpr157: Probable G-protein coupled receptor 157 (Mus musculus)","Wounded 4h vs 0h (injury-filtered)"
"pdam_00011764",558.59069738078,0.520695052624144,0.182405711260035,2.85459840608745,0.00430912796448309,0.0308715795332629,"ZNF143: Zinc finger protein 143 (Homo sapiens)","Wounded 4h vs 0h (injury-filtered)"
"pdam_00011780",116.052316326479,-0.88260745387488,0.285236108461302,-3.09430478012086,0.001972747149059,0.017317346197372,"LDAH: Lipid droplet-associated hydrolase (Gallus gallus)","Wounded 4h vs 0h (injury-filtered)"
"pdam_00011794",63.1957457540701,1.2747830628856,0.48164121678482,2.64674828162625,0.00812698221557037,0.0490077323614979,"unknown function","Wounded 4h vs 0h (injury-filtered)"
"pdam_00011815",42.8728307260068,1.47022885471876,0.540268693435389,2.72129196561449,0.0065027300204343,0.0414896923968462,"gghA: Gamma-glutamyl hydrolase A (Dictyostelium discoideum)","Wounded 4h vs 0h (injury-filtered)"
"pdam_00011897",107.823947973239,0.855363217142887,0.259439607514101,3.29696465909276,0.00097735798459118,0.0102588521663315,"Caltractin (Fragment) (Tetraselmis striata)","Wounded 4h vs 0h (injury-filtered)"
"pdam_00011995",2522.61318832654,0.474560538314176,0.174248836583654,2.72346460164942,0.00646011381370012,0.0413100302954401,"HECTD1: E3 ubiquitin-protein ligase HECTD1 (Homo sapiens)","Wounded 4h vs 0h (injury-filtered)"
"pdam_00011997",905.993885871207,-0.385628182884884,0.114243202080238,-3.37550222562951,0.000736810961086226,0.00835995176496509,"COX7A2L: Cytochrome c oxidase subunit 7A-related protein%2C mitochondrial (Bos taurus)","Wounded 4h vs 0h (injury-filtered)"
"pdam_00012014",251.909819810926,-0.62276059857595,0.198349049418076,-3.13972061072653,0.00169109031099951,0.0155871248880514,"FANCL: E3 ubiquitin-protein ligase FANCL (Homo sapiens)","Wounded 4h vs 0h (injury-filtered)"
"pdam_00012022",128.296310079913,-1.63396003087374,0.376552483234344,-4.33926239667596,1.42961742632468e-05,0.000359374797022145,"unknown function","Wounded 4h vs 0h (injury-filtered)"
"pdam_00012035",272.948123448098,-0.610557095113396,0.186907520741045,-3.26662668624933,0.00108837098353916,0.0110532510954365,"L-asparaginase (Dirofilaria immitis)","Wounded 4h vs 0h (injury-filtered)"
"pdam_00012091",1033.1471944533,0.438680372588382,0.164196163372229,2.67168467020696,0.00754715322553599,0.0463253014437516,"EIF4ENIF1: Eukaryotic translation initiation factor 4E transporter (Homo sapiens)","Wounded 4h vs 0h (injury-filtered)"
"pdam_00012218",11.6769593965923,1.81536490759093,0.686511756116302,2.64433185800156,0.00818523622149926,0.0492377858882047,"Adamts15: A disintegrin and metalloproteinase with thrombospondin motifs 15 (Mus musculus)","Wounded 4h vs 0h (injury-filtered)"
"pdam_00012236",312.235752496502,-0.805331356527374,0.232880916017456,-3.458125166714,0.000543948606219537,0.0066467960834125,"unknown function","Wounded 4h vs 0h (injury-filtered)"
"pdam_00012260",284.665546236847,1.26639087387841,0.404894672948807,3.1277044586816,0.00176177235826146,0.0160573233971475,"unknown function","Wounded 4h vs 0h (injury-filtered)"
"pdam_00012274",1955.27595616496,0.302063080705478,0.103041574068787,2.93146803545364,0.0033736408246387,0.0259361875774017,"SMARCA4: Transcription activator BRG1 (Homo sapiens)","Wounded 4h vs 0h (injury-filtered)"
"pdam_00012280",9.53102701865191,4.65830206090167,1.43611966710649,3.2436726323004,0.00117999280699643,0.0117303887660441,"ANGPTL7: Angiopoietin-related protein 7 (Homo sapiens)","Wounded 4h vs 0h (injury-filtered)"
"pdam_00012402",1254.22258908696,-0.419714292231755,0.108649620112033,-3.86300745275473,0.000111999589519822,0.00191437782924011,"Exoc6b: Exocyst complex component 6B (Mus musculus)","Wounded 4h vs 0h (injury-filtered)"
"pdam_00012451",122.193731843596,1.32560889965122,0.409214353498027,3.23939981166279,0.00119781539781311,0.0118739927345042,"Fibronectin type III domain-containing protein (Acropora millepora)","Wounded 4h vs 0h (injury-filtered)"
"pdam_00012452",49.010857051708,1.28460634574062,0.441547655769444,2.9093266127799,0.00362208237871317,0.027164033377366,"Fibronectin type III domain-containing protein (Acropora millepora)","Wounded 4h vs 0h (injury-filtered)"
"pdam_00012490",438.525957983328,-0.473486392301352,0.161264808148625,-2.9360800892466,0.00332388493655933,0.0257097823726629,"Snrnp27: U4/U6.U5 small nuclear ribonucleoprotein 27 kDa protein (Mus musculus)","Wounded 4h vs 0h (injury-filtered)"
"pdam_00012492",419.198794530147,-0.634718871416108,0.179218937891398,-3.54158371254679,0.000397732630162093,0.00512715976289204,"unknown function","Wounded 4h vs 0h (injury-filtered)"
"pdam_00012504",552.910390659181,0.584422657753525,0.173340772927226,3.37152447104228,0.000747533973235904,0.00841127021458316,"GABBR1: Gamma-aminobutyric acid type B receptor subunit 1 (Homo sapiens)","Wounded 4h vs 0h (injury-filtered)"
"pdam_00012540",246.738695746058,-0.920953386441237,0.327502250927658,-2.81205208157384,0.00492265319244314,0.0339476936167519,"unknown function","Wounded 4h vs 0h (injury-filtered)"
"pdam_00012551",70.0233788304338,-1.35272486774707,0.423198288514255,-3.19643274668278,0.00139138258533045,0.0133113075016212,"ASMTL: N-acetylserotonin O-methyltransferase-like protein (Homo sapiens)","Wounded 4h vs 0h (injury-filtered)"
"pdam_00012575",101.108431180235,-1.10149281460704,0.354728911066823,-3.10516786267681,0.0019017106553713,0.0168403551010773,"nell2: Protein kinase C-binding protein NELL2 (Xenopus tropicalis)","Wounded 4h vs 0h (injury-filtered)"
"pdam_00012602",743.379903917902,-0.498884881543871,0.154244535584667,-3.23437637289929,0.00121908685939029,0.0120103562773179,"unknown function","Wounded 4h vs 0h (injury-filtered)"
"pdam_00012629",85.4012331512144,-0.650819182337491,0.224661804897078,-2.89688397471767,0.00376889114005763,0.0279713721667307,"TYW5: tRNA wybutosine-synthesizing protein 5 (Gallus gallus)","Wounded 4h vs 0h (injury-filtered)"
"pdam_00012643",309.336299995418,-0.686009115089411,0.242397909341942,-2.83009501588433,0.00465341822472829,0.0326692064065282,"rgn: Regucalcin (Xenopus laevis)","Wounded 4h vs 0h (injury-filtered)"
"pdam_00012727",110.037631319534,1.00478228136402,0.364636554643159,2.75557200332623,0.00585896072407438,0.0384703265620571,"unknown function","Wounded 4h vs 0h (injury-filtered)"
"pdam_00012766",16.1163653546991,-1.99013384853991,0.752519860676558,-2.64462634481258,0.00817811693131025,0.0492122276835321,"glra1: Glycine receptor subunit alphaZ1 (Danio rerio)","Wounded 4h vs 0h (injury-filtered)"
"pdam_00012769",610.670723714575,0.353583995979897,0.132808431882779,2.66236104867183,0.00775945988396397,0.0472898924965556,"XAB2: Pre-mRNA-splicing factor SYF1 (Homo sapiens)","Wounded 4h vs 0h (injury-filtered)"
"pdam_00012776",80.7355036459234,-0.870158206416456,0.251768116907366,-3.45618904055519,0.000547870941333295,0.00667569255026156,"unknown function","Wounded 4h vs 0h (injury-filtered)"
"pdam_00012807",245.167186622402,1.25301908366091,0.385231605196937,3.25263832654734,0.00114338928562078,0.0114700210138577,"unknown function","Wounded 4h vs 0h (injury-filtered)"
"pdam_00012810",1079.71555282195,1.11368866336312,0.310901285673005,3.58212948831114,0.000340804782353847,0.00457179748722562,"unknown function","Wounded 4h vs 0h (injury-filtered)"
"pdam_00012811",929.972871648441,1.0592351818614,0.338491428114719,3.12928214389646,0.00175233960154632,0.0160139179791631,"unknown function","Wounded 4h vs 0h (injury-filtered)"
"pdam_00012814",92.1118159589041,-1.01866331455759,0.236898696671143,-4.2999954363264,1.70801626695551e-05,0.000413590831648098,"unknown function","Wounded 4h vs 0h (injury-filtered)"
"pdam_00012821",130.356937093183,1.25741164827579,0.30638493377922,4.10402571943006,4.06022295771511e-05,0.000839072685481722,"METTL7A: Methyltransferase-like protein 7A (Homo sapiens)","Wounded 4h vs 0h (injury-filtered)"
"pdam_00012869",4440.88355950593,0.752840657678553,0.215332312831445,3.49618061395111,0.000471969121675049,0.00590615957810003,"Sdc: Syndecan (Drosophila melanogaster)","Wounded 4h vs 0h (injury-filtered)"
"pdam_00012932",161.421688433519,0.950834514066463,0.3564128212892,2.66778986969983,0.00763519942884747,0.0467325451653556,"MUC1: Mucin-1 (Homo sapiens)","Wounded 4h vs 0h (injury-filtered)"
"pdam_00012938",1479.65743967995,-0.702281628369989,0.250669911922821,-2.80161916116289,0.00508468590577905,0.0347021716435812,"smc4: Structural maintenance of chromosomes protein 4 (Xenopus laevis)","Wounded 4h vs 0h (injury-filtered)"
"pdam_00012958",1446.49741460367,0.311127989529222,0.117635522962019,2.64484725102701,0.00817278010828527,0.0491973813821779,"trip12: E3 ubiquitin-protein ligase TRIP12 (Xenopus tropicalis)","Wounded 4h vs 0h (injury-filtered)"
"pdam_00012984",303.382442747545,0.681379826023686,0.241980310609056,2.81584821636388,0.00486486446391472,0.0336359889945179,"unknown function","Wounded 4h vs 0h (injury-filtered)"
"pdam_00012985",17.1597993419309,1.53646673231124,0.58151593928584,2.64217475138889,0.00823755413690606,0.0494830511994104,"unknown function","Wounded 4h vs 0h (injury-filtered)"
"pdam_00012994",412.959688580981,0.673204611974941,0.24405273937133,2.75843907226401,0.00580781306878805,0.0382414588806982,"Ddr2: Discoidin domain-containing receptor 2 (Mus musculus)","Wounded 4h vs 0h (injury-filtered)"
"pdam_00013027",3131.16899683538,-0.375356019855548,0.128151643597292,-2.92899887445126,0.00340055653706127,0.0260673431761362,"Plscr2: Phospholipid scramblase 2 (Mus musculus)","Wounded 4h vs 0h (injury-filtered)"
"pdam_00013095",537.193247533826,-0.425366491828808,0.153575561880707,-2.76975377214782,0.00560986839111431,0.0374480587320403,"Lrrc27: Leucine-rich repeat-containing protein 27 (Mus musculus)","Wounded 4h vs 0h (injury-filtered)"
"pdam_00013106",391.079516052531,-0.635770638196315,0.194278863479432,-3.27246426507752,0.00106614348927769,0.0109252623910202,"NAA40: N-alpha-acetyltransferase 40 (Homo sapiens)","Wounded 4h vs 0h (injury-filtered)"
"pdam_00013128",293.288340927245,-0.682620978669699,0.249364767793786,-2.73743955374722,0.00619194980324777,0.0400735324374782,"unknown function","Wounded 4h vs 0h (injury-filtered)"
"pdam_00013134",56.608526158081,1.81686418951217,0.617968341824045,2.94006030171281,0.00328148376771928,0.0254675227314528,"Cntn3: Contactin-3 (Mus musculus)","Wounded 4h vs 0h (injury-filtered)"
"pdam_00013168",12.6858067027438,-2.39080830798279,0.866776484648844,-2.75827546123541,0.00581072097434781,0.0382414588806982,"Mfge8: Lactadherin (Rattus norvegicus)","Wounded 4h vs 0h (injury-filtered)"
"pdam_00013185",99.2208753790286,0.968542942565097,0.29337576985823,3.30137333097799,0.000962127676641012,0.0101532809733534,"ADAM8: Disintegrin and metalloproteinase domain-containing protein 8 (Homo sapiens)","Wounded 4h vs 0h (injury-filtered)"
"pdam_00013207",128.285111271353,-0.944361385067575,0.300918542955497,-3.13826252045637,0.00169952588894785,0.0156480514716014,"Adra1b: Alpha-1B adrenergic receptor (Mus musculus)","Wounded 4h vs 0h (injury-filtered)"
"pdam_00013211",286.551915893992,-0.586105610372603,0.21722273812,-2.69817798746659,0.00697201529168632,0.0436960096217205,"Cep70: Centrosomal protein of 70 kDa (Mus musculus)","Wounded 4h vs 0h (injury-filtered)"
"pdam_00013258",578.717094721675,0.577149487007304,0.17069325892514,3.3812084357732,0.000721677764738698,0.00823320433341049,"SPEF2: Sperm flagellar protein 2 (Sus scrofa)","Wounded 4h vs 0h (injury-filtered)"
"pdam_00013265",148.621911494443,-0.875253332087539,0.234965576021952,-3.72502792496619,0.000195293601946256,0.00292156501899355,"TSPAN9: Tetraspanin-9 (Homo sapiens)","Wounded 4h vs 0h (injury-filtered)"
"pdam_00013286",324.346772659053,-0.683231799177127,0.198803233859053,-3.43672376909886,0.000588795760501367,0.00705896120142338,"ARFRP1: ADP-ribosylation factor-related protein 1 (Pongo abelii)","Wounded 4h vs 0h (injury-filtered)"
"pdam_00013310",643.432553626151,0.657467906149216,0.196045978187674,3.35364138671502,0.00079755655517129,0.00880444918342343,"CFAP47: Cilia- and flagella-associated protein 47 (Homo sapiens)","Wounded 4h vs 0h (injury-filtered)"
"pdam_00013325",1012.5093057813,0.320356290366078,0.118227539536995,2.70965877849325,0.0067352459159188,0.0425457096472041,"Map3k7: Mitogen-activated protein kinase kinase kinase 7 (Mus musculus)","Wounded 4h vs 0h (injury-filtered)"
"pdam_00013344",216.201913003798,-0.714493141604111,0.197580834713265,-3.61620671681544,0.000298951673149902,0.00409690446401432,"MXAN_0863: UPF0061 protein MXAN_0863 (Myxococcus xanthus (strain DK 1622))","Wounded 4h vs 0h (injury-filtered)"
"pdam_00013412",13.2913345014222,-3.06110379504483,0.839924039280278,-3.64450075469664,0.00026791134948455,0.00374333510640842,"RGSL1: Regulator of G-protein signaling protein-like (Homo sapiens)","Wounded 4h vs 0h (injury-filtered)"
"pdam_00013416",195.628891102092,0.570972289072395,0.208685815475132,2.73603784604342,0.00621838738062456,0.0402142713140051,"Slc7a9: b(0%2C+)-type amino acid transporter 1 (Mus musculus)","Wounded 4h vs 0h (injury-filtered)"
"pdam_00013420",24.6523788492921,1.40986919294167,0.363077962289542,3.88310318822752,0.000103131775127989,0.00178775647400833,"SLC7A9: b(0%2C+)-type amino acid transporter 1 (Homo sapiens)","Wounded 4h vs 0h (injury-filtered)"
"pdam_00013433",152.525336418175,-0.598529997508702,0.193683637114975,-3.0902455490001,0.00199991082220639,0.0175020271239951,"ZDHHC3: Palmitoyltransferase ZDHHC3 (Homo sapiens)","Wounded 4h vs 0h (injury-filtered)"
"pdam_00013529",46.3675614749082,1.53502247944089,0.384335941187752,3.99396027001028,6.49787563409771e-05,0.00123502860167374,"unknown function","Wounded 4h vs 0h (injury-filtered)"
"pdam_00013531",57.4278417074938,1.12537367580208,0.34416859321529,3.26983257039412,0.00107611157682853,0.0109829000164539,"HECTD1: E3 ubiquitin-protein ligase HECTD1 (Homo sapiens)","Wounded 4h vs 0h (injury-filtered)"
"pdam_00013537",60.0218991611027,-0.80432884555871,0.286052700593769,-2.81182049282926,0.0049261986916397,0.0339584842659715,"bmi1b: Polycomb complex protein BMI-1-B (Danio rerio)","Wounded 4h vs 0h (injury-filtered)"
"pdam_00013605",13.2809148284589,4.58588135819804,1.20418226013379,3.80829506464288,0.000139928244658285,0.00225675430519439,"tmem205: Transmembrane protein 205 (Xenopus tropicalis)","Wounded 4h vs 0h (injury-filtered)"
"pdam_00013623",200.366962430508,0.634336896780478,0.214989390335543,2.95054977266758,0.00317208931107027,0.0248321000680314,"Pask: PAS domain-containing serine/threonine-protein kinase (Mus musculus)","Wounded 4h vs 0h (injury-filtered)"
"pdam_00013674",180.424826865574,-0.625116467762582,0.221778937964941,-2.81864668258715,0.00482265704185335,0.0335006613960834,"unknown function","Wounded 4h vs 0h (injury-filtered)"
"pdam_00013711",82.769203416439,1.6034674032906,0.351064933132199,4.56743824848719,4.93721059995632e-06,0.000148497436009914,"unknown function","Wounded 4h vs 0h (injury-filtered)"
"pdam_00013778",46.032111836763,1.26814922254977,0.446286083052322,2.84156121086369,0.00448932329553092,0.0317905652947468,"Hmcn1: Hemicentin-1 (Mus musculus)","Wounded 4h vs 0h (injury-filtered)"
"pdam_00013786",548.691016568806,-0.652516439540802,0.201532802596778,-3.23776790246073,0.00120468772571097,0.0119199290665186,"mtpn: Myotrophin (Danio rerio)","Wounded 4h vs 0h (injury-filtered)"
"pdam_00013882",174.784841867412,-0.651673466735847,0.212816474908911,-3.06213824383086,0.00219761931751402,0.0188191736161141,"Rpp38: Ribonuclease P protein subunit p38 (Mus musculus)","Wounded 4h vs 0h (injury-filtered)"
"pdam_00013910",1046.43538332315,0.525248113780371,0.134194185206568,3.91408996576002,9.07457993151804e-05,0.0016117685708771,"Ncor2: Nuclear receptor corepressor 2 (Mus musculus)","Wounded 4h vs 0h (injury-filtered)"
"pdam_00013922",5510.58878525783,0.412362681725214,0.12248898643626,3.36652864655547,0.000761206755680158,0.00852949582966054,"Cltc: Clathrin heavy chain 1 (Mus musculus)","Wounded 4h vs 0h (injury-filtered)"
"pdam_00013943",1062.87130287344,-0.405401273040373,0.128220666211386,-3.16174673723832,0.00156825895211136,0.0146678840561905,"WDR41: WD repeat-containing protein 41 (Homo sapiens)","Wounded 4h vs 0h (injury-filtered)"
"pdam_00013962",235.361771792631,-0.62797619991985,0.199124366699013,-3.15368837239829,0.0016122114204118,0.0149890198435682,"ATG26: Sterol 3-beta-glucosyltransferase (Cryptococcus neoformans var. neoformans serotype D (strain JEC21 / ATCC MYA-565))","Wounded 4h vs 0h (injury-filtered)"
"pdam_00013972",434.238296762625,-0.56059902178515,0.159153346959761,-3.52238286215173,0.000427685998550815,0.00543935367889849,"ULK3: Serine/threonine-protein kinase ULK3 (Gallus gallus)","Wounded 4h vs 0h (injury-filtered)"
"pdam_00014018",130.451379789262,1.67655746574202,0.407461391795112,4.11464128749912,3.87781979930364e-05,0.000812730350113222,"SHH: Sonic hedgehog protein (Gallus gallus)","Wounded 4h vs 0h (injury-filtered)"
"pdam_00014052",473.673342214692,0.450202972780599,0.167436425979969,2.6887994660998,0.00717094831514312,0.0445430209836282,"Gba2: Non-lysosomal glucosylceramidase (Rattus norvegicus)","Wounded 4h vs 0h (injury-filtered)"
"pdam_00014063",34.8598745194221,1.20110182331159,0.44706483519559,2.68663900345934,0.007217491015498,0.0447672452857083,"unknown function","Wounded 4h vs 0h (injury-filtered)"
"pdam_00014075",556.523148260363,-0.420795819823144,0.134760448499502,-3.12254689345812,0.00179293540549032,0.0162377625946783,"VPS33B: Vacuolar protein sorting-associated protein 33B (Homo sapiens)","Wounded 4h vs 0h (injury-filtered)"
"pdam_00014171",98.3893562622854,0.918945674190603,0.257073955575661,3.57463544734754,0.000350716217672269,0.00466822890976194,"unknown function","Wounded 4h vs 0h (injury-filtered)"
"pdam_00014185",313.946487349104,0.427187255635731,0.142992191942893,2.98748658812321,0.00281281636225878,0.022768141508293,"unknown function","Wounded 4h vs 0h (injury-filtered)"
"pdam_00014186",18.7666757805749,1.91288851714278,0.67816938559139,2.82066480408087,0.00479242498110319,0.0333311699294252,"unknown function","Wounded 4h vs 0h (injury-filtered)"
"pdam_00014191",505.333467871938,-0.559465632220784,0.211001821406546,-2.65147299910193,0.00801415205358435,0.0484808125640967,"TXNDC17: Thioredoxin domain-containing protein 17 (Pongo abelii)","Wounded 4h vs 0h (injury-filtered)"
"pdam_00014232",143.149225299791,1.24587415694806,0.451254658434933,2.76091145799818,0.0057640300783578,0.038065690163084,"unknown function","Wounded 4h vs 0h (injury-filtered)"
"pdam_00014248",540.712093095578,-0.696889969636809,0.15699546824916,-4.43891774335045,9.04123599748592e-06,0.000245257832184966,"TADA2B: Transcriptional adapter 2-beta (Pongo abelii)","Wounded 4h vs 0h (injury-filtered)"
"pdam_00014288",2386.96690543402,0.834838495242385,0.257095258496059,3.24719522299234,0.00116548415912411,0.0116332483289453,"NPC2: Epididymal secretory protein E1 (Pan troglodytes)","Wounded 4h vs 0h (injury-filtered)"
"pdam_00014314",52.2241007419565,-1.05851899834507,0.397149602475735,-2.66529033831713,0.00769218799883768,0.0469472663054729,"unknown function","Wounded 4h vs 0h (injury-filtered)"
"pdam_00014330",788.804694216306,-0.691372959602395,0.186880087463415,-3.69955391709534,0.00021597875429812,0.003175591564054,"DNAJB9: DnaJ homolog subfamily B member 9 (Pongo abelii)","Wounded 4h vs 0h (injury-filtered)"
"pdam_00014336",135.60879603228,-0.82088768459776,0.232766220698639,-3.52666156684546,0.000420834314004882,0.00536814246971704,"unknown function","Wounded 4h vs 0h (injury-filtered)"
"pdam_00014338",191.077721412945,-0.69055907692525,0.188382134694996,-3.66573549048753,0.00024662874165793,0.0035099322849035,"PPIH: Peptidyl-prolyl cis-trans isomerase H (Homo sapiens)","Wounded 4h vs 0h (injury-filtered)"
"pdam_00014407",727.156675167899,1.32933801319886,0.300564623736502,4.42280264614329,9.74287310235706e-06,0.000260580056890498,"nas-15: Zinc metalloproteinase nas-15 (Caenorhabditis elegans)","Wounded 4h vs 0h (injury-filtered)"
"pdam_00014459",43.4299110928138,-1.10925803972258,0.404505774919689,-2.74225513824323,0.00610189252415065,0.0396704002404394,"unknown function","Wounded 4h vs 0h (injury-filtered)"
"pdam_00014474",429.138586784567,-1.07800108392536,0.344461947016048,-3.12952154298523,0.0017509123327201,0.0160094085504818,"rost: Protein rolling stone (Drosophila melanogaster)","Wounded 4h vs 0h (injury-filtered)"
"pdam_00014490",173.184603443579,1.10258519128335,0.323510715225817,3.408187548019,0.000653959306987304,0.00767383871251906,"unknown function","Wounded 4h vs 0h (injury-filtered)"
"pdam_00014504",124.634683578634,-1.03470054209537,0.270990011103909,-3.81822391858798,0.000134415896866631,0.00219180702264635,"PRUNE: Protein prune homolog (Homo sapiens)","Wounded 4h vs 0h (injury-filtered)"
"pdam_00014534",630.52688987837,-0.630834801391261,0.144405373003174,-4.36849951128477,1.25103097205416e-05,0.000321554347599648,"U2AF1: Splicing factor U2AF 35 kDa subunit (Bos taurus)","Wounded 4h vs 0h (injury-filtered)"
"pdam_00014535",505.159121898588,-0.531195025477637,0.160748720673301,-3.30450546201991,0.000951441219357601,0.0100750514296891,"unknown function","Wounded 4h vs 0h (injury-filtered)"
"pdam_00014538",163.054072725198,0.921352977269309,0.190758189887348,4.82995240106551,1.36565692826973e-06,5.11196995158433e-05,"v1g200856: Protein Flattop homolog (Nematostella vectensis)","Wounded 4h vs 0h (injury-filtered)"
"pdam_00014540",29.3179676440023,-2.2880033618184,0.730940888702528,-3.13021667987376,0.00174677406495855,0.0159800931534948,"slc37a2: Glucose-6-phosphate exchanger SLC37A2 (Danio rerio)","Wounded 4h vs 0h (injury-filtered)"
"pdam_00014573",150.140988440675,1.36650340055696,0.498136690208179,2.74322977491554,0.00608380982611033,0.0396129265700097,"unknown function","Wounded 4h vs 0h (injury-filtered)"
"pdam_00014626",264.207992149526,-0.509020111572264,0.18517101051857,-2.74891901354729,0.00597921575281073,0.0390505428061666,"PLD2: Phospholipase D2 (Homo sapiens)","Wounded 4h vs 0h (injury-filtered)"
"pdam_00014658",422.217073116819,-0.395413694808231,0.143666118088266,-2.75231000927648,0.00591764724021688,0.0387962310846188,"FMN2: Formin-2 (Homo sapiens)","Wounded 4h vs 0h (injury-filtered)"
"pdam_00014715",171.384475025157,0.65462670474869,0.223345915573633,2.9309992218455,0.00337873627823002,0.0259541943703193,"Meltf: Melanotransferrin (Mus musculus)","Wounded 4h vs 0h (injury-filtered)"
"pdam_00014734",94.3046222956959,-0.705604928239769,0.247237962307365,-2.85395058936201,0.00431792465121964,0.0309087683592942,"TMEM65: Transmembrane protein 65 (Bos taurus)","Wounded 4h vs 0h (injury-filtered)"
"pdam_00014771",72.7901406850564,1.13716654414495,0.377372110351283,3.01338258168151,0.00258352994919594,0.0213661540998626,"unknown function","Wounded 4h vs 0h (injury-filtered)"
"pdam_00014798",240.252441937262,-0.872607884589256,0.245680385988426,-3.55180117891203,0.000382603844187409,0.00498431634099463,"Sult1b1: Sulfotransferase family cytosolic 1B member 1 (Mus musculus)","Wounded 4h vs 0h (injury-filtered)"
"pdam_00014806",73.9479955911773,1.20046804914418,0.330043750182991,3.63729974731709,0.000275511241342693,0.00382458681909242,"Collagen alpha chain (Fragment) (Acropora millepora)","Wounded 4h vs 0h (injury-filtered)"
"pdam_00014819",11.7285016253122,2.05898874720749,0.722246274096478,2.8508125566771,0.00436076680868576,0.0311893976504417,"unknown function","Wounded 4h vs 0h (injury-filtered)"
"pdam_00014852",51.5757318507039,-1.38243922498021,0.369903050924846,-3.73730149433422,0.000186005835462524,0.00279481511233085,"tie1: Tyrosine-protein kinase receptor Tie-1 (Fragment) (Danio rerio)","Wounded 4h vs 0h (injury-filtered)"
"pdam_00014865",8.17156240839143,-2.15608466384711,0.731498645510476,-2.94748961885293,0.00320365508807208,0.025010684348774,"unknown function","Wounded 4h vs 0h (injury-filtered)"
"pdam_00014894",94.2734341591428,0.839996896434022,0.290849731252149,2.88807864053275,0.00387602952989595,0.0285073574691275,"unknown function","Wounded 4h vs 0h (injury-filtered)"
"pdam_00014959",841.190840420113,0.375067130241828,0.124632415570152,3.00938667140502,0.00261775719599825,0.0215971267411905,"ARNTL: Aryl hydrocarbon receptor nuclear translocator-like protein 1 (Gallus gallus)","Wounded 4h vs 0h (injury-filtered)"
"pdam_00015032",413.340726155273,0.529382975668909,0.187997833050348,2.81589934883523,0.00486409027873903,0.0336359889945179,"CFAP43: Cilia- and flagella-associated protein 43 (Homo sapiens)","Wounded 4h vs 0h (injury-filtered)"
"pdam_00015066",42.0303821131873,1.28808477147955,0.36282316794106,3.55017232992353,0.000384979053031748,0.00500764862304726,"unknown function","Wounded 4h vs 0h (injury-filtered)"
"pdam_00015114",44.4181557020865,1.05402708075044,0.362970855607768,2.90388901606314,0.00368558783273694,0.0275081157065053,"unknown function","Wounded 4h vs 0h (injury-filtered)"
"pdam_00015121",150.461388464521,-1.06405916123405,0.249956143900682,-4.25698342368748,2.07203712058727e-05,0.000482649516241144,"unknown function","Wounded 4h vs 0h (injury-filtered)"
"pdam_00015146",111.482617396575,0.784197358899464,0.219422408557504,3.57391646575582,0.000351681167036772,0.00467744137135641,"ABCG24: ABC transporter G family member 24 (Arabidopsis thaliana)","Wounded 4h vs 0h (injury-filtered)"
"pdam_00015149",75.0836268266987,1.37874112799282,0.308109215892467,4.4748454667257,7.64665971667661e-06,0.000213161518996266,"WBC30: Putative white-brown complex homolog protein 30 (Arabidopsis thaliana)","Wounded 4h vs 0h (injury-filtered)"
"pdam_00015161",257.84838334502,-0.71905929758009,0.251779016363387,-2.85591431711008,0.00429130925115183,0.0307825128877602,"Xrcc4: DNA repair protein XRCC4 (Mus musculus)","Wounded 4h vs 0h (injury-filtered)"
"pdam_00015170",445.142162847507,0.467814534782839,0.155134831021302,3.01553514257932,0.00256526210036019,0.0212663701395431,"ARHGAP39: Rho GTPase-activating protein 39 (Homo sapiens)","Wounded 4h vs 0h (injury-filtered)"
"pdam_00015204",8.11277934370923,-2.57864233584253,0.816571828919173,-3.15788794631289,0.00158916629823723,0.014847229982005,"unknown function","Wounded 4h vs 0h (injury-filtered)"
"pdam_00015207",873.754206312054,-0.388877452640092,0.125735198393967,-3.09282887852629,0.00198258419930176,0.017359256135255,"TTC27: Tetratricopeptide repeat protein 27 (Gallus gallus)","Wounded 4h vs 0h (injury-filtered)"
"pdam_00015217",689.483640219753,0.310694149529703,0.115892271840314,2.6808875570047,0.00734271840286178,0.0453471052949072,"Htt: Huntingtin (Mus musculus)","Wounded 4h vs 0h (injury-filtered)"
"pdam_00015282",33.2880228899816,-1.50917378391514,0.434155479169181,-3.47611364206013,0.000508736662914766,0.00627918023686878,"unknown function","Wounded 4h vs 0h (injury-filtered)"
"pdam_00015293",708.92235402519,-0.429380913851809,0.115943754270832,-3.70335527387549,0.000212766584807598,0.00314454338788056,"DYNLRB2: Dynein light chain roadblock-type 2 (Bos taurus)","Wounded 4h vs 0h (injury-filtered)"
"pdam_00015299",9.16629275407815,4.98782106943718,1.47792525467288,3.37488046412818,0.000738477596860737,0.00836778580342397,"unknown function","Wounded 4h vs 0h (injury-filtered)"
"pdam_00015303",530.965467385828,0.659605393652929,0.238439891816292,2.76633825249815,0.0056689699587789,0.037670085648568,"Spag6: Sperm-associated antigen 6 (Mus musculus)","Wounded 4h vs 0h (injury-filtered)"
"pdam_00015369",651.197878666608,0.472580312175256,0.173553777479839,2.7229618337184,0.00646995318969934,0.0413367943374487,"unknown function","Wounded 4h vs 0h (injury-filtered)"
"pdam_00015379",1307.10282995234,0.355770784419468,0.131859209325929,2.69811100975189,0.00697341824107719,0.0436960096217205,"Atg2b: Autophagy-related protein 2 homolog B (Mus musculus)","Wounded 4h vs 0h (injury-filtered)"
"pdam_00015385",82.051526121871,-1.08333298441346,0.374233789868756,-2.89480269751534,0.00379396918326257,0.0280845456294704,"CDKN3: Cyclin-dependent kinase inhibitor 3 (Homo sapiens)","Wounded 4h vs 0h (injury-filtered)"
"pdam_00015403",1503.04919188615,0.332173876705931,0.118494760267828,2.80327903069415,0.00505858830856959,0.0346125433761891,"Plcg1: 1-phosphatidylinositol 4%2C5-bisphosphate phosphodiesterase gamma-1 (Mus musculus)","Wounded 4h vs 0h (injury-filtered)"
"pdam_00015426",483.549864931617,0.830154465603165,0.193331386558805,4.29394564627849,1.75525463274019e-05,0.000422641649209239,"macrod2: O-acetyl-ADP-ribose deacetylase MACROD2 (Xenopus laevis)","Wounded 4h vs 0h (injury-filtered)"
"pdam_00015438",774.040235947513,0.6962842588631,0.208753013213894,3.33544530995425,0.000851629033965792,0.00929027440915139,"SEC31A: Protein transport protein Sec31A (Homo sapiens)","Wounded 4h vs 0h (injury-filtered)"
"pdam_00015494",452.836303831173,-0.668273545824132,0.218565775636402,-3.05753974462977,0.00223162045395755,0.0190722338298347,"BCL3: B-cell lymphoma 3 protein (Homo sapiens)","Wounded 4h vs 0h (injury-filtered)"
"pdam_00015495",46.7350904862926,-1.40316374769526,0.334003267223247,-4.20104796986128,2.65682284202873e-05,0.000595406154297263,"MRPL17: 39S ribosomal protein L17%2C mitochondrial (Homo sapiens)","Wounded 4h vs 0h (injury-filtered)"
"pdam_00015516",90.4577873350645,0.647563004665871,0.229442283341226,2.82233507806761,0.00476753360372089,0.0332524801066684,"Uncharacterized skeletal organic matrix protein 5 (Acropora millepora)","Wounded 4h vs 0h (injury-filtered)"
"pdam_00015539",842.901147814078,0.552897928188642,0.161557499524144,3.42229812801735,0.000620941882311275,0.00734674094571739,"Mlc-c: Myosin-2 essential light chain (Drosophila melanogaster)","Wounded 4h vs 0h (injury-filtered)"
"pdam_00015543",11.6266988930869,-1.96509498381927,0.713614557315297,-2.75372042747024,0.00589220770859802,0.0386442268386398,"unknown function","Wounded 4h vs 0h (injury-filtered)"
"pdam_00015556",181.470467472723,-0.53430790286159,0.188167576595918,-2.83953225378991,0.00451797274346982,0.0319143488727015,"Pm20d2: Peptidase M20 domain-containing protein 2 (Mus musculus)","Wounded 4h vs 0h (injury-filtered)"
"pdam_00015600",103.177397419125,1.70911625483449,0.559982249139407,3.05209005724931,0.00227253908323275,0.0193160188611513,"unknown function","Wounded 4h vs 0h (injury-filtered)"
"pdam_00015691",470.177257345674,-0.812576999410942,0.256854829187061,-3.16356520133465,0.00155849437732833,0.014600452243124,"SCD: Acyl-CoA desaturase (Bos taurus)","Wounded 4h vs 0h (injury-filtered)"
"pdam_00015712",463.871645524428,-0.697711200354265,0.161204419533386,-4.32811459123653,1.503912218403e-05,0.000372050087623393,"hibch: 3-hydroxyisobutyryl-CoA hydrolase%2C mitochondrial (Danio rerio)","Wounded 4h vs 0h (injury-filtered)"
"pdam_00015730",57.1795336882385,1.78279254708522,0.467625250177845,3.81243858497204,0.00013760242696085,0.00222552453567624,"Ccnb1ip1: E3 ubiquitin-protein ligase CCNB1IP1 (Mus musculus)","Wounded 4h vs 0h (injury-filtered)"
"pdam_00015822",387.224230869694,0.622843007180842,0.158441810046651,3.93105208150207,8.45749465581939e-05,0.00152146157795769,"PRKD3: Serine/threonine-protein kinase D3 (Homo sapiens)","Wounded 4h vs 0h (injury-filtered)"
"pdam_00015929",2224.62884781616,0.280165065560574,0.0954419292480063,2.93545056945113,0.00333063672239399,0.0257209171030282,"Hephaestin-like protein (Acropora millepora)","Wounded 4h vs 0h (injury-filtered)"
"pdam_00015960",332.081680324091,0.600139261061485,0.18535908124207,3.23771167314826,0.00120492516753831,0.0119199290665186,"PLEKHB2: Pleckstrin homology domain-containing family B member 2 (Pongo abelii)","Wounded 4h vs 0h (injury-filtered)"
"pdam_00015967",149.669819405745,0.774924888417252,0.271358911518566,2.85571932788443,0.00429394537105077,0.0307885401260119,"Equistatin (Actinia equina)","Wounded 4h vs 0h (injury-filtered)"
"pdam_00015998",592.242054664253,-0.54043405828282,0.146079040869063,-3.69960026481305,0.000215939317448372,0.003175591564054,"Wdr31: WD repeat-containing protein 31 (Mus musculus)","Wounded 4h vs 0h (injury-filtered)"
"pdam_00016000",501.286773077529,0.588724238702387,0.202022380092503,2.9141535627529,0.00356654419330535,0.0269004987461623,"N: Neurogenic locus Notch protein (Drosophila melanogaster)","Wounded 4h vs 0h (injury-filtered)"
"pdam_00016002",457.264008391208,0.547858144064147,0.130640907146407,4.19361864542298,2.74539378197426e-05,0.000608887852498923,"Rabgap1: Rab GTPase-activating protein 1 (Mus musculus)","Wounded 4h vs 0h (injury-filtered)"
"pdam_00016070",58.476024421699,0.878650527140653,0.295396101580085,2.97448247434789,0.00293483220035562,0.0234677950010135,"Mfge8: Lactadherin (Mus musculus)","Wounded 4h vs 0h (injury-filtered)"
"pdam_00016074",42.8463659993188,-1.1629045609981,0.343363409580232,-3.38680397663737,0.000707118921879779,0.00809809405257644,"unknown function","Wounded 4h vs 0h (injury-filtered)"
"pdam_00016082",667.988234616783,0.4056931283049,0.130247993500217,3.11477449596354,0.0018408558533951,0.0164974556981733,"Gabarap: Gamma-aminobutyric acid receptor-associated protein (Rattus norvegicus)","Wounded 4h vs 0h (injury-filtered)"
"pdam_00016089",124.069572664321,1.28139587881003,0.454042174553209,2.82219571358313,0.0047696060099516,0.0332534060327817,"Hatching enzyme (Paracentrotus lividus)","Wounded 4h vs 0h (injury-filtered)"
"pdam_00016091",612.213947639927,0.518995418330223,0.185142278180851,2.80322476005862,0.00505943966989792,0.0346125433761891,"TMPRSS9: Transmembrane protease serine 9 (Homo sapiens)","Wounded 4h vs 0h (injury-filtered)"
"pdam_00016092",220.362466283895,1.00868026473594,0.358092929816983,2.81681144961857,0.00485029908143286,0.0336075744300142,"PRSS36: Polyserase-2 (Homo sapiens)","Wounded 4h vs 0h (injury-filtered)"
"pdam_00016094",203.504898545719,1.29291773329802,0.366640792004305,3.52638812018176,0.000421269112117727,0.00536969342613108,"PLG: Plasminogen (Macropus eugenii)","Wounded 4h vs 0h (injury-filtered)"
"pdam_00016095",1233.55622574601,1.01186678581994,0.341010640921543,2.96725868461315,0.00300468042380846,0.0238482598082279,"TMPRSS9: Transmembrane protease serine 9 (Homo sapiens)","Wounded 4h vs 0h (injury-filtered)"
"pdam_00016152",67.8095696408118,-0.741672815758398,0.272501410876473,-2.72172101191287,0.006494294303167,0.0414512961777718,"unknown function","Wounded 4h vs 0h (injury-filtered)"
"pdam_00016167",313.793815191323,-0.673962462760036,0.193463058706324,-3.48367521565505,0.000494579268066456,0.00614572041160401,"Otub1: Ubiquitin thioesterase OTUB1 (Rattus norvegicus)","Wounded 4h vs 0h (injury-filtered)"
"pdam_00016177",407.736742652471,-1.06787364390385,0.328999263688718,-3.24582381106549,0.00117111294330138,0.0116662174898076,"APLF: Aprataxin and PNK-like factor (Homo sapiens)","Wounded 4h vs 0h (injury-filtered)"
"pdam_00016190",57004.5294896159,1.14431739717519,0.246871652008668,4.63527257125093,3.5646745295611e-06,0.000112754206890767,"Major yolk protein (Strongylocentrotus purpuratus)","Wounded 4h vs 0h (injury-filtered)"
"pdam_00016288",150.888816128002,-0.701564818702899,0.211570844421705,-3.31598061453369,0.000913221632841983,0.00973648735910631,"mrps7: 28S ribosomal protein S7%2C mitochondrial (Danio rerio)","Wounded 4h vs 0h (injury-filtered)"
"pdam_00016355",346.395982748309,0.88683783553666,0.273105563034858,3.2472346065813,0.00116532288415658,0.0116332483289453,"unknown function","Wounded 4h vs 0h (injury-filtered)"
"pdam_00016363",419.868169032152,-0.430733969861838,0.151617694522176,-2.8409215113005,0.00449833821718144,0.031835070952426,"Stk16: Serine/threonine-protein kinase 16 (Rattus norvegicus)","Wounded 4h vs 0h (injury-filtered)"
"pdam_00016402",69.8243607702166,-0.932904092472425,0.313231253223729,-2.97832378752477,0.00289829630394731,0.0232406374172583,"lat-2: Latrophilin-like protein LAT-2 (Caenorhabditis elegans)","Wounded 4h vs 0h (injury-filtered)"
"pdam_00016414",1692.46110924236,0.422567988805368,0.102750197119549,4.11257594293189,3.91268698314346e-05,0.000816047513856587,"RAB5B: Ras-related protein Rab-5B (Gallus gallus)","Wounded 4h vs 0h (injury-filtered)"
"pdam_00016424",891.787196422588,-0.843546936164267,0.205849926256532,-4.09787339497528,4.16963220284686e-05,0.000856097898031217,"PLA2G15: Group XV phospholipase A2 (Homo sapiens)","Wounded 4h vs 0h (injury-filtered)"
"pdam_00016454",513.199145162991,-0.413187735938706,0.124135870725383,-3.32851200482391,0.000873112420213963,0.00945586818202665,"LPCAT3: Lysophospholipid acyltransferase 5 (Bos taurus)","Wounded 4h vs 0h (injury-filtered)"
"pdam_00016506",44.3985270515522,-1.41963273086607,0.35485877411465,-4.00055693820158,6.31935792661142e-05,0.00120510647712821,"unknown function","Wounded 4h vs 0h (injury-filtered)"
"pdam_00016509",271.630406911172,0.789044924797402,0.218972411892068,3.60339879338921,0.000314083075150406,0.00427352400030044,"CFAP70: Cilia- and flagella-associated protein 70 (Homo sapiens)","Wounded 4h vs 0h (injury-filtered)"
"pdam_00016579",165.255243305345,-0.804413402573927,0.211738236718167,-3.79909370665365,0.000145226179161105,0.00232253508912125,"med9: Mediator of RNA polymerase II transcription subunit 9 (Xenopus laevis)","Wounded 4h vs 0h (injury-filtered)"
"pdam_00016582",476.754603290112,-0.534992653058448,0.184714708568175,-2.89631863756529,0.00377568814092139,0.0279975767681472,"v1g178517: 3-hydroxyanthranilate 3%2C4-dioxygenase (Nematostella vectensis)","Wounded 4h vs 0h (injury-filtered)"
"pdam_00016598",1017.19672181588,0.510946991824173,0.163993681049474,3.11565048454538,0.00183539673368026,0.0164743673310023,"TP73: Tumor protein p73 (Chlorocebus aethiops)","Wounded 4h vs 0h (injury-filtered)"
"pdam_00016616",73.899383968354,1.11528357888874,0.306396937752349,3.63999584026585,0.000272642445373621,0.0037970609938955,"unknown function","Wounded 4h vs 0h (injury-filtered)"
"pdam_00016662",206.619600948486,-0.938765183886595,0.310489817777876,-3.0234974873095,0.00249871103840596,0.0208153071148842,"unknown function","Wounded 4h vs 0h (injury-filtered)"
"pdam_00016711",316.930460457499,0.63113016983906,0.193028174589902,3.26962719913779,0.00107689307790824,0.0109829000164539,"Nedd9: Enhancer of filamentation 1 (Mus musculus)","Wounded 4h vs 0h (injury-filtered)"
"pdam_00016713",410.142414344177,-0.421163187436693,0.138534592766958,-3.04013011497548,0.00236475962123591,0.0199711521903785,"Rpusd2: RNA pseudouridylate synthase domain-containing protein 2 (Mus musculus)","Wounded 4h vs 0h (injury-filtered)"
"pdam_00016719",419.803329787788,0.770357946545465,0.198232511421528,3.88613321306994,0.000101853628793193,0.00176993011816468,"DPEP1: Dipeptidase 1 (Oryctolagus cuniculus)","Wounded 4h vs 0h (injury-filtered)"
"pdam_00016723",267.066302547638,-0.833641897254909,0.233072770277747,-3.57674513527032,0.000347899068012243,0.00464154211828941,"CDCA7L: Cell division cycle-associated 7-like protein (Homo sapiens)","Wounded 4h vs 0h (injury-filtered)"
"pdam_00016739",432.547592173104,0.771440299415842,0.248472057372414,3.10473663547445,0.00190448518043033,0.0168562178282383,"fam166b: Protein FAM166B (Xenopus tropicalis)","Wounded 4h vs 0h (injury-filtered)"
"pdam_00016781",28.1612947509609,-1.33663794742093,0.470132156469298,-2.84311108914375,0.00446754957768877,0.0316756286021076,"unknown function","Wounded 4h vs 0h (injury-filtered)"
"pdam_00016793",27.1610321374212,-1.50514343266567,0.454064748563766,-3.31482115144707,0.000917017754845201,0.00977088402055073,"unknown function","Wounded 4h vs 0h (injury-filtered)"
"pdam_00016844",434.570195676087,0.406813338803767,0.153146168005708,2.65637295468343,0.00789862063348315,0.0479005029797149,"unknown function","Wounded 4h vs 0h (injury-filtered)"
"pdam_00017055",867.733752143217,0.657293299434215,0.229820802507013,2.86002525560826,0.00423607271222601,0.0305011468199928,"MPEG1: Macrophage-expressed gene 1 protein (Homo sapiens)","Wounded 4h vs 0h (injury-filtered)"
"pdam_00017083",144.711008204234,-0.936749882370238,0.287660209177624,-3.25644580822722,0.00112816463782147,0.0113638393365518,"TLL1: Tolloid-like protein 1 (Gallus gallus)","Wounded 4h vs 0h (injury-filtered)"
"pdam_00017165",102.106675144868,-0.816346105103263,0.28234316776791,-2.89132586971012,0.0038362011521855,0.0283359898979182,"unknown function","Wounded 4h vs 0h (injury-filtered)"
"pdam_00017188",118.516372377981,-0.63755464917859,0.241196850296381,-2.64329591532878,0.0082103244830052,0.0493540683508559,"Inmt: Indolethylamine N-methyltransferase (Mus musculus)","Wounded 4h vs 0h (injury-filtered)"
"pdam_00017201",20.0781755014588,1.48192617791826,0.509240657921617,2.91007042518266,0.00361347323431906,0.0271350789002041,"gtpA: GTP-binding protein A (Dictyostelium discoideum)","Wounded 4h vs 0h (injury-filtered)"
"pdam_00017209",633.03757447133,-1.56772200267409,0.365632053503124,-4.28770395717151,1.80529472211784e-05,0.000431058115821564,"unknown function","Wounded 4h vs 0h (injury-filtered)"
"pdam_00017265",36.2683595931324,-1.18574273449133,0.448169773152828,-2.64574454932503,0.00815113451248894,0.0491015636268835,"mshA: D-inositol 3-phosphate glycosyltransferase (Segniliparus rotundus (strain ATCC BAA-972 / CDC 1076 / CIP 108378 / DSM 44985 / JCM 13578))","Wounded 4h vs 0h (injury-filtered)"
"pdam_00017269",48.9500556663198,-1.09605985438085,0.328203180966775,-3.33957718250088,0.000839060314003489,0.00917828281870582,"Galr2: Galanin receptor type 2 (Mus musculus)","Wounded 4h vs 0h (injury-filtered)"
"pdam_00017275",238.169037110391,-1.05689032734978,0.378429794747552,-2.79283064393707,0.00522490390095717,0.0354615013768843,"unknown function","Wounded 4h vs 0h (injury-filtered)"
"pdam_00017282",92.7531875343177,1.04130697774377,0.318111228701705,3.27340528655219,0.00106259995737366,0.0108970601960626,"KIF9: Kinesin-like protein KIF9 (Homo sapiens)","Wounded 4h vs 0h (injury-filtered)"
"pdam_00017292",69.9604105062344,-1.1648592273365,0.381148437524724,-3.05618261195399,0.00224174678011062,0.0191301676447071,"unknown function","Wounded 4h vs 0h (injury-filtered)"
"pdam_00017311",359.683714560148,0.535292184552829,0.190351890410004,2.81211908849368,0.00492162778311728,0.0339476936167519,"Dcp2: m7GpppN-mRNA hydrolase (Mus musculus)","Wounded 4h vs 0h (injury-filtered)"
"pdam_00017349",222.954259026122,0.500809015811069,0.161902340696747,3.09327841497433,0.00197958323033626,0.0173418369447546,"CUEDC1: CUE domain-containing protein 1 (Homo sapiens)","Wounded 4h vs 0h (injury-filtered)"
"pdam_00017393",506.118163928655,0.595510667216697,0.223107295558732,2.66916716338365,0.00760395952995434,0.0465745917047293,"OPLAH: 5-oxoprolinase (Homo sapiens)","Wounded 4h vs 0h (injury-filtered)"
"pdam_00017438",363.268015817815,0.526218010176795,0.176103084934177,2.98812488363553,0.00280694833452928,0.022752871038851,"Map3k1: Mitogen-activated protein kinase kinase kinase 1 (Mus musculus)","Wounded 4h vs 0h (injury-filtered)"
"pdam_00017484",196.832106519078,2.9597406236939,0.893094522377365,3.31402841416521,0.000919621614842967,0.00978646366534316,"unknown function","Wounded 4h vs 0h (injury-filtered)"
"pdam_00017490",534.924467978959,-1.08801173076167,0.249393721310193,-4.36262679367301,1.28510061447176e-05,0.000328832312455282,"ADAT1: tRNA-specific adenosine deaminase 1 (Gallus gallus)","Wounded 4h vs 0h (injury-filtered)"
"pdam_00017527",110.444343277475,0.820538485820946,0.258840158476409,3.17005865956357,0.00152408166188981,0.0143268868015653,"C21orf59: UPF0769 protein C21orf59 (Homo sapiens)","Wounded 4h vs 0h (injury-filtered)"
"pdam_00017581",555.972298909548,-0.482139762868888,0.143077328454837,-3.36978449399186,0.00075226991848461,0.0084569937590165,"NXF1: Nuclear RNA export factor 1 (Homo sapiens)","Wounded 4h vs 0h (injury-filtered)"
"pdam_00017587",286.547380300781,-0.623370780999001,0.190907270628501,-3.26530665357455,0.00109345627310809,0.0110858748351065,"FGFR: Fibroblast growth factor receptor (Halocynthia roretzi)","Wounded 4h vs 0h (injury-filtered)"
"pdam_00017611",199.670567499344,-0.830511291464119,0.304091421576076,-2.73112370996741,0.00631187737973292,0.0406481014990021,"unknown function","Wounded 4h vs 0h (injury-filtered)"
"pdam_00017670",232.675869948373,-0.532324469857478,0.181540434541927,-2.93226393999039,0.00336500629694986,0.0259144210900693,"IMPA1: Inositol monophosphatase 1 (Pongo abelii)","Wounded 4h vs 0h (injury-filtered)"
"pdam_00017747",27.3577391040732,-1.39510989460344,0.440137316795446,-3.16971508973826,0.0015258847623478,0.0143341196524333,"unknown function","Wounded 4h vs 0h (injury-filtered)"
"pdam_00017759",75.2849730999735,-0.85825752387333,0.295554733683498,-2.90388691521488,0.00368561256286997,0.0275081157065053,"unknown function","Wounded 4h vs 0h (injury-filtered)"
"pdam_00017776",225.549669808325,-0.853300032321388,0.213681468112852,-3.99332726350762,6.51525466762383e-05,0.00123559210201043,"CP33: RNA-binding protein CP33%2C chloroplastic (Arabidopsis thaliana)","Wounded 4h vs 0h (injury-filtered)"
"pdam_00017780",1737.17437912895,0.491217592141021,0.164962296826086,2.97775674558469,0.00290366336306164,0.0232510063971643,"MFSD12: Major facilitator superfamily domain-containing protein 12 (Homo sapiens)","Wounded 4h vs 0h (injury-filtered)"
"pdam_00017811",26.4506480151712,-1.2766768935243,0.44016505612158,-2.9004503555404,0.00372626858866667,0.0277270610608079,"unknown function","Wounded 4h vs 0h (injury-filtered)"
"pdam_00017888",2957.31000680636,0.377235953832303,0.128651971222558,2.93222055012055,0.00336547650141631,0.0259144210900693,"Wnk1: Serine/threonine-protein kinase WNK1 (Rattus norvegicus)","Wounded 4h vs 0h (injury-filtered)"
"pdam_00017893",387.67716019366,-0.506485324097759,0.153610095277491,-3.29721378782308,0.000976491421402758,0.0102579466473829,"KAT7: Histone acetyltransferase KAT7 (Homo sapiens)","Wounded 4h vs 0h (injury-filtered)"
"pdam_00017946",489.660046831642,1.67008116856125,0.389293550493021,4.2900304062222,1.78648657230832e-05,0.000427758740162763,"CUB and peptidase domain-containing protein 1 (Fragment) (Acropora millepora)","Wounded 4h vs 0h (injury-filtered)"
"pdam_00017971",1568.26082351944,0.63675746383145,0.21542213667834,2.95585901082316,0.00311799585293448,0.0244981305695274,"SLC9A3R2: Na(+)/H(+) exchange regulatory cofactor NHE-RF2 (Oryctolagus cuniculus)","Wounded 4h vs 0h (injury-filtered)"
"pdam_00018019",258.136370971443,0.983511317740551,0.250805340040264,3.92141298738958,8.80312370687227e-05,0.00157209117531894,"GLUL: Glutamine synthetase (Acomys cahirinus)","Wounded 4h vs 0h (injury-filtered)"
"pdam_00018033",439.69460882558,1.2223721566973,0.256884537758467,4.75844971972046,1.95085472371702e-06,6.86764956538084e-05,"tll1: Dorsal-ventral patterning tolloid-like protein 1 (Danio rerio)","Wounded 4h vs 0h (injury-filtered)"
"pdam_00018049",300.132285772238,-0.569460359545942,0.151552981096198,-3.75750021825356,0.000171619217332654,0.00263169933984885,"Catsper1: Cation channel sperm-associated protein 1 (Mus musculus)","Wounded 4h vs 0h (injury-filtered)"
"pdam_00018076",17.1845178185908,-1.46015825721077,0.539074570267771,-2.70863872596602,0.00675598613660988,0.0426139169705812,"FGFR: Fibroblast growth factor receptor (Strongylocentrotus purpuratus)","Wounded 4h vs 0h (injury-filtered)"
"pdam_00018106",817.273151845408,0.358834723252456,0.128357898827003,2.79557959838593,0.00518067424208724,0.0352310508553525,"Znf318: Zinc finger protein 318 (Fragment) (Mus musculus)","Wounded 4h vs 0h (injury-filtered)"
"pdam_00018128",49.5311239870489,-2.42819457527919,0.61588026209662,-3.94264067988309,8.05893497749703e-05,0.00146669194537377,"NAD-specific glutamate dehydrogenase (Achlya klebsiana)","Wounded 4h vs 0h (injury-filtered)"
"pdam_00018144",13.1341245600186,-2.06299220403944,0.707205817950552,-2.91710298710196,0.00353299098314389,0.0267179521019051,"unknown function","Wounded 4h vs 0h (injury-filtered)"
"pdam_00018174",197.65959748988,0.91182286741851,0.294663364044782,3.09445617840681,0.00197174060030916,0.017317346197372,"unknown function","Wounded 4h vs 0h (injury-filtered)"
"pdam_00018199",354.028771987181,0.661806490780425,0.241613736812992,2.73910953702381,0.00616058442908327,0.0399610516277728,"WDR97: WD repeat-containing protein 97 (Homo sapiens)","Wounded 4h vs 0h (injury-filtered)"
"pdam_00018216",132.617430942937,-0.588131755294544,0.200317054459609,-2.93600441001459,0.00332469595894736,0.0257097823726629,"RPP40: Ribonuclease P protein subunit p40 (Homo sapiens)","Wounded 4h vs 0h (injury-filtered)"
"pdam_00018223",141.530430604623,-0.986252023881355,0.333194625992139,-2.95998778775208,0.00307651237472631,0.024272309319976,"DES1: Acyl-lipid (8-3)-desaturase (Mortierella alpina)","Wounded 4h vs 0h (injury-filtered)"
"pdam_00018250",255.693423940667,-0.720143463057242,0.240949376176863,-2.98877496378592,0.00280098346025962,0.0227260106212451,"Rnaseh2c: Ribonuclease H2 subunit C (Mus musculus)","Wounded 4h vs 0h (injury-filtered)"
"pdam_00018308",74.3946529749081,-1.02415986343788,0.295952514647162,-3.46055469290029,0.000539063717516232,0.00660122026649877,"unknown function","Wounded 4h vs 0h (injury-filtered)"
"pdam_00018347",1671.1895113131,0.612400316248193,0.199170925250011,3.07474755906,0.00210680793824831,0.0181411930152331,"unknown function","Wounded 4h vs 0h (injury-filtered)"
"pdam_00018352",750.415926116094,0.552226491984658,0.107630611903074,5.13075678211289,2.88579590441559e-07,1.36460700137718e-05,"BAG3: BAG family molecular chaperone regulator 3 (Homo sapiens)","Wounded 4h vs 0h (injury-filtered)"
"pdam_00018362",539.566527343835,0.423067578624913,0.128230324829581,3.29927869392183,0.000969336243325238,0.010208136305483,"LPIN3: Phosphatidate phosphatase LPIN3 (Homo sapiens)","Wounded 4h vs 0h (injury-filtered)"
"pdam_00018372",298.502189781169,-0.565300284339207,0.193179008618472,-2.9263028544456,0.00343016834032512,0.0262413235281275,"SCARB1: Scavenger receptor class B member 1 (Homo sapiens)","Wounded 4h vs 0h (injury-filtered)"
"pdam_00018375",50.33195665503,2.28747250652928,0.631691272639678,3.62118744647288,0.000293253939207673,0.00403347138065409,"Uncharacterized skeletal organic matrix protein 5 (Acropora millepora)","Wounded 4h vs 0h (injury-filtered)"
"pdam_00018404",105.121248278029,-0.966924671970405,0.273194544454367,-3.53932643091969,0.000401149471665043,0.00516173413297604,"Rfc1: Replication factor C subunit 1 (Mus musculus)","Wounded 4h vs 0h (injury-filtered)"
"pdam_00018418",30.1471405084719,-1.81246090827154,0.589329430038498,-3.07546308717884,0.00210175942723278,0.0181068158896878,"ADRB2: Beta-2 adrenergic receptor (Mesocricetus auratus)","Wounded 4h vs 0h (injury-filtered)"
"pdam_00018456",578.486646830671,0.417474487917075,0.144200084041521,2.89510571850199,0.00379030856957216,0.0280695680849871,"unknown function","Wounded 4h vs 0h (injury-filtered)"
"pdam_00018495",521.678049586707,-0.335495995764134,0.114631741913331,-2.92672858463401,0.00342547676995005,0.0262171311357249,"ATPAF2: ATP synthase mitochondrial F1 complex assembly factor 2 (Homo sapiens)","Wounded 4h vs 0h (injury-filtered)"
"pdam_00018508",199.329705985752,-1.30478029570177,0.301048197853732,-4.33412425320584,1.46341506791263e-05,0.000364500552818293,"Dermatopontin (Biomphalaria glabrata)","Wounded 4h vs 0h (injury-filtered)"
"pdam_00018534",92.8300300514297,0.850544559057628,0.263575416614047,3.22694950076881,0.00125117539760245,0.0122782776282177,"CFAP57: Cilia- and flagella-associated protein 57 (Homo sapiens)","Wounded 4h vs 0h (injury-filtered)"
"pdam_00018536",327.484552488898,-0.433163933323776,0.160886978217713,-2.69234923871599,0.00709506054206718,0.0442318974302544,"TESK2: Dual specificity testis-specific protein kinase 2 (Homo sapiens)","Wounded 4h vs 0h (injury-filtered)"
"pdam_00018567",769.48365241786,0.59868109054461,0.18857060649132,3.17483780576465,0.00149920274907461,0.0141532664813519,"Sbno1: Protein strawberry notch homolog 1 (Mus musculus)","Wounded 4h vs 0h (injury-filtered)"
"pdam_00018568",79.7089891525003,-1.13420325161638,0.365208459441505,-3.10563247453484,0.00189872548755653,0.0168313080448134,"NUDT8: Nudix hydrolase 8 (Arabidopsis thaliana)","Wounded 4h vs 0h (injury-filtered)"
"pdam_00018600",1520.26674892785,-0.567280111101946,0.154996914881825,-3.65994453202156,0.000252269850321259,0.00357726576832727,"unknown function","Wounded 4h vs 0h (injury-filtered)"
"pdam_00018614",401.300333153435,-0.550923297351447,0.159353370692622,-3.45724282427716,0.000545732859375094,0.00665436994390229,"NCS1: Neuronal calcium sensor 1 (Pongo abelii)","Wounded 4h vs 0h (injury-filtered)"
"pdam_00018623",356.552411571303,0.611909328310679,0.21087662722784,2.90174087263614,0.00371095363756552,0.0276491043730653,"odf3: Outer dense fiber protein 3 (Xenopus tropicalis)","Wounded 4h vs 0h (injury-filtered)"
"pdam_00018645",461.863088960352,0.522117151731041,0.165647048400185,3.15198584444235,0.00162164134660142,0.0150685199166042,"Tollip: Toll-interacting protein (Rattus norvegicus)","Wounded 4h vs 0h (injury-filtered)"
"pdam_00018669",216.312338106032,-0.515317786555741,0.184150584842332,-2.79834998621889,0.00513644229088125,0.034999668773795,"unknown function","Wounded 4h vs 0h (injury-filtered)"
"pdam_00018676",18.193841210135,-2.02647109817078,0.624239970633412,-3.24630141212287,0.00116914984640625,0.0116534331202261,"TACR2: Substance-K receptor (Mesocricetus auratus)","Wounded 4h vs 0h (injury-filtered)"
"pdam_00018686",484.736919052158,-0.574634171946649,0.208305875602178,-2.75860760185221,0.005804819116091,0.0382414588806982,"unknown function","Wounded 4h vs 0h (injury-filtered)"
"pdam_00018802",289.729848630076,0.627847178428389,0.18055066933338,3.47740155573221,0.000506298934586672,0.00625768089399432,"Uncharacterized skeletal organic matrix protein 7 (Acropora millepora)","Wounded 4h vs 0h (injury-filtered)"
"pdam_00018803",192.044314902513,0.678957854332071,0.211469602461337,3.21066406911227,0.00132428646455627,0.0127619826578711,"oxr1: Oxidation resistance protein 1 (Xenopus tropicalis)","Wounded 4h vs 0h (injury-filtered)"
"pdam_00018807",612.636685301894,-0.744317222764886,0.189291999620128,-3.93211136370573,8.42030395024577e-05,0.00151636229961149,"CYC1: Cytochrome c1%2C heme protein%2C mitochondrial (Bos taurus)","Wounded 4h vs 0h (injury-filtered)"
"pdam_00018855",952.100543293811,0.475450298085926,0.153021007578454,3.10709167067902,0.00188937799876706,0.0167603263322403,"Srrm2: Serine/arginine repetitive matrix protein 2 (Mus musculus)","Wounded 4h vs 0h (injury-filtered)"
"pdam_00018857",198.807253407679,0.438354926138614,0.152742562023408,2.86989376328149,0.00410609729646243,0.0298663267079134,"rnf146: E3 ubiquitin-protein ligase rnf146 (Salmo salar)","Wounded 4h vs 0h (injury-filtered)"
"pdam_00018870",322.718514789523,-0.968698672897543,0.2184160406643,-4.43510774186411,9.20262523122709e-06,0.000248456388919933,"MFSD1: Major facilitator superfamily domain-containing protein 1 (Bos taurus)","Wounded 4h vs 0h (injury-filtered)"
"pdam_00018900",730.143708786036,-0.373156656546845,0.12432104930493,-3.001556523478,0.00268603167850932,0.022054275429293,"Fbxo31: F-box only protein 31 (Mus musculus)","Wounded 4h vs 0h (injury-filtered)"
"pdam_00018923",131.578150102187,1.46564824647279,0.381289731174529,3.84392268304209,0.000121083167779196,0.00201688044674747,"unknown function","Wounded 4h vs 0h (injury-filtered)"
"pdam_00019006",51.9920995412726,1.05158215503564,0.390507289149016,2.69286178326458,0.0070841630341879,0.0442121918668064,"SACS: Sacsin (Homo sapiens)","Wounded 4h vs 0h (injury-filtered)"
"pdam_00019081",565.377233660142,0.374086509468128,0.122460122605918,3.05476184008042,0.00225239305081617,0.0191923590771334,"Kif14: Kinesin-like protein KIF14 (Mus musculus)","Wounded 4h vs 0h (injury-filtered)"
"pdam_00019082",800.893566818002,-0.61360408208833,0.181814784190631,-3.3748855178079,0.000738464036336267,0.00836778580342397,"SLC25A19: Mitochondrial thiamine pyrophosphate carrier (Bos taurus)","Wounded 4h vs 0h (injury-filtered)"
"pdam_00019095",1596.92098145849,0.321871951290184,0.1113497460793,2.89063929306994,0.00384459111851167,0.0283613038449932,"unknown function","Wounded 4h vs 0h (injury-filtered)"
"pdam_00019115",149.428156338736,-0.598378079102723,0.213038580049646,-2.8087780108339,0.0049729924241158,0.0342260064709118,"COMMD7: COMM domain-containing protein 7 (Bos taurus)","Wounded 4h vs 0h (injury-filtered)"
"pdam_00019130",362.707216351497,-0.473094349727652,0.158728175254794,-2.98053164769412,0.00287748503614451,0.0231169650701319,"MAPK8IP1: C-Jun-amino-terminal kinase-interacting protein 1 (Homo sapiens)","Wounded 4h vs 0h (injury-filtered)"
"pdam_00019180",97.1533241774964,-1.0923306914251,0.319141515585651,-3.42271574859381,0.000619988743603809,0.00734052971018211,"MAM and fibronectin type III domain-containing protein 1 (Fragment) (Acropora millepora)","Wounded 4h vs 0h (injury-filtered)"
"pdam_00019254",244.946327126437,-0.717246443988897,0.268988573360872,-2.6664569242748,0.00766554291500837,0.0468513610463114,"Tbccd1: TBCC domain-containing protein 1 (Rattus norvegicus)","Wounded 4h vs 0h (injury-filtered)"
"pdam_00019281",65.1811742720399,-0.917827306423961,0.330899733411762,-2.77373238400843,0.00554172450321413,0.0371047198470708,"unknown function","Wounded 4h vs 0h (injury-filtered)"
"pdam_00019299",672.807517856463,0.466492668915949,0.145766365745292,3.20027645973615,0.00137295824997693,0.0131644274259533,"MCC: Colorectal mutant cancer protein (Homo sapiens)","Wounded 4h vs 0h (injury-filtered)"
"pdam_00019315",269.385573956207,-0.468709489659547,0.153471918610666,-3.05404072551271,0.00225781428368111,0.0192194479043838,"Chid1: Chitinase domain-containing protein 1 (Rattus norvegicus)","Wounded 4h vs 0h (injury-filtered)"
"pdam_00019379",36.9366234005806,-0.998986126970255,0.344008790827516,-2.90395522907187,0.00368480848367844,0.0275081157065053,"unknown function","Wounded 4h vs 0h (injury-filtered)"
"pdam_00019388",112.999043321445,-0.894113032308486,0.2510411470355,-3.56161945110157,0.000368574351333767,0.00484945408999701,"unknown function","Wounded 4h vs 0h (injury-filtered)"
"pdam_00019447",349.445873762322,-0.46503127997529,0.149378573945429,-3.11310563284113,0.00185129743643125,0.0165564127543961,"MAEA: Macrophage erythroblast attacher (Pongo abelii)","Wounded 4h vs 0h (injury-filtered)"
"pdam_00019448",73.5432467313261,0.861288393636235,0.298412071853864,2.88623844298771,0.00389876657792895,0.0286009645751022,"TMC7: Transmembrane channel-like protein 7 (Macaca fascicularis)","Wounded 4h vs 0h (injury-filtered)"
"pdam_00019450",398.487023778287,0.730842612070097,0.261491679693828,2.79489815096915,0.0051916068260681,0.0352774107911659,"Rnf213: E3 ubiquitin-protein ligase RNF213 (Mus musculus)","Wounded 4h vs 0h (injury-filtered)"
"pdam_00019501",46.5827464354921,1.15214323327673,0.392470692254461,2.93561597340809,0.00332886150734829,0.0257187930067504,"Athl1: Acid trehalase-like protein 1 (Mus musculus)","Wounded 4h vs 0h (injury-filtered)"
"pdam_00019507",234.657993012306,0.731224388231762,0.213004130088437,3.43291178404928,0.000597136350431217,0.0071290428912206,"TRIADDRAFT_58679: DDRGK domain-containing protein 1 (Trichoplax adhaerens)","Wounded 4h vs 0h (injury-filtered)"
"pdam_00019510",633.952138181243,0.574369548616277,0.192845503028982,2.97839223417077,0.0028976490684195,0.0232406374172583,"Cfap58: Cilia- and flagella-associated protein 58 (Mus musculus)","Wounded 4h vs 0h (injury-filtered)"
"pdam_00019561",290.661577925939,-0.439934224964205,0.159006089027403,-2.76677596219845,0.00566136465786901,0.0376341355930618,"chmp7: Charged multivesicular body protein 7 (Danio rerio)","Wounded 4h vs 0h (injury-filtered)"
"pdam_00019569",20.3243880299354,1.92627197551717,0.623592464124481,3.08899174755365,0.00200837017681835,0.0175491836449408,"FBXL20: F-box/LRR-repeat protein 20 (Homo sapiens)","Wounded 4h vs 0h (injury-filtered)"
"pdam_00019589",12.2607606912149,2.81386620659219,0.830209594085321,3.38934436151915,0.000700599673733152,0.00804493021197667,"Pxdn: Peroxidasin homolog (Mus musculus)","Wounded 4h vs 0h (injury-filtered)"
"pdam_00019648",1604.51702746655,-0.961489281940097,0.243621961481044,-3.94664453112084,7.92540875221785e-05,0.00144854165936058,"G6PD: Glucose-6-phosphate 1-dehydrogenase (Macropus robustus)","Wounded 4h vs 0h (injury-filtered)"
"pdam_00019651",1564.64463001044,-0.582402600751346,0.214807690305165,-2.71127444238127,0.00670251251662219,0.0423701602451957,"fbxl5: F-box/LRR-repeat protein 5 (Salmo salar)","Wounded 4h vs 0h (injury-filtered)"
"pdam_00019683",303.430908581193,0.480335496888855,0.157208980134749,3.05539477755751,0.00224764455121436,0.0191614212759915,"HS1BP3: HCLS1-binding protein 3 (Homo sapiens)","Wounded 4h vs 0h (injury-filtered)"
"pdam_00019723",167.71055054918,-1.18032645119649,0.434683912566963,-2.71536722908894,0.00662023157797891,0.0419583179936675,"unknown function","Wounded 4h vs 0h (injury-filtered)"
"pdam_00019791",121.139618481908,-0.806975194447456,0.242008947815496,-3.33448495079068,0.000854575245646749,0.00929621701228926,"DERL1: Derlin-1 (Homo sapiens)","Wounded 4h vs 0h (injury-filtered)"
"pdam_00019802",100.340741529548,-0.73808359443587,0.269867249558966,-2.73498764908336,0.00623826167100571,0.0403275860059283,"unknown function","Wounded 4h vs 0h (injury-filtered)"
"pdam_00019824",352.559957982866,-0.533263093663395,0.193626411797672,-2.75408240390584,0.00588569470133768,0.0386162839493812,"POLR3H: DNA-directed RNA polymerase III subunit RPC8 (Homo sapiens)","Wounded 4h vs 0h (injury-filtered)"
"pdam_00019851",29072.2516911432,0.685192325041938,0.176321935440421,3.88602996745951,0.000101896933424436,0.00176993011816468,"Actin%2C cytoplasmic (Pisaster ochraceus)","Wounded 4h vs 0h (injury-filtered)"
"pdam_00019858",125.566711036417,1.13340128418869,0.372788895518701,3.04033005760988,0.00236319014858828,0.0199677338134043,"unknown function","Wounded 4h vs 0h (injury-filtered)"
"pdam_00019934",170.030406269223,1.04989853370141,0.256137745780084,4.09896062176964,4.15009629633454e-05,0.000853108524033086,"VWA3A: von Willebrand factor A domain-containing protein 3A (Homo sapiens)","Wounded 4h vs 0h (injury-filtered)"
"pdam_00019991",619.680242139891,0.450345267854335,0.146191513749306,3.08051579947795,0.00206642390964936,0.0179212455371396,"CD163: Scavenger receptor cysteine-rich type 1 protein M130 (Canis lupus familiaris)","Wounded 4h vs 0h (injury-filtered)"
"pdam_00020003",82.242039785853,-0.954159452052034,0.323291048358819,-2.95139459287786,0.00316342498364324,0.0247812275236901,"unknown function","Wounded 4h vs 0h (injury-filtered)"
"pdam_00020084",37.3331250876297,-0.998049835656656,0.351843628988135,-2.83662898352584,0.00455925585043232,0.032126544307362,"unknown function","Wounded 4h vs 0h (injury-filtered)"
"pdam_00020120",86.8989384446517,0.786538874599271,0.297607555475467,2.64287266948809,0.00822059435538683,0.0493984821692085,"Pathogenesis-related leaf protein 4 (Solanum lycopersicum)","Wounded 4h vs 0h (injury-filtered)"
"pdam_00020129",442.155388006206,-0.955282578337228,0.357620073772521,-2.67122191508991,0.0075575664373225,0.0463253014437516,"grn: Granulin (Dictyostelium discoideum)","Wounded 4h vs 0h (injury-filtered)"
"pdam_00020130",343.598521732181,-1.15958359726257,0.412141428354066,-2.81355747684357,0.00489966260898025,0.0338299701040505,"GRN: Granulins (Homo sapiens)","Wounded 4h vs 0h (injury-filtered)"
"pdam_00020181",65.1250388084657,-1.15017721328144,0.373655574715134,-3.078174905214,0.00208272635281442,0.0180243617327867,"Gpr50: Melatonin-related receptor (Mus musculus)","Wounded 4h vs 0h (injury-filtered)"
"pdam_00020200",149.657996367869,0.560753866687735,0.193811231610561,2.89329912424528,0.00381218050982234,0.0281828472015499,"Minpp1: Multiple inositol polyphosphate phosphatase 1 (Mus musculus)","Wounded 4h vs 0h (injury-filtered)"
"pdam_00020215",874.666647329361,-0.343894562132428,0.129324949259286,-2.65915095348654,0.00783378551636967,0.047606176110097,"PDHA1: Pyruvate dehydrogenase E1 component subunit alpha%2C somatic form%2C mitochondrial (Bos taurus)","Wounded 4h vs 0h (injury-filtered)"
"pdam_00020369",625.839923563507,0.465515772527722,0.172311494561596,2.70159442184697,0.0069007883134542,0.0433200713459754,"NOP58: Nucleolar protein 58 (Homo sapiens)","Wounded 4h vs 0h (injury-filtered)"
"pdam_00020381",162.488370826752,-0.54027691374342,0.193870073989082,-2.7867989247987,0.0053231497509794,0.0359858356982614,"pats1: Probable serine/threonine-protein kinase pats1 (Dictyostelium discoideum)","Wounded 4h vs 0h (injury-filtered)"
"pdam_00020384",1235.93701078436,-0.419991803412117,0.128570536179418,-3.26662558850985,0.0010883752033648,0.0110532510954365,"FAR1: Fatty acyl-CoA reductase 1 (Pongo abelii)","Wounded 4h vs 0h (injury-filtered)"
"pdam_00020400",189.308753280231,-0.56912132909579,0.167506673788341,-3.39760390571018,0.000679787671048246,0.00788516903413473,"Ints10: Integrator complex subunit 10 (Mus musculus)","Wounded 4h vs 0h (injury-filtered)"
"pdam_00020414",11333.4378218109,0.597029722380864,0.20511557080574,2.91069917332749,0.00360621040329256,0.0271042837150582,"Flnc: Filamin-C (Rattus norvegicus)","Wounded 4h vs 0h (injury-filtered)"
"pdam_00020423",641.058064840878,0.295956711302756,0.105114915259127,2.81555391614188,0.00486932256466529,0.0336475880889245,"ARID2: AT-rich interactive domain-containing protein 2 (Homo sapiens)","Wounded 4h vs 0h (injury-filtered)"
"pdam_00020436",14.2819930940044,-1.76478354827324,0.629865053295101,-2.80184388551306,0.00508114552800205,0.0346918195667332,"adgrl4: Adhesion G protein-coupled receptor L4 (Danio rerio)","Wounded 4h vs 0h (injury-filtered)"
"pdam_00020442",325.223495097525,-0.794987357979092,0.276844734568974,-2.87160006570768,0.00408399460058065,0.0297434169211362,"PARP1: Poly [ADP-ribose] polymerase 1 (Gallus gallus)","Wounded 4h vs 0h (injury-filtered)"
"pdam_00020449",246.236799618755,0.932371328381311,0.252216153325182,3.6967153613639,0.000218406986866662,0.00320579570448807,"Banf1: Barrier-to-autointegration factor (Mus musculus)","Wounded 4h vs 0h (injury-filtered)"
"pdam_00020504",604.368793913992,0.656313877272742,0.198355770437388,3.30877128417049,0.00093706352903074,0.00994737903511022,"unknown function","Wounded 4h vs 0h (injury-filtered)"
"pdam_00020536",172.391207472798,-0.822434966946625,0.277503230710668,-2.9636951066855,0.0030396929720031,0.0240039135476836,"F31E3.2: Putative serine/threonine-protein kinase F31E3.2 (Caenorhabditis elegans)","Wounded 4h vs 0h (injury-filtered)"
"pdam_00020537",1130.69073870454,0.282518480441983,0.0879804560100027,3.2111504447063,0.00132204702153098,0.0127547406511689,"rsrc2: Arginine/serine-rich coiled-coil protein 2 (Danio rerio)","Wounded 4h vs 0h (injury-filtered)"
"pdam_00020557",33.3929595898438,-1.11952301641809,0.336368811049402,-3.3282604678044,0.000873901191702616,0.009458435625347,"RCHY1: RING finger and CHY zinc finger domain-containing protein 1 (Homo sapiens)","Wounded 4h vs 0h (injury-filtered)"
"pdam_00020559",357.39742691308,-0.83471241422532,0.193242136451156,-4.31951555470564,1.56372087464098e-05,0.000384311160890444,"unknown function","Wounded 4h vs 0h (injury-filtered)"
"pdam_00020565",397.796533100291,-0.562686455786539,0.186749398693776,-3.01305631890794,0.00258630915739309,0.0213788255517585,"Ermp1: Endoplasmic reticulum metallopeptidase 1 (Mus musculus)","Wounded 4h vs 0h (injury-filtered)"
"pdam_00020569",312.925361785653,-0.731131902539777,0.265183094905328,-2.75708337592483,0.00583194790236038,0.0383223130847322,"unknown function","Wounded 4h vs 0h (injury-filtered)"
"pdam_00020588",131.537754839171,-0.677939774289528,0.23925949554194,-2.83349161442452,0.00460425159616916,0.0323903526322216,"trim71: E3 ubiquitin-protein ligase TRIM71 (Xenopus tropicalis)","Wounded 4h vs 0h (injury-filtered)"
"pdam_00020605",313.720179264635,0.583106175553309,0.18292924083802,3.1876050700371,0.00143456326936456,0.0136693570557359,"WBSCR27: Williams-Beuren syndrome chromosomal region 27 protein (Homo sapiens)","Wounded 4h vs 0h (injury-filtered)"
"pdam_00020625",120.237549817264,-1.00733056559282,0.266452188579593,-3.78053027435321,0.00015649468747655,0.00245690926932049,"unknown function","Wounded 4h vs 0h (injury-filtered)"
"pdam_00020631",774.908120475404,-0.485853899846404,0.138469160147016,-3.50875169121098,0.000450215021346172,0.00567025945183645,"zyg11: Protein zyg-11 homolog (Danio rerio)","Wounded 4h vs 0h (injury-filtered)"
"pdam_00020633",51.6537610992438,-1.06036577484546,0.342521467430103,-3.09576442843497,0.00196306251401962,0.0173032101492814,"tctex1d1-a: Tctex1 domain-containing protein 1-A (Xenopus laevis)","Wounded 4h vs 0h (injury-filtered)"
"pdam_00020641",120.180010183279,1.0299006133037,0.356528931844268,2.88868734432347,0.00386853508273124,0.0284809481964413,"unknown function","Wounded 4h vs 0h (injury-filtered)"
"pdam_00020653",417.733733798422,0.534944135515131,0.160827323596722,3.32620181416756,0.000880381605504515,0.00949859172106319,"Hif1an: Hypoxia-inducible factor 1-alpha inhibitor (Mus musculus)","Wounded 4h vs 0h (injury-filtered)"
"pdam_00020686",24.9392790471478,-1.85621228833377,0.666424013234218,-2.7853322381428,0.00534729022137204,0.0360921037618907,"DDB_G0281931: Putative leucine-rich repeat-containing protein DDB_G0281931 (Dictyostelium discoideum)","Wounded 4h vs 0h (injury-filtered)"
"pdam_00020697",613.525600270385,1.04712452727302,0.357597994135585,2.92821700469607,0.00340912017233658,0.0261152619457276,"Tmprss6: Transmembrane protease serine 6 (Mus musculus)","Wounded 4h vs 0h (injury-filtered)"
"pdam_00020766",181.188353757293,-0.690273376010327,0.250248272558357,-2.7583542094156,0.005809321196628,0.0382414588806982,"Brf1: Transcription factor IIIB 90 kDa subunit (Mus musculus)","Wounded 4h vs 0h (injury-filtered)"
"pdam_00020798",77.6089757930583,-1.26569598533464,0.389988755014203,-3.24546789891043,0.00117257783913211,0.0116740269884325,"MAD2L2: Mitotic spindle assembly checkpoint protein MAD2B (Bos taurus)","Wounded 4h vs 0h (injury-filtered)"
"pdam_00020831",336.143386879164,0.50730784061856,0.184957915424519,2.74282849400728,0.00609124904589952,0.0396312613445546,"Zfp26: Zinc finger protein 26 (Mus musculus)","Wounded 4h vs 0h (injury-filtered)"
"pdam_00020856",227.363523855473,-0.593890494932671,0.203179800735693,-2.92298000481473,0.00346698779601716,0.0264404087077038,"LEPROTL1: Leptin receptor overlapping transcript-like 1 (Bos taurus)","Wounded 4h vs 0h (injury-filtered)"
"pdam_00020885",2138.50315290361,-0.284031462544477,0.0990958443979319,-2.86622980277471,0.00415392587989492,0.0300484832425816,"CLIC1: Chloride intracellular channel protein 1 (Homo sapiens)","Wounded 4h vs 0h (injury-filtered)"
"pdam_00020926",172.622986114212,0.557483344343186,0.19214387204084,2.90138498002524,0.00371517139683971,0.0276685049641268,"RAB23: Ras-related protein Rab-23 (Homo sapiens)","Wounded 4h vs 0h (injury-filtered)"
"pdam_00020941",95.9051699906629,2.30872843828544,0.550510946358823,4.19379206454618,2.74329468362741e-05,0.000608887852498923,"Mmp9: Matrix metalloproteinase-9 (Mus musculus)","Wounded 4h vs 0h (injury-filtered)"
"pdam_00020944",174.981804985385,-0.590541929770212,0.188947569511867,-3.12542749978651,0.00177546829424742,0.0161221548922552,"C5orf51: UPF0600 protein C5orf51 (Homo sapiens)","Wounded 4h vs 0h (injury-filtered)"
"pdam_00020962",1295.01373552998,0.736532175095634,0.220465489249049,3.34080484707342,0.000835359176523046,0.00915186267690773,"Proser1: Proline and serine-rich protein 1 (Mus musculus)","Wounded 4h vs 0h (injury-filtered)"
"pdam_00021005",332.287914207483,-0.635329602959305,0.191344152726249,-3.32035023755471,0.000899045812321323,0.00963327587902298,"unknown function","Wounded 4h vs 0h (injury-filtered)"
"pdam_00021030",263.316802783314,0.817294592718216,0.29472464289666,2.77307857492183,0.00555287111060924,0.0371433563481408,"sll1541: Apocarotenoid-15%2C15'-oxygenase (Synechocystis sp. (strain PCC 6803 / Kazusa))","Wounded 4h vs 0h (injury-filtered)"
"pdam_00021033",231.998930408276,-0.617523789956148,0.205991551647625,-2.99781124525195,0.00271926034011093,0.0222737693601824,"unknown function","Wounded 4h vs 0h (injury-filtered)"
"pdam_00021061",81.0648717630473,-0.895030887220537,0.300162218671006,-2.98182393235019,0.00286536735460244,0.0230520215519964,"tmem107: Transmembrane protein 107 (Xenopus laevis)","Wounded 4h vs 0h (injury-filtered)"
"pdam_00021066",335.567501179093,1.32392184806499,0.275193299697038,4.81087965994267,1.50267475106024e-06,5.51645737305711e-05,"Slc26a6: Solute carrier family 26 member 6 (Mus musculus)","Wounded 4h vs 0h (injury-filtered)"
"pdam_00021088",953.615009299466,0.515999317171506,0.183726217546622,2.80852305164649,0.00497693192188588,0.03423937434543,"Kif13a: Kinesin-like protein KIF13A (Mus musculus)","Wounded 4h vs 0h (injury-filtered)"
"pdam_00021135",26.2932430979832,-1.81380020290948,0.583029078553618,-3.11099440770461,0.00186458470448247,0.0166297921225138,"Trpm6: Transient receptor potential cation channel subfamily M member 6 (Mus musculus)","Wounded 4h vs 0h (injury-filtered)"
"pdam_00021160",2415.33650137781,0.429492089001034,0.140988532276164,3.04629094343473,0.00231683530184441,0.0196341198293725,"edem3: ER degradation-enhancing alpha-mannosidase-like protein 3 (Xenopus laevis)","Wounded 4h vs 0h (injury-filtered)"
"pdam_00021239",144.890679967276,1.14394665157782,0.43341721229494,2.63936599453593,0.00830612541723508,0.0497554906195242,"Pcsk5: Proprotein convertase subtilisin/kexin type 5 (Rattus norvegicus)","Wounded 4h vs 0h (injury-filtered)"
"pdam_00021336",15.4029089820776,-3.86229317167723,0.900592544039273,-4.28861331047041,1.79792071780729e-05,0.000429896133697185,"Stra6l: Stimulated by retinoic acid gene 6 protein-like (Mus musculus)","Wounded 4h vs 0h (injury-filtered)"
"pdam_00021355",23.555684140979,-1.38566853200617,0.46156207114025,-3.00212824806639,0.00268099202521683,0.0220340015725395,"unknown function","Wounded 4h vs 0h (injury-filtered)"
"pdam_00021384",886.245856955197,-0.543561650651958,0.199194281577683,-2.72880148138177,0.00635649571196705,0.040858793482228,"unknown function","Wounded 4h vs 0h (injury-filtered)"
"pdam_00021428",17.0461878930428,-2.04233440804014,0.56404564537041,-3.6208672556969,0.000293617142035482,0.00403347138065409,"unknown function","Wounded 4h vs 0h (injury-filtered)"
"pdam_00021437",357.788619128257,-0.553884424816465,0.209336892281911,-2.64589972067875,0.00814739651034526,0.0490962972841333,"POLD3: DNA polymerase delta subunit 3 (Homo sapiens)","Wounded 4h vs 0h (injury-filtered)"
"pdam_00021456",62.8068804850203,1.11627095603357,0.37661416459848,2.96396434590732,0.00303703472832729,0.0239939739089599,"pax3-b: Paired box protein Pax-3-B (Xenopus laevis)","Wounded 4h vs 0h (injury-filtered)"
"pdam_00021474",294.46977769296,-0.640989358958254,0.162273221111171,-3.95006245989979,7.81308017532831e-05,0.00142953518170575,"STRADA: STE20-related kinase adapter protein alpha (Bos taurus)","Wounded 4h vs 0h (injury-filtered)"
"pdam_00021481",162.799932840278,-0.91696765601517,0.262215873880092,-3.4969952140826,0.000470530273673992,0.00589245508536663,"RTCA: RNA 3'-terminal phosphate cyclase (Macaca fascicularis)","Wounded 4h vs 0h (injury-filtered)"
"pdam_00021503",113.649240344645,0.95940016740971,0.330902478542085,2.89934415612935,0.00373944189379434,0.0277888997950629,"Hlx: H2.0-like homeobox protein (Mus musculus)","Wounded 4h vs 0h (injury-filtered)"
"pdam_00021517",22.5539668642528,-1.91722191530925,0.465240569200333,-4.12092590851357,3.77352776030897e-05,0.000793783557334196,"unknown function","Wounded 4h vs 0h (injury-filtered)"
"pdam_00021519",26.9706072750833,-1.79020508083526,0.477126756516731,-3.75205342476425,0.000175392074987792,0.00267875361781511,"Adgrd1: Adhesion G-protein coupled receptor D1 (Mus musculus)","Wounded 4h vs 0h (injury-filtered)"
"pdam_00021552",156.872727757354,-0.8756310254301,0.271106652233911,-3.22983968934339,0.00123859646843452,0.0121757441828219,"unknown function","Wounded 4h vs 0h (injury-filtered)"
"pdam_00021589",1867.42004953769,-0.859425904824942,0.296140710914831,-2.90208631623131,0.00370686387545907,0.0276306409916828,"abcB1: ABC transporter B family member 1 (Dictyostelium discoideum)","Wounded 4h vs 0h (injury-filtered)"
"pdam_00021625",37.0880792770122,-1.57204884840142,0.389282366527363,-4.03832534831993,5.38341530473119e-05,0.0010596242478107,"PTX4: Pentraxin-4 (Homo sapiens)","Wounded 4h vs 0h (injury-filtered)"
"pdam_00021634",11.2631336771076,3.20793357195911,1.18602172971722,2.70478482103695,0.00683486477359676,0.0429849309165601,"Slc16a10: Monocarboxylate transporter 10 (Rattus norvegicus)","Wounded 4h vs 0h (injury-filtered)"
"pdam_00021666",346.34076237649,-0.700879508746278,0.215844527371517,-3.24714977619009,0.00116567028845639,0.0116332483289453,"ntmt1-b: N-terminal Xaa-Pro-Lys N-methyltransferase 1-B (Xenopus laevis)","Wounded 4h vs 0h (injury-filtered)"
"pdam_00021709",76.3352019381754,-1.00196456667605,0.32712532520218,-3.0629379307664,0.00219175515649536,0.0187783360334615,"TTC28: Tetratricopeptide repeat protein 28 (Homo sapiens)","Wounded 4h vs 0h (injury-filtered)"
"pdam_00021753",294.208110882384,-0.417338624456099,0.155419150057307,-2.68524582911576,0.00724764767992107,0.0448893323065632,"MDP1: Magnesium-dependent phosphatase 1 (Homo sapiens)","Wounded 4h vs 0h (injury-filtered)"
"pdam_00021773",34.564264713003,1.78184033836265,0.528025914460544,3.37453198709585,0.00073941322232182,0.00837285355580269,"unknown function","Wounded 4h vs 0h (injury-filtered)"
"pdam_00021781",1331.02886850374,-0.391833849669657,0.129073918305537,-3.03573219759338,0.00239952384515167,0.0201802924482869,"PDE6D: Retinal rod rhodopsin-sensitive cGMP 3'%2C5'-cyclic phosphodiesterase subunit delta (Canis lupus familiaris)","Wounded 4h vs 0h (injury-filtered)"
"pdam_00021836",202.594495406801,0.705204779868928,0.1932441908772,3.64929355272088,0.000262962472626651,0.0036922429407955,"CUX1: Protein CASP (Homo sapiens)","Wounded 4h vs 0h (injury-filtered)"
"pdam_00021859",375.103308373894,0.798101854036278,0.278163608535658,2.86918140815667,0.00411535691062129,0.0298956266422421,"UPF0602 protein C4orf47 homolog (Xenopus laevis)","Wounded 4h vs 0h (injury-filtered)"
"pdam_00021903",123.924971794732,-0.671568819186574,0.253110736613838,-2.65326089351619,0.00797182281173918,0.0482588030665454,"CYP17A1: Steroid 17-alpha-hydroxylase/17%2C20 lyase (Squalus acanthias)","Wounded 4h vs 0h (injury-filtered)"
"pdam_00021972",17.2258460762887,-1.83834143778652,0.485298916192381,-3.78806005216334,0.000151828156388096,0.00240345513676594,"Grm2: Metabotropic glutamate receptor 2 (Mus musculus)","Wounded 4h vs 0h (injury-filtered)"
"pdam_00021997",31.0252772504342,2.63810623919861,0.598137285536324,4.41053634841227,1.03114894686433e-05,0.000272808912732132,"ROBO1: Roundabout homolog 1 (Homo sapiens)","Wounded 4h vs 0h (injury-filtered)"
"pdam_00022018",1426.48204225593,1.47360952616086,0.452844383880454,3.25411902767436,0.00113744610704725,0.0114237703920434,"F2: Prothrombin (Homo sapiens)","Wounded 4h vs 0h (injury-filtered)"
"pdam_00022054",254.379627295049,-1.15876260933406,0.238757383113718,-4.8533058715179,1.21420195740273e-06,4.72836442253304e-05,"Gamma-butyrobetaine dioxygenase (Pseudomonas sp. (strain AK-1))","Wounded 4h vs 0h (injury-filtered)"
"pdam_00022105",311.584508046507,-0.628765441337664,0.187406420088622,-3.35509018869433,0.000793391136058626,0.00878368595531988,"Idua: Alpha-L-iduronidase (Mus musculus)","Wounded 4h vs 0h (injury-filtered)"
"pdam_00022114",1107.97141802479,-0.351835982222257,0.107306818096394,-3.27878496878179,0.00104255043508711,0.0107155183807755,"Stxbp1: Syntaxin-binding protein 1 (Rattus norvegicus)","Wounded 4h vs 0h (injury-filtered)"
"pdam_00022122",187.246544135186,-0.825447738753642,0.224248036247827,-3.68095860532488,0.000232358729590475,0.00337018448400939,"unknown function","Wounded 4h vs 0h (injury-filtered)"
"pdam_00022123",573.043111225989,-0.774366761238916,0.185361611962139,-4.17760049150352,2.94600517711457e-05,0.000645860776936729,"NTF2: Nuclear transport factor 2 (Saccharomyces cerevisiae (strain ATCC 204508 / S288c))","Wounded 4h vs 0h (injury-filtered)"
"pdam_00022141",39.5557320637932,-1.14967557303899,0.38605151792638,-2.97803666001446,0.00290101283673196,0.0232406374172583,"unknown function","Wounded 4h vs 0h (injury-filtered)"
"pdam_00022158",31.0247855184395,-1.1120317679933,0.403312731827581,-2.75724439185,0.00582907668649259,0.038318132942189,"Folh1: Glutamate carboxypeptidase 2 (Rattus norvegicus)","Wounded 4h vs 0h (injury-filtered)"
"pdam_00022159",362.522876741114,-0.89327388263058,0.211202734276569,-4.22946173348704,2.34251118532504e-05,0.000532626150679212,"Naalad2: N-acetylated-alpha-linked acidic dipeptidase 2 (Mus musculus)","Wounded 4h vs 0h (injury-filtered)"
"pdam_00022256",42.4411471280327,-1.75040657270394,0.539467428053884,-3.244693713981,0.00117577014959332,0.0116990153480139,"unknown function","Wounded 4h vs 0h (injury-filtered)"
"pdam_00022271",389.872063026646,-0.569106135464692,0.163735124773272,-3.47577305879082,0.00050938313662849,0.00628263632687686,"KATNBL1: KATNB1-like protein 1 (Homo sapiens)","Wounded 4h vs 0h (injury-filtered)"
"pdam_00022283",12.592615703901,1.76077969611098,0.640275954026716,2.75003252119243,0.0059589350295648,0.0389477629229352,"F5: Coagulation factor V (Bos taurus)","Wounded 4h vs 0h (injury-filtered)"
"pdam_00022295",56.4135502470409,1.01075199825272,0.317981917823826,3.1786461480892,0.00147964603544598,0.0140042837778358,"TTLL12: Tubulin--tyrosine ligase-like protein 12 (Homo sapiens)","Wounded 4h vs 0h (injury-filtered)"
"pdam_00022298",1842.54436347758,-0.273940846335499,0.0970394223043287,-2.82298513151061,0.0047578778081155,0.0332121113747161,"Snx6: Sorting nexin-6 (Mus musculus)","Wounded 4h vs 0h (injury-filtered)"
"pdam_00022321",11.7626089019916,-2.34931388781525,0.784175334968363,-2.99590382794943,0.00273632718554999,0.0223708122408532,"Adrb2: Beta-2 adrenergic receptor (Mus musculus)","Wounded 4h vs 0h (injury-filtered)"
"pdam_00022349",677.93796654342,-0.633186717870382,0.164588867513429,-3.84708107806088,0.000119533421396239,0.00200125095353234,"unknown function","Wounded 4h vs 0h (injury-filtered)"
"pdam_00022365",2358.46693104575,-0.384578101443083,0.119256033693092,-3.22481043125082,0.00126056108462708,0.0123491767056267,"PRPF39: Pre-mRNA-processing factor 39 (Homo sapiens)","Wounded 4h vs 0h (injury-filtered)"
"pdam_00022393",1772.05348520003,0.578969273821987,0.133425083265587,4.33928358635183,1.42947959879193e-05,0.000359374797022145,"unknown function","Wounded 4h vs 0h (injury-filtered)"
"pdam_00022399",555.673662161121,-0.513900122736659,0.182448629396704,-2.81668393144938,0.00485222505913081,0.0336075744300142,"Babam1: BRISC and BRCA1-A complex member 1 (Mus musculus)","Wounded 4h vs 0h (injury-filtered)"
"pdam_00022405",374.61644595197,0.487427811546161,0.156060352862669,3.12332890836849,0.00178817795405915,0.0162203824573493,"SREK1: Splicing regulatory glutamine/lysine-rich protein 1 (Homo sapiens)","Wounded 4h vs 0h (injury-filtered)"
"pdam_00022409",82.9699469033651,-0.973868461979424,0.35225315117491,-2.76468346338753,0.00569780562718742,0.0377303521970818,"itln: Intelectin (Oncorhynchus mykiss)","Wounded 4h vs 0h (injury-filtered)"
"pdam_00022448",157.681411485839,-0.723728667205234,0.220682311502027,-3.27950465209164,0.0010398949568067,0.0107020698794406,"CRCP: DNA-directed RNA polymerase III subunit RPC9 (Bos taurus)","Wounded 4h vs 0h (injury-filtered)"
"pdam_00022473",120.101073156073,1.32525941396193,0.410993779684765,3.22452426160419,0.00126182164169023,0.0123503145993861,"unknown function","Wounded 4h vs 0h (injury-filtered)"
"pdam_00022505",507.980877508966,-0.744974643580527,0.248184929067166,-3.0016917077947,0.00268483927128221,0.022054275429293,"COMMD10: COMM domain-containing protein 10 (Homo sapiens)","Wounded 4h vs 0h (injury-filtered)"
"pdam_00022549",42.4839958056023,-1.29816373756486,0.329770235148827,-3.9365703729416,8.26543896563859e-05,0.00149633247758087,"unknown function","Wounded 4h vs 0h (injury-filtered)"
"pdam_00022550",87.9374791941497,-0.732029025096077,0.266561071871062,-2.74619628424275,0.00602906803269514,0.0393311804994389,"unknown function","Wounded 4h vs 0h (injury-filtered)"
"pdam_00022662",129.483876107526,-0.586521302980302,0.214834955971319,-2.73010181387149,0.00633147681981709,0.0407305210502605,"WWOX: WW domain-containing oxidoreductase (Gallus gallus)","Wounded 4h vs 0h (injury-filtered)"
"pdam_00022714",129.505298834174,-1.01233170890855,0.293813644421067,-3.44548909872194,0.00057002695872296,0.00688207195799045,"unknown function","Wounded 4h vs 0h (injury-filtered)"
"pdam_00022718",144.31287864809,1.71165382656991,0.352725900339314,4.85264570853272,1.21825214855594e-06,4.72836442253304e-05,"Hmcn2: Hemicentin-2 (Mus musculus)","Wounded 4h vs 0h (injury-filtered)"
"pdam_00022751",430.897408869913,1.33580850026128,0.282098394530709,4.73525736466348,2.18777297671581e-06,7.48400477312757e-05,"cyp17a1: Steroid 17-alpha-hydroxylase/17%2C20 lyase (Oryzias latipes)","Wounded 4h vs 0h (injury-filtered)"
"pdam_00022752",1504.40576601589,1.3450373328496,0.46689909059151,2.8807880759536,0.00396682262405978,0.0290256965714387,"cyp17a1: Steroid 17-alpha-hydroxylase/17%2C20 lyase (Oryzias latipes)","Wounded 4h vs 0h (injury-filtered)"
"pdam_00022773",28.2725475462909,-1.5882121402921,0.480742105499386,-3.30366764659045,0.000954288922582016,0.0100936463811928,"unknown function","Wounded 4h vs 0h (injury-filtered)"
"pdam_00022815",2063.53249837497,0.307922360159116,0.111244024567445,2.76799011323462,0.00564031666945036,0.0375527051610535,"FUBP1: Far upstream element-binding protein 1 (Homo sapiens)","Wounded 4h vs 0h (injury-filtered)"
"pdam_00022847",365.977171758026,0.411409533245919,0.131503182167879,3.12851389953977,0.00175692701021145,0.0160472864480901,"KLHDC3: Kelch domain-containing protein 3 (Bos taurus)","Wounded 4h vs 0h (injury-filtered)"
"pdam_00022873",2114.63594170691,0.402078614675543,0.151223748860397,2.65883247641693,0.00784119411038936,0.0476193524011744,"SEC24C: Protein transport protein Sec24C (Homo sapiens)","Wounded 4h vs 0h (injury-filtered)"
"pdam_00022885",1003.46542039358,1.15484940728794,0.348191719589283,3.31670554558326,0.000910855588042093,0.00972335504445432,"Mlc-c: Myosin-2 essential light chain (Drosophila melanogaster)","Wounded 4h vs 0h (injury-filtered)"
"pdam_00022908",51.6115732930568,-1.7764246453051,0.569184494873546,-3.12099971328236,0.00180238209678316,0.0162974887485498,"cyp3a56: Cytochrome P450 3A56 (Fundulus heteroclitus)","Wounded 4h vs 0h (injury-filtered)"
"pdam_00022954",166.096372085901,-0.836924868332009,0.274121564700257,-3.05311575631475,0.00226478556711632,0.0192596645648027,"GSTM3: Glutathione S-transferase Mu 3 (Homo sapiens)","Wounded 4h vs 0h (injury-filtered)"
"pdam_00022972",1465.71367818698,0.729491194002624,0.199560435424069,3.65549008976877,0.000256691125050002,0.00362496923217235,"unknown function","Wounded 4h vs 0h (injury-filtered)"
"pdam_00023043",60.2048753419801,1.25734117206119,0.370945782473592,3.38955510877307,0.000700061361495629,0.00804413671681036,"GGT1: Gamma-glutamyltranspeptidase 1 (Sus scrofa)","Wounded 4h vs 0h (injury-filtered)"
"pdam_00023068",373.858629691331,0.496828425256299,0.171975626777195,2.88894673371344,0.00386534544580432,0.0284809481964413,"TTC28: Tetratricopeptide repeat protein 28 (Homo sapiens)","Wounded 4h vs 0h (injury-filtered)"
"pdam_00023141",121.558282581645,0.909776160524377,0.310276460745631,2.9321468935738,0.00336627483478676,0.0259144210900693,"unknown function","Wounded 4h vs 0h (injury-filtered)"
"pdam_00023189",49.5866870504486,-1.02939218383842,0.360070868368958,-2.85885994749129,0.00425166449245115,0.03056206962624,"MKRN2OS: MKRN2 opposite strand protein (Homo sapiens)","Wounded 4h vs 0h (injury-filtered)"
"pdam_00023199",149.719730113591,-0.594511041658764,0.163774773912417,-3.63005258658879,0.00028336348382622,0.00391335765565551,"GALK1: Galactokinase (Homo sapiens)","Wounded 4h vs 0h (injury-filtered)"
"pdam_00023206",265.217422072453,0.571271125413764,0.216588532614734,2.63758712669215,0.00834981730940534,0.0499997443075254,"Prkaa2: 5'-AMP-activated protein kinase catalytic subunit alpha-2 (Mus musculus)","Wounded 4h vs 0h (injury-filtered)"
"pdam_00023272",89.049863122542,-1.60483515638046,0.587632812447564,-2.73101692483121,0.00631392290549711,0.0406481014990021,"unknown function","Wounded 4h vs 0h (injury-filtered)"
"pdam_00023282",140.035535865654,0.550738789342825,0.204450012710822,2.69375766741477,0.00706515120591495,0.0441417464556144,"ago2: Protein argonaute-2 (Xenopus laevis)","Wounded 4h vs 0h (injury-filtered)"
"pdam_00023410",49.4778305801962,-1.13346883308073,0.405036196905125,-2.79843836610542,0.00513503685416745,0.034999668773795,"ACX1: Peroxisomal acyl-coenzyme A oxidase 1 (Arabidopsis thaliana)","Wounded 4h vs 0h (injury-filtered)"
"pdam_00023438",27.1541682416417,-1.64443538666957,0.491518827896497,-3.34562033708269,0.000820987255861994,0.0090282267572149,"unknown function","Wounded 4h vs 0h (injury-filtered)"
"pdam_00023485",67.053944761122,1.07125552350448,0.273979480691749,3.90998450248812,9.23020428132538e-05,0.00163642835779775,"unknown function","Wounded 4h vs 0h (injury-filtered)"
"pdam_00023506",12.1425937621314,-2.66368736508097,0.838020542632128,-3.17854662215633,0.00148015411837602,0.0140042837778358,"unknown function","Wounded 4h vs 0h (injury-filtered)"
"pdam_00023550",13.1980452713338,2.20760927324912,0.706968223421145,3.12264285736367,0.00179235097568004,0.0162377625946783,"unknown function","Wounded 4h vs 0h (injury-filtered)"
"pdam_00023653",11.2498143229914,2.53457653047194,0.854007120142435,2.96786346470883,0.00299877504077119,0.0238234473118541,"unknown function","Wounded 4h vs 0h (injury-filtered)"
"pdam_00023749",10.9365807246836,-2.27760918968227,0.786484672848615,-2.89593588827722,0.00378029622562665,0.0280196275365946,"unknown function","Wounded 4h vs 0h (injury-filtered)"
"pdam_00023756",23.4835495510457,-1.23570886657906,0.456383123004246,-2.70761297754553,0.00677690003435827,0.0427144022753817,"unknown function","Wounded 4h vs 0h (injury-filtered)"
"pdam_00023798",324.309635517104,-0.591792747609137,0.204781845275993,-2.88986920110791,0.00385402147558481,0.0284186426569574,"Ddo: D-aspartate oxidase (Mus musculus)","Wounded 4h vs 0h (injury-filtered)"
"pdam_00023802",36.6400213145904,1.95598503494699,0.509861526321888,3.83630639687085,0.000124898570352413,0.00206685433409438,"unknown function","Wounded 4h vs 0h (injury-filtered)"
"pdam_00023803",212.467408604456,0.799644649633474,0.199089738131546,4.01650359851857,5.90679624302187e-05,0.0011455442849589,"Uncharacterized skeletal organic matrix protein 5 (Acropora millepora)","Wounded 4h vs 0h (injury-filtered)"
"pdam_00023805",430.155027931703,1.13229261328133,0.285760252585437,3.96238666167472,7.42042359051567e-05,0.00137085928917889,"Uncharacterized skeletal organic matrix protein 5 (Acropora millepora)","Wounded 4h vs 0h (injury-filtered)"
"pdam_00023828",181.532807104073,-0.969646113138437,0.223281688994083,-4.34270323512347,1.4074018831388e-05,0.000354830851243112,"SENP8: Sentrin-specific protease 8 (Homo sapiens)","Wounded 4h vs 0h (injury-filtered)"
"pdam_00023829",82.7962854453447,1.18736275019258,0.320139315463289,3.70889388725746,0.000208166638283074,0.00308453660045377,"Atxn7: Ataxin-7 (Mus musculus)","Wounded 4h vs 0h (injury-filtered)"
"pdam_00023832",78.416978414514,-0.823218317793405,0.296424256307604,-2.7771624631796,0.00548357622002514,0.0367659095487333,"RABA2A: Ras-related protein RABA2a (Arabidopsis thaliana)","Wounded 4h vs 0h (injury-filtered)"
"pdam_00023840",153.163324712692,-1.12264882854217,0.377610116364064,-2.97303694972991,0.00294868951892778,0.0235127130755804,"unknown function","Wounded 4h vs 0h (injury-filtered)"
"pdam_00023979",241.504278854863,-0.589654934207397,0.179747651118111,-3.28045974753761,0.00103638052212667,0.0106949591309371,"unknown function","Wounded 4h vs 0h (injury-filtered)"
"pdam_00024005",311.133433116135,-0.636876856916272,0.188465400275987,-3.37927734206722,0.000726766508942108,0.00825927435664422,"unknown function","Wounded 4h vs 0h (injury-filtered)"
"pdam_00024013",120.852325575606,-0.691521234109785,0.205067705521082,-3.37216058643956,0.000745809489379527,0.00841127021458316,"TLL1: Tolloid-like protein 1 (Homo sapiens)","Wounded 4h vs 0h (injury-filtered)"
"pdam_00024074",66.8861158260111,0.888649353192342,0.305662153247436,2.90729272090474,0.00364571868165184,0.0272816242157308,"unknown function","Wounded 4h vs 0h (injury-filtered)"
"pdam_00024107",106.58268614091,-0.559512734807296,0.206671604248876,-2.70725500409589,0.00678421240918336,0.0427447767523115,"unknown function","Wounded 4h vs 0h (injury-filtered)"
"pdam_00024108",37.0184697573859,-1.38889140916563,0.474758497481051,-2.92546929972762,0.0034393711013155,0.0262808916917104,"unknown function","Wounded 4h vs 0h (injury-filtered)"
"pdam_00024128",358.497886118348,-0.579954274729073,0.202258288084039,-2.8673943610563,0.00413866945932493,0.0299726263670014,"Aig1: Androgen-induced gene 1 protein (Mus musculus)","Wounded 4h vs 0h (injury-filtered)"
"pdam_00024230",48.1306586473139,-1.66321496986223,0.389389509336026,-4.27133995648289,1.94301945992763e-05,0.000455918598078917,"unknown function","Wounded 4h vs 0h (injury-filtered)"
"pdam_00024291",41.2087464007917,-3.35739528357984,1.10837534214283,-3.02911401573493,0.00245272098448101,0.0205019251867101,"unknown function","Wounded 4h vs 0h (injury-filtered)"
"pdam_00024330",112.376831572321,-1.28232281257379,0.354204551842912,-3.62028891470174,0.000294274241179552,0.00403926148181124,"unknown function","Wounded 4h vs 0h (injury-filtered)"
"pdam_00024388",149.263948462463,-0.897483261344252,0.217764756893626,-4.12134302238198,3.7667009090002e-05,0.000793320889237095,"ADGRD1: Adhesion G-protein coupled receptor D1 (Bos taurus)","Wounded 4h vs 0h (injury-filtered)"
"pdam_00024435",36.4407555381493,-1.50505340464822,0.377945147295089,-3.98220063260427,6.82801017081495e-05,0.00128073748761982,"unknown function","Wounded 4h vs 0h (injury-filtered)"
"pdam_00024454",141.891509719061,0.589856132052089,0.178998417808724,3.29531478139881,0.000983114876199888,0.010277147218031,"Kin: DNA/RNA-binding protein KIN17 (Mus musculus)","Wounded 4h vs 0h (injury-filtered)"
"pdam_00024495",112.339827565716,1.13312306937222,0.28402036752654,3.98958384301907,6.61893203872987e-05,0.00125167682889019,"COL1A2: Collagen alpha-2(I) chain (Fragment) (Oryctolagus cuniculus)","Wounded 4h vs 0h (injury-filtered)"
"pdam_00024503",55.8191171582805,1.00511478368991,0.366334727416591,2.74370598380892,0.00607499215916756,0.0395705416325109,"unknown function","Wounded 4h vs 0h (injury-filtered)"
"pdam_00024538",452.35063145191,0.681941540803134,0.177850073156435,3.83436187964514,0.000125890687430395,0.00207725692522299,"unknown function","Wounded 4h vs 0h (injury-filtered)"
"pdam_00024539",724.979419769167,-0.335547005168638,0.126019747026505,-2.66265417195342,0.00775270457601651,0.047282948150561,"Nbn: Nibrin (Mus musculus)","Wounded 4h vs 0h (injury-filtered)"
"pdam_00024621",321.549769439463,0.471363661159479,0.16028911807534,2.94070905635606,0.00327461947955854,0.0254257592199056,"ASB9: Ankyrin repeat and SOCS box protein 9 (Homo sapiens)","Wounded 4h vs 0h (injury-filtered)"
"pdam_00024639",15.8444777860801,-1.82522466250983,0.65039377195249,-2.80633785442085,0.00501081238399058,0.0344008514919662,"TRAF4: TNF receptor-associated factor 4 (Homo sapiens)","Wounded 4h vs 0h (injury-filtered)"
"pdam_00024667",41.7182986817497,1.29463308261624,0.41724100773916,3.10284238270651,0.00191671693008274,0.0169382448707931,"DENND6A: Protein DENND6A (Gallus gallus)","Wounded 4h vs 0h (injury-filtered)"
"pdam_00024729",54.3818709137637,-0.83844541078947,0.284451178512831,-2.94758986471082,0.00320261652392289,0.025010684348774,"unknown function","Wounded 4h vs 0h (injury-filtered)"
"pdam_00024741",134.317327378525,1.3061999452641,0.477015483326033,2.73827578123148,0.00617622597602559,0.0400322185757969,"nhl-1: RING finger protein nhl-1 (Caenorhabditis elegans)","Wounded 4h vs 0h (injury-filtered)"
"pdam_00024777",14.476648061335,-1.72468638578851,0.580625409917966,-2.97039426165001,0.00297417772901645,0.0236719141068979,"unknown function","Wounded 4h vs 0h (injury-filtered)"
"pdam_00024803",106.755185961786,-1.58188959937688,0.413178452943275,-3.8285868687205,0.000128881141218668,0.00211844514386659,"unknown function","Wounded 4h vs 0h (injury-filtered)"
"pdam_00024819",584.397024591502,-0.520353288467173,0.190121512684259,-2.73695112731056,0.00620115049264435,0.0401179336022244,"unknown function","Wounded 4h vs 0h (injury-filtered)"
"pdam_00024838",73.4437255145947,-0.950049771974814,0.351538404125196,-2.70254902686668,0.00688100357712734,0.043243374386463,"TTC28: Tetratricopeptide repeat protein 28 (Homo sapiens)","Wounded 4h vs 0h (injury-filtered)"
"pdam_00024862",81.5997617811609,0.940798292577992,0.302796171965176,3.1070349617438,0.00188974048064749,0.0167603263322403,"GBP3: Guanylate-binding protein 3 (Homo sapiens)","Wounded 4h vs 0h (injury-filtered)"
"pdam_00024863",147.837055964086,1.07273098325519,0.319788664284535,3.35449971516415,0.000795086350115521,0.00879416799121322,"unknown function","Wounded 4h vs 0h (injury-filtered)"
"pdam_00024941",133.134782054903,-0.959215207621436,0.292490217009189,-3.27947791700432,0.00103999349155087,0.0107020698794406,"TRAF6: TNF receptor-associated factor 6 (Macaca mulatta)","Wounded 4h vs 0h (injury-filtered)"
"pdam_00024958",73.7867577542096,-0.838833665457065,0.309641279203463,-2.70904986445904,0.00674761976653293,0.0425924864791754,"GPSM2: G-protein-signaling modulator 2 (Homo sapiens)","Wounded 4h vs 0h (injury-filtered)"
"pdam_00025058",49.0977499125462,-1.13913649114142,0.407740815324724,-2.79377596828076,0.00520965564229988,0.0353720143887481,"unknown function","Wounded 4h vs 0h (injury-filtered)"
"pdam_00025125",135.976401700849,0.829809323488062,0.265424710260851,3.12634540571807,0.00176993534599228,0.0160804300856872,"PXDNL: Peroxidasin-like protein (Homo sapiens)","Wounded 4h vs 0h (injury-filtered)"
"pdam_00025269",10.5423117883985,-2.20475617666371,0.794970270130697,-2.77338192320228,0.00554769689760203,0.0371232301375836,"Ectin (Fragment) (Acropora millepora)","Wounded 4h vs 0h (injury-filtered)"
"pdam_00025274",13.5364385742204,-1.63270170797289,0.60670949323297,-2.69107657978569,0.00712218439472543,0.044322198621639,"unknown function","Wounded 4h vs 0h (injury-filtered)"
"pdam_00025436",29.0818499721935,-1.49230001634204,0.485106912210562,-3.07622913378382,0.00209636677560878,0.0181058498745778,"HMCN1: Hemicentin-1 (Homo sapiens)","Wounded 4h vs 0h (injury-filtered)"
"pdam_00025479",169.508281995028,-0.721749765760894,0.238127297348133,-3.03094090345184,0.00243792958820607,0.020398177091364,"Mrc1: Macrophage mannose receptor 1 (Mus musculus)","Wounded 4h vs 0h (injury-filtered)"
"pdam_00025488",871.412533081773,-0.398567851884254,0.142965702504571,-2.78785642221783,0.0053058053168859,0.0359339578721528,"unknown function","Wounded 4h vs 0h (injury-filtered)"
"pdam_00025500",44.8003035677875,-1.23784119732157,0.414754213335016,-2.98451747450171,0.0028402597768324,0.0228732931390772,"unknown function","Wounded 4h vs 0h (injury-filtered)"
"pdam_00025503",184.197336008011,-0.679118632575543,0.16885875998966,-4.02181463737581,5.77514986513509e-05,0.00112510419645314,"unknown function","Wounded 4h vs 0h (injury-filtered)"
"pdam_00025555",157.277795895565,-0.957382758690495,0.356977903977654,-2.68191041524639,0.00732030599246587,0.0452677544002687,"unknown function","Wounded 4h vs 0h (injury-filtered)"
"pdam_00025699",160.503528949722,0.952204146220825,0.254388977611837,3.74310300375419,0.000181761675808686,0.00274790314820469,"unknown function","Wounded 4h vs 0h (injury-filtered)"
"pdam_00025704",74.6304585421424,0.884532622091782,0.31561864083499,2.8025360598211,0.00507025479464615,0.0346588708929081,"TTC28: Tetratricopeptide repeat protein 28 (Homo sapiens)","Wounded 4h vs 0h (injury-filtered)"
"pdam_00025728",117.288180604891,-0.848315138385084,0.265770172243968,-3.19191251306547,0.00141334134303363,0.0134987877353585,"unknown function","Wounded 4h vs 0h (injury-filtered)"
"pdam_00025737",32.884703053882,-1.26610538894319,0.478335421570209,-2.6468986653487,0.00812336913200719,0.0490031809989906,"YDJC: Carbohydrate deacetylase (Homo sapiens)","Wounded 4h vs 0h (injury-filtered)"
"pdam_00025812",201.430840754254,-0.653263087345503,0.202545977908372,-3.2252582553924,0.00125859078410119,0.0123369241867529,"unknown function","Wounded 4h vs 0h (injury-filtered)"
"pdam_00025815",102.073601206734,-0.884233685086043,0.268395601638518,-3.29451630238319,0.000985912256529455,0.0102980583410883,"unknown function","Wounded 4h vs 0h (injury-filtered)"
"pdam_00025944",1036.37352125671,-0.600771730095975,0.128193927985232,-4.68642890921621,2.78013326674409e-06,9.14829265356251e-05,"Nlrc5: Protein NLRC5 (Mus musculus)","Wounded 4h vs 0h (injury-filtered)"
"pdam_00025975",439.694066085594,-0.765167310384186,0.216463267713638,-3.53485983310773,0.000407991516132723,0.00523156810215364,"unknown function","Wounded 4h vs 0h (injury-filtered)"
"pdam_00025998",8.14035894836281,-1.93388838536836,0.664994047381713,-2.90812886669087,0.00363598472150149,0.0272206646573893,"unknown function","Wounded 4h vs 0h (injury-filtered)"
"pdam_00026005",140.44289431024,-0.813573813452647,0.21904740026776,-3.71414503188875,0.000203891842492993,0.00303167540997387,"unknown function","Wounded 4h vs 0h (injury-filtered)"
"pdam_00026011",81.4515900660911,-0.875472475494141,0.281037594450089,-3.11514364192873,0.00183855353679924,0.0164940668942366,"unknown function","Wounded 4h vs 0h (injury-filtered)"
"pdam_00026062",371.178503350998,-0.438922169311344,0.146869823149257,-2.98851159414339,0.00280339863798368,0.0227348468541117,"unknown function","Wounded 4h vs 0h (injury-filtered)"
